date,channel,channel_type,campaign,campaign_objective,adgroup,ad_name,impressions,clicks,spend_krw,signups,purchases_ch,revenue_krw_ch,clicks_af,installs,purchases_af,revenue_krw_af,creative_type,category,season,ab_flag,version,is_test,exclude_from_insight,roas,cpi_krw,ctr,cvr,cpc_krw,cpm_krw
2025-01-01,google,외부,GGL_CMP_01_플러스가입,플러스가입,논타겟,VID_플러스멤버십_겨울_A_v1,74501,1464,372882,142,43,2692197,1414,102,33,1955228,VID,플러스멤버십,겨울,A,v1,False,False,5.243556942947085,3655.705882317101,0.01965074294304748,0.06967213114749339,254.70081967195716,5005.060334760539
2025-01-01,google,외부,GGL_CMP_01_플러스가입,플러스가입,논타겟,IMG_플러스멤버십_겨울_B_v1,57143,1576,254765,151,44,2595379,1384,125,37,1872214,IMG,플러스멤버십,겨울,B,v1,False,False,7.348788098836154,2038.119999983695,0.027579931050171893,0.07931472081213241,161.65291878162333,4458.376354059036
2025-01-01,google,외부,GGL_CMP_01_플러스가입,플러스가입,논타겟,CRS_플러스멤버십_겨울_v1,81365,2503,418912,232,79,4207251,2157,167,68,3562626,CRS,플러스멤버십,겨울,N,v1,False,False,8.50447349323961,2508.455089805339,0.03076261291710157,0.0667199360766813,167.3639632440402,5148.5528175504805
2025-01-01,google,외부,GGL_CMP_01_플러스가입,플러스가입,논타겟,IMG_적립혜택_겨울_v2,81419,2547,454294,382,95,5622206,2439,319,82,4729646,IMG,적립혜택,겨울,N,v2,False,False,10.410980554442695,1424.119122252589,0.031282624448838336,0.1252453867294365,178.3643502158703,5579.7049828663385
2025-01-01,google,외부,GGL_CMP_01_플러스가입,플러스가입,유사타겟,VID_플러스멤버십_겨울_A_v1,77188,1544,378327,157,31,1562454,1332,119,25,1244673,VID,플러스멤버십,겨울,A,v1,False,False,3.2899396553774825,3179.2184873682418,0.020003109291599472,0.0770725388600537,245.03044041434907,4901.37067938015
2025-01-01,google,외부,GGL_CMP_01_플러스가입,플러스가입,유사타겟,IMG_플러스멤버십_겨울_B_v1,63394,1439,316168,212,62,3766568,1255,182,44,3012070,IMG,플러스멤버십,겨울,B,v1,False,False,9.526802206421872,1737.1868131772683,0.02269930908287815,0.12647671994431794,219.71369006239075,4987.348960469367
2025-01-01,google,외부,GGL_CMP_01_플러스가입,플러스가입,유사타겟,CRS_플러스멤버십_겨울_v1,88942,2651,500324,344,111,7252739,2332,243,83,5629761,CRS,플러스멤버십,겨울,N,v1,False,False,11.252230554600597,2058.9465020491402,0.02980594095028187,0.09166352319875833,188.73029045636034,5625.283892873944
2025-01-01,google,외부,GGL_CMP_01_플러스가입,플러스가입,유사타겟,IMG_적립혜택_겨울_v2,56828,1978,359608,205,60,3292792,1916,164,44,2541349,IMG,적립혜택,겨울,N,v2,False,False,7.066997953326936,2192.731707303703,0.03480678538748443,0.08291203235587315,181.80384226482215,6328.007320334935
2025-01-01,google,외부,GGL_CMP_02_리타겟팅,리타겟팅,리마케팅,VID_할인쿠폰_겨울_A_v1,42768,1283,243183,171,72,3602255,1256,138,50,2629265,VID,할인쿠폰,겨울,A,v1,False,False,10.811878297413838,1762.1956521611437,0.029999064721286245,0.10756040529999411,189.54247856571354,5686.097081930282
2025-01-01,google,외부,GGL_CMP_02_리타겟팅,리타겟팅,리마케팅,IMG_할인쿠폰_겨울_B_v1,31588,1190,194032,122,40,2179781,1165,99,35,1963467,IMG,할인쿠폰,겨울,B,v1,False,False,10.119294755504194,1959.9191918993947,0.037672533873621704,0.08319327731085446,163.05210084019913,6142.585792072745
2025-01-01,google,외부,GGL_CMP_02_리타겟팅,리타겟팅,리마케팅,CRS_특가_겨울_v1,29159,1155,172031,127,49,3019696,998,101,38,2779030,CRS,특가,겨울,N,v1,False,False,16.154239642854975,1703.277227705908,0.039610411879692733,0.08744588744581173,148.9445887444598,5899.756507424607
2025-01-01,google,외부,GGL_CMP_03_첫구매,첫구매,논타겟,VID_적립혜택_겨울_A_v1,84253,1807,463500,131,63,4708190,1606,110,51,3541012,VID,적립혜택,겨울,A,v1,False,False,7.639723840345183,4213.636363598058,0.021447307514272235,0.060874377421106324,256.502490315298,5501.287787971876
2025-01-01,google,외부,GGL_CMP_03_첫구매,첫구매,논타겟,IMG_적립혜택_겨울_B_v1,79578,2036,486459,186,50,2910286,1735,168,43,2603686,IMG,적립혜택,겨울,B,v1,False,False,5.352323628507222,2895.5892856970504,0.02558496066752085,0.08251473477402627,238.92878192522647,6112.9834878985885
2025-01-01,google,외부,GGL_CMP_03_첫구매,첫구매,논타겟,CRS_할인쿠폰_겨울_v1,60809,1116,385020,127,37,2334744,958,110,31,1743965,CRS,할인쿠폰,겨울,N,v1,False,False,4.529543919796363,3500.1818181499984,0.018352546498050973,0.09856630824363928,344.9999999996909,6331.628541827587
2025-01-01,google,외부,GGL_CMP_03_첫구매,첫구매,유사타겟,VID_적립혜택_겨울_A_v1,67730,1743,337507,191,71,3891289,1603,164,51,3056453,VID,적립혜택,겨울,A,v1,False,False,9.055969209527479,2057.9695121825735,0.025734534179831303,0.09409064830746179,193.63568559942993,4983.1241694964565
2025-01-01,google,외부,GGL_CMP_03_첫구매,첫구매,유사타겟,IMG_적립혜택_겨울_B_v1,89174,2429,478313,220,66,3643008,2171,182,48,2791439,IMG,적립혜택,겨울,B,v1,False,False,5.836009056830975,2628.0934065789666,0.027238881288267573,0.07492795389045907,196.91766158905025,5363.816807589596
2025-01-01,google,외부,GGL_CMP_03_첫구매,첫구매,유사타겟,CRS_할인쿠폰_겨울_v1,51053,1376,250347,153,72,3639127,1212,129,52,2721286,CRS,할인쿠폰,겨울,N,v1,False,False,10.870056361769821,1940.6744185896073,0.026952382817855426,0.09374999999993187,181.93822674405382,4903.668736411085
2025-01-01,meta,외부,META_CMP_01_신규유저,신규유저,논타겟,VID_플러스멤버십_겨울_A_v1,66218,1118,275075,91,24,979712,964,72,18,801478,VID,플러스멤버십,겨울,A,v1,False,False,2.913670817049885,3820.4861110580487,0.016883626808420416,0.06440071556344866,246.04203935577277,4154.081971669272
2025-01-01,meta,외부,META_CMP_01_신규유저,신규유저,논타겟,IMG_적립혜택_겨울_B_v1,59715,1068,299375,56,11,486377,1027,42,7,396012,IMG,적립혜택,겨울,B,v1,False,False,1.3227958246346512,7127.976190306477,0.017884953529263704,0.039325842696592395,280.31367041172257,5013.3969689356945
2025-01-01,meta,외부,META_CMP_01_신규유저,신규유저,논타겟,CRS_플러스멤버십_겨울_v1,50039,702,189131,61,13,729543,646,43,11,653353,CRS,플러스멤버십,겨울,N,v1,False,False,3.4544997911500315,4398.395348734922,0.014029057335278204,0.061253561253474,269.4173789169951,3779.671855952282
2025-01-01,meta,외부,META_CMP_02_룩얼라이크,룩얼라이크,유사타겟,VID_플러스멤버십_겨울_A_v1,67273,1520,321956,93,23,1001188,1371,66,17,928016,VID,플러스멤버십,겨울,A,v1,False,False,2.8824311396588267,4878.121212047301,0.022594502995257792,0.04342105263155038,211.81315789459748,4785.813030487643
2025-01-01,meta,외부,META_CMP_02_룩얼라이크,룩얼라이크,유사타겟,IMG_할인쿠폰_겨울_B_v1,45103,950,186023,69,21,1308093,876,59,14,1023332,IMG,할인쿠폰,겨울,B,v1,False,False,5.5011047021067,3152.932203336391,0.021062900472251934,0.06210526315782936,195.8136842103202,4124.404141631286
2025-01-01,meta,외부,META_CMP_02_룩얼라이크,룩얼라이크,유사타겟,CRS_특가_겨울_v1,67264,1268,287277,112,20,1048405,1160,99,14,966381,CRS,특가,겨울,N,v1,False,False,3.3639344604684562,2901.787878758568,0.018851094196003525,0.07807570977911824,226.55914826480554,4270.887844909546
2025-01-01,meta,외부,META_CMP_03_재구매,재구매,VIP,IMG_배송혜택_겨울_A_v1,11782,223,51366,13,5,288940,215,9,4,245619,IMG,배송혜택,겨울,A,v1,False,False,4.781742787057494,5707.333332699185,0.01892717704973528,0.04035874439443785,230.34080717385498,4359.701239178037
2025-01-01,meta,외부,META_CMP_03_재구매,재구매,VIP,VID_적립혜택_겨울_B_v1,14986,368,63515,25,10,778240,324,19,8,609361,VID,적립혜택,겨울,B,v1,False,False,9.593969928363228,3342.894736666163,0.024556252502333873,0.0516304347824684,172.59510869518317,4238.289069798196
2025-01-01,meta,외부,META_CMP_03_재구매,재구매,VIP,CRS_신상품_겨울_v1,14012,377,48788,20,12,1046746,324,14,8,958803,CRS,신상품,겨울,N,v1,False,False,19.652435025005747,3484.8571426082244,0.026905509563229596,0.03713527851449036,129.4111405832111,3481.872680559272
2025-01-01,meta,외부,META_CMP_03_재구매,재구매,윈백,IMG_배송혜택_겨울_A_v1,32248,926,128373,41,24,1857574,860,37,19,1340505,IMG,배송혜택,겨울,A,v1,False,False,10.442265897034341,3469.5405404467697,0.028714959067228086,0.039956803455680395,138.63174945989348,3980.8050111633597
2025-01-01,meta,외부,META_CMP_03_재구매,재구매,윈백,VID_적립혜택_겨울_B_v1,31244,643,139801,45,17,979852,555,36,12,829948,VID,적립혜택,겨울,B,v1,False,False,5.936638507592893,3883.3611110032402,0.020579951350658668,0.05598755832028618,217.41990668706467,4474.491102291497
2025-01-01,meta,외부,META_CMP_03_재구매,재구매,윈백,CRS_신상품_겨울_v1,29677,570,131336,27,13,1094330,547,19,10,851501,CRS,신상품,겨울,N,v1,False,False,6.483378510080965,6912.421052267768,0.019206793139467628,0.03333333333327485,230.41403508731506,4425.51470835986
2025-01-01,naver,자체,NVR_CMP_01_브랜드KW,브랜드KW,논타겟,TXT_플러스멤버십_겨울_A_v1,7898,1239,66649,254,152,11152589,1122,178,105,10098137,TXT,플러스멤버십,겨울,A,v1,False,False,151.51220573451735,374.4325842675594,0.15687515826789605,0.14366424535904465,53.79257465693802,8438.718662951578
2025-01-01,naver,자체,NVR_CMP_02_일반KW,일반KW,논타겟,TXT_할인쿠폰_겨울_A_v1,19567,1628,177486,266,80,4284064,1449,238,68,3858860,TXT,할인쿠폰,겨울,A,v1,False,False,21.74177118195226,745.739495795186,0.08320130832523723,0.1461916461915564,109.02088452081756,9070.680226912194
2025-01-01,naver,자체,NVR_CMP_02_일반KW,일반KW,논타겟,TXT_플러스멤버십_겨울_B_v1,19519,1306,140507,155,69,5313564,1179,129,49,4863372,TXT,플러스멤버십,겨울,B,v1,False,False,34.61302283871954,1089.2015503791536,0.06690916542855337,0.09877488514540676,107.58575803973386,7198.473282442379
2025-01-01,naver,자체,NVR_CMP_03_재구매,재구매,VIP,IMG_배송혜택_겨울_A_v1,8226,618,73989,72,36,3650648,551,65,30,3290889,IMG,배송혜택,겨울,A,v1,False,False,44.47808458013969,1138.2923076747954,0.07512764405542485,0.1051779935273379,119.72330097068006,8994.529540480306
2025-01-01,naver,자체,NVR_CMP_03_재구매,재구매,VIP,VID_적립혜택_겨울_B_v1,8008,402,71428,29,24,2560870,353,25,18,2007952,VID,적립혜택,겨울,B,v1,False,False,28.111552892422743,2857.119999885715,0.05019980019979393,0.062189054726213465,177.681592039359,8919.580419579304
2025-01-01,naver,자체,NVR_CMP_03_재구매,재구매,VIP,CRS_신상품_겨울_v1,7946,388,51456,30,18,1925152,378,22,14,1547692,CRS,신상품,겨울,N,v1,False,False,30.0779695273626,2338.909090802777,0.04882959979863468,0.05670103092768892,132.61855670068914,6475.7110495838815
2025-01-01,naver,자체,NVR_CMP_03_재구매,재구매,윈백,IMG_배송혜택_겨울_A_v1,14497,866,136352,63,56,4322631,844,47,39,3506770,IMG,배송혜택,겨울,A,v1,False,False,25.718507979347386,2901.106382916998,0.05973649720631442,0.0542725173209535,157.45034642014153,9405.532179070884
2025-01-01,naver,자체,NVR_CMP_03_재구매,재구매,윈백,VID_적립혜택_겨울_B_v1,12792,664,106684,64,41,3873020,586,54,27,3541376,VID,적립혜택,겨울,B,v1,False,False,33.19500581155531,1975.629629593044,0.05190744215134053,0.0813253012046968,160.66867469855322,8339.89993746026
2025-01-01,naver,자체,NVR_CMP_03_재구매,재구매,윈백,CRS_신상품_겨울_v1,11509,761,100983,80,51,3696320,712,61,38,3319602,CRS,신상품,겨울,N,v1,False,False,32.87287959359463,1655.459016366304,0.06612216526196314,0.08015768725350833,132.6977660970661,8774.263619775065
2025-01-02,google,외부,GGL_CMP_01_플러스가입,플러스가입,논타겟,VID_플러스멤버십_겨울_A_v1,77814,1883,395328,208,52,2710786,1631,164,46,2337339,VID,플러스멤버십,겨울,A,v1,False,False,5.912404383195711,2410.5365853511553,0.024198730305600224,0.08709506107270999,209.94583112044083,5080.422546071335
2025-01-02,google,외부,GGL_CMP_01_플러스가입,플러스가입,논타겟,IMG_플러스멤버십_겨울_B_v1,85365,2510,432125,302,57,2957737,2273,249,46,2418386,IMG,플러스멤버십,겨울,B,v1,False,False,5.596496384148092,1735.4417670613036,0.02940315117436854,0.09920318725095649,172.1613545816047,5062.086335149006
2025-01-02,google,외부,GGL_CMP_01_플러스가입,플러스가입,논타겟,CRS_플러스멤버십_겨울_v1,66364,1511,361087,219,69,3357989,1301,178,56,2654119,CRS,플러스멤버십,겨울,N,v1,False,False,7.350358777801452,2028.5786516739968,0.022768368392501615,0.11780277961607029,238.97220383835938,5441.007172563355
2025-01-02,google,외부,GGL_CMP_01_플러스가입,플러스가입,논타겟,IMG_적립혜택_겨울_v2,81884,2591,481490,253,55,2456943,2284,203,47,1806575,IMG,적립혜택,겨울,N,v2,False,False,3.752050925252853,2371.871921170582,0.03164232328660017,0.07834812813582465,185.83172520255275,5880.147525768088
2025-01-02,google,외부,GGL_CMP_01_플러스가입,플러스가입,유사타겟,VID_플러스멤버십_겨울_A_v1,65220,1933,314866,252,67,3397541,1807,176,56,2995644,VID,플러스멤버십,겨울,A,v1,False,False,9.514028189769586,1789.011363626199,0.029638147807420582,0.09105018106565388,162.88980858760326,4827.75222324433
2025-01-02,google,외부,GGL_CMP_01_플러스가입,플러스가입,유사타겟,IMG_플러스멤버십_겨울_B_v1,52521,1379,251415,205,55,2495955,1216,181,42,2217150,IMG,플러스멤버십,겨울,B,v1,False,False,8.818686235904744,1389.0331491635966,0.026256164200985775,0.13125453226966552,182.31689630153568,4786.942365910687
2025-01-02,google,외부,GGL_CMP_01_플러스가입,플러스가입,유사타겟,CRS_플러스멤버십_겨울_v1,75662,2689,432030,399,133,8092775,2537,323,114,6757896,CRS,플러스멤버십,겨울,N,v1,False,False,15.642191514478126,1337.5541795624224,0.035539636805793716,0.12011900334692446,160.66567497204883,5709.999735666442
2025-01-02,google,외부,GGL_CMP_01_플러스가입,플러스가입,유사타겟,IMG_적립혜택_겨울_v2,85134,2683,463494,268,61,3753677,2547,218,49,2919104,IMG,적립혜택,겨울,N,v2,False,False,6.29804053558405,2126.119266045293,0.03151502337491447,0.08125232948189294,172.752143123305,5444.287828599556
2025-01-02,google,외부,GGL_CMP_02_리타겟팅,리타겟팅,리마케팅,VID_할인쿠폰_겨울_A_v1,30792,939,153891,90,41,1960016,826,76,34,1437648,VID,할인쿠폰,겨울,A,v1,False,False,9.341988810261748,2024.8815789207251,0.03049493374902473,0.08093716719906184,163.88817891356348,4997.759158222752
2025-01-02,google,외부,GGL_CMP_02_리타겟팅,리타겟팅,리마케팅,IMG_할인쿠폰_겨울_B_v1,38963,1398,207077,124,53,3650802,1294,105,46,3215534,IMG,할인쿠폰,겨울,B,v1,False,False,15.528204484322183,1972.1619047431222,0.0358801940302329,0.07510729613728533,148.1237482116251,5314.708826322272
2025-01-02,google,외부,GGL_CMP_02_리타겟팅,리타겟팅,리마케팅,CRS_특가_겨울_v1,38289,942,198102,117,63,4423818,852,101,50,3745571,CRS,특가,겨울,N,v1,False,False,18.907285135939976,1961.4059405746395,0.02460236621483913,0.10721868365169085,210.2993630571016,5173.8619446837165
2025-01-02,google,외부,GGL_CMP_03_첫구매,첫구매,논타겟,VID_적립혜택_겨울_A_v1,57222,1189,306643,76,26,1792545,1073,55,20,1338675,VID,적립혜택,겨울,A,v1,False,False,4.365581474222453,5575.327272625904,0.02077872147076263,0.04625735912527649,257.8999158954938,5358.830519730081
2025-01-02,google,외부,GGL_CMP_03_첫구매,첫구매,논타겟,IMG_적립혜택_겨울_B_v1,73793,1321,388656,123,34,2306668,1146,98,23,1844438,IMG,적립혜택,겨울,B,v1,False,False,4.745682557325747,3965.8775509799398,0.017901426964616995,0.07418622255861151,294.2134746402012,5266.841028281743
2025-01-02,google,외부,GGL_CMP_03_첫구매,첫구매,논타겟,CRS_할인쿠폰_겨울_v1,56855,1273,345377,106,47,3457588,1123,76,32,2881132,CRS,할인쿠폰,겨울,N,v1,False,False,8.341991504935162,4544.43421046652,0.0223902910913724,0.05970149253726653,271.30950510583557,6074.698795180616
2025-01-02,google,외부,GGL_CMP_03_첫구매,첫구매,유사타겟,VID_적립혜택_겨울_A_v1,89371,2033,521061,213,90,6409399,1979,158,61,4819869,VID,적립혜택,겨울,A,v1,False,False,9.250105074070005,3297.8544303588747,0.022747871233397603,0.07771765863252449,256.30152484001167,5830.31408398691
2025-01-02,google,외부,GGL_CMP_03_첫구매,첫구매,유사타겟,IMG_적립혜택_겨울_B_v1,53331,1468,300826,109,47,3365137,1279,90,39,2503836,IMG,적립혜택,겨울,B,v1,False,False,8.32320344651058,3342.511111073972,0.02752620427143636,0.061307901907315186,204.9223433241111,5640.734282124738
2025-01-02,google,외부,GGL_CMP_03_첫구매,첫구매,유사타겟,CRS_할인쿠폰_겨울_v1,81921,2619,379935,168,58,3995605,2552,132,48,2940602,CRS,할인쿠폰,겨울,N,v1,False,False,7.7397502204324224,2878.2954545236494,0.03196982458710182,0.050400916380278576,145.0687285222814,4637.821803933
2025-01-02,meta,외부,META_CMP_01_신규유저,신규유저,논타겟,VID_플러스멤버십_겨울_A_v1,58504,1020,206589,83,22,1103726,883,76,18,875158,VID,플러스멤버십,겨울,A,v1,False,False,4.236227485490494,2718.276315753707,0.01743470531929411,0.07450980392149557,202.5382352939191,3531.1944482427953
2025-01-02,meta,외부,META_CMP_01_신규유저,신규유저,논타겟,IMG_적립혜택_겨울_B_v1,50243,750,211524,47,12,662749,647,42,9,592516,IMG,적립혜택,겨울,B,v1,False,False,2.8011762258656097,5036.285714165803,0.014927452580458673,0.05599999999992533,282.03199999962396,4210.019306171921
2025-01-02,meta,외부,META_CMP_01_신규유저,신규유저,논타겟,CRS_플러스멤버십_겨울_v1,59030,919,271112,82,15,823604,845,66,11,719430,CRS,플러스멤버십,겨울,N,v1,False,False,2.6536265454867265,4107.7575756953365,0.01556835507369108,0.07181719260057473,295.0076169746518,4592.783330509833
2025-01-02,meta,외부,META_CMP_02_룩얼라이크,룩얼라이크,유사타겟,VID_플러스멤버십_겨울_A_v1,45204,985,214973,57,17,752296,896,47,12,546187,VID,플러스멤버십,겨울,A,v1,False,False,2.540723718792581,4573.89361692396,0.0217901070701703,0.047715736040560695,218.24670050739263,4755.618971772305
2025-01-02,meta,외부,META_CMP_02_룩얼라이크,룩얼라이크,유사타겟,IMG_할인쿠폰_겨울_B_v1,63555,925,236193,83,18,1071498,870,63,12,984806,IMG,할인쿠폰,겨울,B,v1,False,False,4.169496979165326,3749.095238035729,0.014554323027298961,0.06810810810803448,255.34378378350775,3716.3559122019715
2025-01-02,meta,외부,META_CMP_02_룩얼라이크,룩얼라이크,유사타겟,CRS_특가_겨울_v1,39446,803,164916,71,19,1024131,733,62,13,785032,CRS,특가,겨울,N,v1,False,False,4.760193067986098,2659.9354838280656,0.020356943669826592,0.07721046077200845,205.3748443334927,4180.804137301521
2025-01-02,meta,외부,META_CMP_03_재구매,재구매,VIP,IMG_배송혜택_겨울_A_v1,17562,363,76167,20,10,680569,343,15,8,528728,IMG,배송혜택,겨울,A,v1,False,False,6.941693909435753,5077.79999966148,0.020669627605055193,0.041322314049472945,209.8264462804137,4337.034506320218
2025-01-02,meta,외부,META_CMP_03_재구매,재구매,VIP,VID_적립혜택_겨울_B_v1,13400,242,49359,10,5,396847,211,7,3,346115,VID,적립혜택,겨울,B,v1,False,False,7.012196357300452,7051.285713278387,0.018059701492535964,0.02892561983459122,203.96280991651255,3683.507462686292
2025-01-02,meta,외부,META_CMP_03_재구매,재구매,VIP,CRS_신상품_겨울_v1,20253,480,77679,20,8,491227,419,14,6,381980,CRS,신상품,겨울,N,v1,False,False,4.9174165475868,5548.499999603679,0.023700192564063412,0.029166666666605903,161.83124999966284,3835.431787883087
2025-01-02,meta,외부,META_CMP_03_재구매,재구매,윈백,IMG_배송혜택_겨울_A_v1,33720,814,152808,35,21,1475324,784,28,16,1198698,IMG,배송혜택,겨울,A,v1,False,False,7.844471493639026,5457.428571233663,0.02413997627520688,0.03439803439799214,187.7248157245851,4531.672597864635
2025-01-02,meta,외부,META_CMP_03_재구매,재구매,윈백,VID_적립혜택_겨울_B_v1,21278,363,105134,20,11,739461,312,16,7,555580,VID,적립혜택,겨울,B,v1,False,False,5.284494074229029,6570.87499958932,0.01705987404831201,0.04407713498610447,289.6253443518192,4940.971895854641
2025-01-02,meta,외부,META_CMP_03_재구매,재구매,윈백,CRS_신상품_겨울_v1,27239,562,137006,24,13,963719,535,17,10,785053,CRS,신상품,겨울,N,v1,False,False,5.730062916952501,8059.1764701141665,0.020632181798156297,0.030249110320230876,243.7829181490324,5029.773486544842
2025-01-02,naver,자체,NVR_CMP_01_브랜드KW,브랜드KW,논타겟,TXT_플러스멤버십_겨울_A_v1,10863,1783,103938,377,212,15973863,1687,342,153,12209067,TXT,플러스멤버십,겨울,A,v1,False,False,117.46490215320559,303.9122807008658,0.16413513762310925,0.19181155356130578,58.29388670776316,9568.07511737001
2025-01-02,naver,자체,NVR_CMP_02_일반KW,일반KW,논타겟,TXT_할인쿠폰_겨울_A_v1,17266,1110,120106,129,34,2161230,1029,98,24,1876943,TXT,할인쿠폰,겨울,A,v1,False,False,15.627387474397485,1225.5714285589227,0.06428819645545787,0.08828828828820875,108.20360360350612,6956.214525656958
2025-01-02,naver,자체,NVR_CMP_02_일반KW,일반KW,논타겟,TXT_플러스멤버십_겨울_B_v1,17668,1391,151938,272,122,8415169,1301,246,94,7021264,TXT,플러스멤버십,겨울,B,v1,False,False,46.211375692716466,617.6341463389527,0.07872990717681239,0.17685118619685344,109.22933141616878,8599.615123386426
2025-01-02,naver,자체,NVR_CMP_03_재구매,재구매,VIP,IMG_배송혜택_겨울_A_v1,7347,535,66455,38,21,1738597,506,31,15,1297192,IMG,배송혜택,겨울,A,v1,False,False,19.51985554134347,2143.709677350203,0.07281883762078768,0.05794392523353655,124.21495327079586,9045.188512316721
2025-01-02,naver,자체,NVR_CMP_03_재구매,재구매,VIP,VID_적립혜택_겨울_B_v1,7514,492,70756,47,32,2333797,420,37,24,1803038,VID,적립혜택,겨울,B,v1,False,False,25.482474984453255,1912.32432427264,0.06547777482032666,0.07520325203236747,143.813008129789,9416.55576257527
2025-01-02,naver,자체,NVR_CMP_03_재구매,재구매,VIP,CRS_신상품_겨울_v1,5094,380,46228,38,33,3723107,356,28,22,3271927,CRS,신상품,겨울,N,v1,False,False,70.77803495716729,1650.9999999410356,0.07459756576362885,0.07368421052612188,121.65263157862724,9074.990184529039
2025-01-02,naver,자체,NVR_CMP_03_재구매,재구매,윈백,IMG_배송혜택_겨울_A_v1,11050,705,103112,54,39,3782596,644,38,29,2988231,IMG,배송혜택,겨울,A,v1,False,False,28.980438746217423,2713.4736841391195,0.06380090497736979,0.053900709219781705,146.25815602816135,9331.40271493128
2025-01-02,naver,자체,NVR_CMP_03_재구매,재구매,윈백,VID_적립혜택_겨울_B_v1,12398,880,92432,94,57,6296299,841,77,44,4949197,VID,적립혜택,겨울,B,v1,False,False,53.54419465120247,1200.4155843999945,0.07097919019196072,0.08749999999990057,105.03636363624427,7455.396031617402
2025-01-02,naver,자체,NVR_CMP_03_재구매,재구매,윈백,CRS_신상품_겨울_v1,10057,754,77372,73,66,6466842,694,57,47,5147435,CRS,신상품,겨울,N,v1,False,False,66.5283952851152,1357.4035087481159,0.07497265586158149,0.07559681697602706,102.61538461524852,7693.347916873054
2025-01-03,google,외부,GGL_CMP_01_플러스가입,플러스가입,논타겟,VID_플러스멤버십_겨울_A_v1,79328,2345,481678,225,62,4309682,2126,192,43,3983701,VID,플러스멤버십,겨울,A,v1,False,False,8.270464916396413,2508.7395833202672,0.029560810810810436,0.08187633262256637,205.40639658839854,6071.979628882537
2025-01-03,google,외부,GGL_CMP_01_플러스가입,플러스가입,논타겟,IMG_플러스멤버십_겨울_B_v1,73240,1699,347775,204,56,2607542,1663,183,43,1941752,IMG,플러스멤버십,겨울,B,v1,False,False,5.583357055567521,1900.409836055189,0.02319770617149067,0.10771041789281477,204.69393761023855,4748.429819770552
2025-01-03,google,외부,GGL_CMP_01_플러스가입,플러스가입,논타겟,CRS_플러스멤버십_겨울_v1,82450,2265,492765,266,62,4151204,2213,200,49,3323259,CRS,플러스멤버십,겨울,N,v1,False,False,6.744105202276934,2463.824999987681,0.02747119466343205,0.08830022075051289,217.55629139063242,5976.531231049048
2025-01-03,google,외부,GGL_CMP_01_플러스가입,플러스가입,논타겟,IMG_적립혜택_겨울_v2,86152,2380,545731,339,79,5192288,2151,306,62,4633158,IMG,적립혜택,겨울,N,v2,False,False,8.489820076191368,1783.4346405170477,0.027625591976970613,0.12857142857137455,229.29873949570197,6334.513418144601
2025-01-03,google,외부,GGL_CMP_01_플러스가입,플러스가입,유사타겟,VID_플러스멤버십_겨울_A_v1,59792,1445,340292,219,58,2789009,1329,169,46,2326369,VID,플러스멤버십,겨울,A,v1,False,False,6.836390511678186,2013.5621301656004,0.024167112657211266,0.11695501730095713,235.49619377146334,5691.263045223346
2025-01-03,google,외부,GGL_CMP_01_플러스가입,플러스가입,유사타겟,IMG_플러스멤버십_겨울_B_v1,66907,1643,322160,215,60,3025378,1562,152,50,2626324,IMG,플러스멤버십,겨울,B,v1,False,False,8.15223491432826,2119.473684196583,0.0245564739115485,0.09251369446129488,196.08034083980763,4815.041774403204
2025-01-03,google,외부,GGL_CMP_01_플러스가입,플러스가입,유사타겟,CRS_플러스멤버십_겨울_v1,81595,2090,478156,291,101,5819775,1786,235,81,5253144,CRS,플러스멤버십,겨울,N,v1,False,False,10.986255531667467,2034.706382970065,0.025614314602610138,0.11244019138750601,228.78277511950776,5860.113977572083
2025-01-03,google,외부,GGL_CMP_01_플러스가입,플러스가입,유사타겟,IMG_적립혜택_겨울_v2,84185,2232,467824,254,77,4256129,2087,186,60,3930674,IMG,적립혜택,겨울,N,v2,False,False,8.40203580833816,2515.182795685402,0.026513036764268853,0.083333333333296,209.59856630814983,5557.094494268509
2025-01-03,google,외부,GGL_CMP_02_리타겟팅,리타겟팅,리마케팅,VID_할인쿠폰_겨울_A_v1,37254,1454,217177,190,103,6966086,1307,146,86,6126494,VID,할인쿠폰,겨울,A,v1,False,False,28.20968150402654,1487.5136986199486,0.03902936597412254,0.10041265474546052,149.36519944969095,5829.629033123804
2025-01-03,google,외부,GGL_CMP_02_리타겟팅,리타겟팅,리마케팅,IMG_할인쿠폰_겨울_B_v1,50466,1274,229647,148,83,5928624,1206,117,58,5057632,IMG,할인쿠폰,겨울,B,v1,False,False,22.02350564126672,1962.7948717780957,0.02524471921689801,0.09183673469380546,180.25667189938756,4550.52906907612
2025-01-03,google,외부,GGL_CMP_02_리타겟팅,리타겟팅,리마케팅,CRS_특가_겨울_v1,50471,1706,299132,228,74,4876151,1515,178,52,4054738,CRS,특가,겨울,N,v1,False,False,13.55501250284151,1680.5168539231433,0.03380158903132425,0.10433763188739488,175.34114888618092,5926.8094549344
2025-01-03,google,외부,GGL_CMP_03_첫구매,첫구매,논타겟,VID_적립혜택_겨울_A_v1,71469,2100,341190,141,67,4498797,1850,127,47,3674804,VID,적립혜택,겨울,A,v1,False,False,10.77055013335675,2686.535433049712,0.02938336901313815,0.06047619047616168,162.4714285713512,4773.957939806003
2025-01-03,google,외부,GGL_CMP_03_첫구매,첫구매,논타겟,IMG_적립혜택_겨울_B_v1,58601,1249,259056,132,63,4340556,1087,105,47,3660781,IMG,적립혜택,겨울,B,v1,False,False,14.131234173306105,2467.1999999765026,0.021313629460247757,0.08406725380297513,207.41072858270024,4420.67541509523
2025-01-03,google,외부,GGL_CMP_03_첫구매,첫구매,논타겟,CRS_할인쿠폰_겨울_v1,74481,1777,368697,193,61,3662255,1622,145,49,3078896,CRS,할인쿠폰,겨울,N,v1,False,False,8.350748717781787,2542.7379310169467,0.023858433694498946,0.0815981992121094,207.4828362407386,4950.215491199031
2025-01-03,google,외부,GGL_CMP_03_첫구매,첫구매,유사타겟,VID_적립혜택_겨울_A_v1,89073,1953,583560,192,64,4193238,1834,165,44,3553120,VID,적립혜택,겨울,A,v1,False,False,6.088696963465614,3536.7272727058385,0.02192583611195287,0.08448540706600897,298.80184331781936,6551.480246539281
2025-01-03,google,외부,GGL_CMP_03_첫구매,첫구매,유사타겟,IMG_적립혜택_겨울_B_v1,68615,2131,345108,226,93,5492366,1987,189,77,4786020,IMG,적립혜택,겨울,B,v1,False,False,13.868180395702176,1825.9682539585929,0.031057348976170938,0.08869075551380165,161.94650398866168,5029.629089849084
2025-01-03,google,외부,GGL_CMP_03_첫구매,첫구매,유사타겟,CRS_할인쿠폰_겨울_v1,75316,2265,435488,253,107,6178738,2055,209,89,4565642,CRS,할인쿠폰,겨울,N,v1,False,False,10.483967411271928,2083.6746411383556,0.030073291199744674,0.09227373068428597,192.2684326709968,5782.144564235942
2025-01-03,meta,외부,META_CMP_01_신규유저,신규유저,논타겟,VID_플러스멤버십_겨울_A_v1,46045,856,168298,46,10,586299,786,41,8,453774,VID,플러스멤버십,겨울,A,v1,False,False,2.696253074902835,4104.829268192566,0.018590509284395297,0.047897196261626286,196.60981308388247,3655.076555543411
2025-01-03,meta,외부,META_CMP_01_신규유저,신규유저,논타겟,IMG_적립혜택_겨울_B_v1,62727,1005,295752,80,16,625693,980,58,14,563517,IMG,적립혜택,겨울,B,v1,False,False,1.9053700397630384,5099.172413705187,0.016021808790472748,0.05771144278601223,294.2805970146326,4714.9074561193
2025-01-03,meta,외부,META_CMP_01_신규유저,신규유저,논타겟,CRS_플러스멤버십_겨울_v1,59562,1242,296917,102,21,1144658,1057,83,16,985887,CRS,플러스멤버십,겨울,N,v1,False,False,3.320412775287359,3577.313252968948,0.02085222121486819,0.06682769726242606,239.06360708515373,4985.007219367971
2025-01-03,meta,외부,META_CMP_02_룩얼라이크,룩얼라이크,유사타겟,VID_플러스멤버십_겨울_A_v1,57928,1095,274675,106,20,880234,934,94,16,802952,VID,플러스멤버십,겨울,A,v1,False,False,2.9232802402839613,2922.07446805402,0.018902775859687564,0.0858447488583691,250.8447488582184,4741.66206325085
2025-01-03,meta,외부,META_CMP_02_룩얼라이크,룩얼라이크,유사타겟,IMG_할인쿠폰_겨울_B_v1,43723,580,207425,55,12,578389,503,49,8,476275,IMG,할인쿠폰,겨울,B,v1,False,False,2.296131131734351,4233.163265219731,0.013265329460466728,0.084482758620544,357.629310344211,4744.070626443639
2025-01-03,meta,외부,META_CMP_02_룩얼라이크,룩얼라이크,유사타겟,CRS_특가_겨울_v1,39811,883,142839,66,18,1012236,859,52,15,761656,CRS,특가,겨울,N,v1,False,False,5.332269198188133,2746.9038461010214,0.022179799552886837,0.05889014722530137,161.76557191374658,3587.9279596090632
2025-01-03,meta,외부,META_CMP_03_재구매,재구매,VIP,IMG_배송혜택_겨울_A_v1,14945,265,62502,14,8,438874,238,11,7,394830,IMG,배송혜택,겨울,A,v1,False,False,6.317077853508587,5681.999999483454,0.017731682837068066,0.04150943396210751,235.85660377269488,4182.134493141239
2025-01-03,meta,외부,META_CMP_03_재구매,재구매,VIP,VID_적립혜택_겨울_B_v1,11963,311,51138,22,10,671374,272,15,8,547499,VID,적립혜택,겨울,B,v1,False,False,10.706304509366603,3409.19999977272,0.025996823539243836,0.04823151125386421,164.43086816667386,4274.680264147432
2025-01-03,meta,외부,META_CMP_03_재구매,재구매,VIP,CRS_신상품_겨울_v1,17288,438,75431,17,9,557495,379,14,6,490976,CRS,신상품,겨울,N,v1,False,False,6.5089419469448035,5387.92857104372,0.02533549282739326,0.031963470319561725,172.21689497677576,4363.199907450002
2025-01-03,meta,외부,META_CMP_03_재구매,재구매,윈백,IMG_배송혜택_겨울_A_v1,21637,420,104314,21,8,672142,357,18,5,502290,IMG,배송혜택,겨울,A,v1,False,False,4.815173418716521,5795.222221900265,0.01941119378841709,0.042857142857040814,248.36666666607533,4821.093497249857
2025-01-03,meta,외부,META_CMP_03_재구매,재구매,윈백,VID_적립혜택_겨울_B_v1,22322,420,99792,16,5,401517,369,12,3,293510,VID,적립혜택,겨울,B,v1,False,False,2.94121773288437,8315.999999307,0.018815518322730096,0.028571428571360545,237.5999999994343,4470.567153480671
2025-01-03,meta,외부,META_CMP_03_재구매,재구매,윈백,CRS_신상품_겨울_v1,30057,714,138644,39,22,1562105,617,31,19,1138941,CRS,신상품,겨울,N,v1,False,False,8.214859640518103,4472.387096629923,0.023754865755064584,0.043417366946717904,194.1792717084115,4612.702531855986
2025-01-03,naver,자체,NVR_CMP_01_브랜드KW,브랜드KW,논타겟,TXT_플러스멤버십_겨울_A_v1,13161,2167,106191,506,339,19198975,1976,398,281,15799920,TXT,플러스멤버십,겨울,A,v1,False,False,148.7877503743241,266.81155778827434,0.16465314185850888,0.1836640516842715,49.00369173970974,8068.61180761279
2025-01-03,naver,자체,NVR_CMP_02_일반KW,일반KW,논타겟,TXT_할인쿠폰_겨울_A_v1,19621,1182,130647,196,55,3196902,1101,160,41,2969512,TXT,할인쿠폰,겨울,A,v1,False,False,22.729278131147115,816.5437499948966,0.0602415779012252,0.1353637901860107,110.53045685269836,6658.529126955474
2025-01-03,naver,자체,NVR_CMP_02_일반KW,일반KW,논타겟,TXT_플러스멤버십_겨울_B_v1,16038,1263,133715,149,64,4866340,1180,129,53,3723503,TXT,플러스멤버십,겨울,B,v1,False,False,27.84656171708464,1036.550387588864,0.07875046763935162,0.10213776722082174,105.87094220102465,8337.386207756059
2025-01-03,naver,자체,NVR_CMP_03_재구매,재구매,VIP,IMG_배송혜택_겨울_A_v1,6553,320,49046,29,19,1397767,289,24,14,1051196,IMG,배송혜택,겨울,A,v1,False,False,21.43285894874156,2043.583333248184,0.04883259575766079,0.07499999999976563,153.26874999952105,7484.510911031972
2025-01-03,naver,자체,NVR_CMP_03_재구매,재구매,VIP,VID_적립혜택_겨울_B_v1,8463,366,76689,26,13,1319548,349,21,10,1105693,VID,적립혜택,겨울,B,v1,False,False,14.417882616802743,3651.857142683245,0.04324707550513491,0.0573770491801711,209.5327868846734,9061.680255227571
2025-01-03,naver,자체,NVR_CMP_03_재구매,재구매,VIP,CRS_신상품_겨울_v1,6060,274,45641,28,22,2356534,258,25,17,1870724,CRS,신상품,겨울,N,v1,False,False,40.987796060558686,1825.6399999269745,0.04521452145213775,0.09124087591207576,166.572992700122,7531.518151813939
2025-01-03,naver,자체,NVR_CMP_03_재구매,재구매,윈백,IMG_배송혜택_겨울_A_v1,11775,570,100106,45,24,2547100,511,39,19,2265687,IMG,배송혜택,겨울,A,v1,False,False,22.632879148102784,2566.820512754697,0.0484076433120978,0.06842105263145891,175.62456140320066,8501.57112526467
2025-01-03,naver,자체,NVR_CMP_03_재구매,재구매,윈백,VID_적립혜택_겨울_B_v1,13579,1020,122469,104,79,5575773,990,91,58,4225807,VID,적립혜택,겨울,B,v1,False,False,34.50511558026901,1345.8131867983975,0.0751159879225219,0.08921568627442233,120.06764705870582,9018.999926356211
2025-01-03,naver,자체,NVR_CMP_03_재구매,재구매,윈백,CRS_신상품_겨울_v1,12618,653,94477,44,37,3478678,589,32,30,2527043,CRS,신상품,겨울,N,v1,False,False,26.747705790827112,2952.4062499077377,0.05175146615945064,0.0490045941806294,144.68147013760387,7487.478205737241
2025-01-04,google,외부,GGL_CMP_01_플러스가입,플러스가입,논타겟,VID_플러스멤버십_겨울_A_v1,47341,1079,252026,114,28,1787628,1026,94,19,1306841,VID,플러스멤버십,겨울,A,v1,False,False,5.185341988524973,2681.1276595459453,0.02279208297247581,0.08711770157545216,233.573679332499,5323.6306795377095
2025-01-04,google,외부,GGL_CMP_01_플러스가입,플러스가입,논타겟,IMG_플러스멤버십_겨울_B_v1,32770,964,192777,97,28,1605959,874,73,23,1194675,IMG,플러스멤버십,겨울,B,v1,False,False,6.197186386342738,2640.780821881633,0.02941714983216267,0.07572614107875962,199.97614107863075,5882.728104973883
2025-01-04,google,외부,GGL_CMP_01_플러스가입,플러스가입,논타겟,CRS_플러스멤버십_겨울_v1,39515,945,232849,109,32,1447967,851,90,21,1134189,CRS,플러스멤버십,겨울,N,v1,False,False,4.870920639556086,2587.2111110823644,0.023914968999113658,0.09523809523799445,246.40105820079745,5892.673668227107
2025-01-04,google,외부,GGL_CMP_01_플러스가입,플러스가입,논타겟,IMG_적립혜택_겨울_v2,34103,733,169224,76,14,903600,639,59,11,745519,IMG,적립혜택,겨울,N,v2,False,False,4.405515766085163,2868.203389781895,0.021493710230770856,0.08049113233276878,230.86493860814343,4962.144092894908
2025-01-04,google,외부,GGL_CMP_01_플러스가입,플러스가입,유사타겟,VID_플러스멤버십_겨울_A_v1,49500,1611,225649,229,44,1958677,1562,203,35,1646099,VID,플러스멤버십,겨울,A,v1,False,False,7.294953666978328,1111.5714285659528,0.03254545454545389,0.1260086902544221,140.06765983852262,4558.5656565655645
2025-01-04,google,외부,GGL_CMP_01_플러스가입,플러스가입,유사타겟,IMG_플러스멤버십_겨울_B_v1,46435,1213,216080,101,24,1584872,1128,89,21,1170439,IMG,플러스멤버십,겨울,B,v1,False,False,5.416692891521634,2427.8651685120462,0.02612253687950843,0.07337180544099475,178.13685078303533,4653.386454183167
2025-01-04,google,외부,GGL_CMP_01_플러스가입,플러스가입,유사타겟,CRS_플러스멤버십_겨울_v1,49775,1158,283494,137,34,1786106,1035,105,24,1477469,CRS,플러스멤버십,겨울,N,v1,False,False,5.211641163481396,2699.9428571171434,0.02326469110999451,0.09067357512945538,244.81347150237926,5695.509794073216
2025-01-04,google,외부,GGL_CMP_01_플러스가입,플러스가입,유사타겟,IMG_적립혜택_겨울_v2,31697,876,202640,93,28,1862590,837,69,19,1418226,IMG,적립혜택,겨울,N,v2,False,False,6.99874654559807,2936.811594160336,0.027636684859765035,0.07876712328758131,231.32420091297794,6393.034041076241
2025-01-04,google,외부,GGL_CMP_02_리타겟팅,리타겟팅,리마케팅,VID_할인쿠폰_겨울_A_v1,26270,1063,153472,92,48,2764234,1007,79,37,2526709,VID,할인쿠폰,겨울,A,v1,False,False,16.463648092160028,1942.6835442792064,0.040464408070040335,0.07431796801498183,144.37629350880115,5842.1012561855405
2025-01-04,google,외부,GGL_CMP_02_리타겟팅,리타겟팅,리마케팅,IMG_할인쿠폰_겨울_B_v1,25707,972,148431,127,61,2937231,834,101,45,2284230,IMG,할인쿠폰,겨울,B,v1,False,False,15.38917072579168,1469.613861371588,0.037810713035358545,0.10390946502046923,152.7067901232997,5773.9526199087495
2025-01-04,google,외부,GGL_CMP_02_리타겟팅,리타겟팅,리마케팅,CRS_특가_겨울_v1,18159,638,92300,66,21,1404304,548,58,18,1192467,CRS,특가,겨울,N,v1,False,False,12.919469122426728,1591.37931031739,0.03513409328707334,0.09090909090894841,144.67084639475758,5082.879013161238
2025-01-04,google,외부,GGL_CMP_03_첫구매,첫구매,논타겟,VID_적립혜택_겨울_A_v1,41424,1012,232782,107,51,3162226,966,90,38,2592652,VID,적립혜택,겨울,A,v1,False,False,11.137682466857356,2586.466666637928,0.02443028196214696,0.0889328063240228,230.0217391302075,5619.495944379934
2025-01-04,google,외부,GGL_CMP_03_첫구매,첫구매,논타겟,IMG_적립혜택_겨울_B_v1,32608,600,150900,66,23,1610185,549,48,16,1307356,IMG,적립혜택,겨울,B,v1,False,False,8.663724320742157,3143.7499999345055,0.018400392541706993,0.07999999999986666,251.49999999958084,4627.698724239308
2025-01-04,google,외부,GGL_CMP_03_첫구매,첫구매,논타겟,CRS_할인쿠폰_겨울_v1,39750,1007,188782,83,28,1701427,900,69,23,1456309,CRS,할인쿠폰,겨울,N,v1,False,False,7.714236526787471,2735.971014453102,0.025333333333332698,0.06852035749744934,187.4697120157026,4749.232704402397
2025-01-04,google,외부,GGL_CMP_03_첫구매,첫구매,유사타겟,VID_적립혜택_겨울_A_v1,30506,577,179755,45,19,1296960,558,40,14,1092527,VID,적립혜택,겨울,A,v1,False,False,6.077867096881834,4493.874999887654,0.018914311938634402,0.06932409012119702,311.5337954933942,5892.447387399007
2025-01-04,google,외부,GGL_CMP_03_첫구매,첫구매,유사타겟,IMG_적립혜택_겨울_B_v1,32375,736,211374,74,26,1726399,715,56,19,1530019,IMG,적립혜택,겨울,B,v1,False,False,7.238444652606247,3774.535714218312,0.02273359073359003,0.07608695652163575,287.1929347822185,6528.926640926439
2025-01-04,google,외부,GGL_CMP_03_첫구매,첫구매,유사타겟,CRS_할인쿠폰_겨울_v1,49001,1350,304968,138,59,3795080,1260,109,44,3021435,CRS,할인쿠폰,겨울,N,v1,False,False,9.907383725505595,2797.871559607359,0.027550458153914666,0.08074074074068094,225.9022222220549,6223.709720209665
2025-01-04,meta,외부,META_CMP_01_신규유저,신규유저,논타겟,VID_플러스멤버십_겨울_A_v1,25456,341,126060,23,4,158465,293,20,2,139747,VID,플러스멤버십,겨울,A,v1,False,False,1.108575281611922,6302.99999968485,0.013395663104964903,0.05865102639278988,369.6774193537546,4952.0741671902515
2025-01-04,meta,외부,META_CMP_01_신규유저,신규유저,논타겟,IMG_적립혜택_겨울_B_v1,37833,753,129518,47,12,473615,676,34,10,417695,IMG,적립혜택,겨울,B,v1,False,False,3.224995753485977,3809.352941064431,0.019903259059550663,0.04515272244349913,172.00265604226826,3423.4134221445984
2025-01-04,meta,외부,META_CMP_01_신규유저,신규유저,논타겟,CRS_플러스멤버십_겨울_v1,37340,483,152918,32,7,293269,438,24,5,238801,CRS,플러스멤버십,겨울,N,v1,False,False,1.5616278005205304,6371.583333067851,0.012935190144616688,0.04968944099368595,316.60041407801947,4095.286555972039
2025-01-04,meta,외부,META_CMP_02_룩얼라이크,룩얼라이크,유사타겟,VID_플러스멤버십_겨울_A_v1,32142,512,151662,38,11,519510,498,34,8,404787,VID,플러스멤버십,겨울,A,v1,False,False,2.669007398029812,4460.647058692334,0.015929313670586275,0.0664062499998703,296.21484374942145,4718.499159977452
2025-01-04,meta,외부,META_CMP_02_룩얼라이크,룩얼라이크,유사타겟,IMG_할인쿠폰_겨울_B_v1,29267,535,145847,49,14,584101,472,41,12,488573,IMG,할인쿠폰,겨울,B,v1,False,False,3.3499009235705683,3557.2439023522625,0.018279974032185797,0.07663551401854835,272.6112149527615,4983.325930228415
2025-01-04,meta,외부,META_CMP_02_룩얼라이크,룩얼라이크,유사타겟,CRS_특가_겨울_v1,23988,521,114902,34,9,404522,504,24,6,371653,CRS,특가,겨울,N,v1,False,False,3.2345215923134214,4787.583333133851,0.021719192929797328,0.04606525911699412,220.54126679420241,4789.978322494381
2025-01-04,meta,외부,META_CMP_03_재구매,재구매,VIP,IMG_배송혜택_겨울_A_v1,7873,178,31077,7,2,141254,156,6,1,102539,IMG,배송혜택,겨울,A,v1,False,False,3.2995141101134826,5179.49999913675,0.022608916550232106,0.033707865168349956,174.5898876394686,3947.2882001773214
2025-01-04,meta,외부,META_CMP_03_재구매,재구매,VIP,VID_적립혜택_겨울_B_v1,11892,334,52942,21,8,507193,319,17,5,440325,VID,적립혜택,겨울,B,v1,False,False,8.317120622567936,3114.235293934457,0.028086108308103926,0.050898203592661985,158.50898203545358,4451.900437268378
2025-01-04,meta,외부,META_CMP_03_재구매,재구매,VIP,CRS_신상품_겨울_v1,9158,150,31990,7,4,288799,141,5,2,225408,CRS,신상품,겨울,N,v1,False,False,7.046201938105438,6397.9999987204,0.016379122079054773,0.033333333333111115,213.2666666652449,3493.1207687264146
2025-01-04,meta,외부,META_CMP_03_재구매,재구매,윈백,IMG_배송혜택_겨울_A_v1,13870,236,56386,15,7,402393,228,12,4,333273,IMG,배송혜택,겨울,A,v1,False,False,5.910562905685704,4698.833332941764,0.01701514059120281,0.05084745762690319,238.92372881254695,4065.3208363371255
2025-01-04,meta,외부,META_CMP_03_재구매,재구매,윈백,VID_적립혜택_겨울_B_v1,13311,244,54324,14,5,338783,228,10,4,248738,VID,적립혜택,겨울,B,v1,False,False,4.578786540019061,5432.39999945676,0.018330703929079834,0.04098360655720908,222.63934426138263,4081.1359026366104
2025-01-04,meta,외부,META_CMP_03_재구매,재구매,윈백,CRS_신상품_겨울_v1,15996,375,80306,21,9,626008,349,19,6,452860,CRS,신상품,겨울,N,v1,False,False,5.639180135979807,4226.631578724914,0.023443360840208587,0.05066666666653156,214.14933333276227,5020.380095023442
2025-01-04,naver,자체,NVR_CMP_01_브랜드KW,브랜드KW,논타겟,TXT_플러스멤버십_겨울_A_v1,7918,969,69246,250,152,12103741,865,177,121,10782458,TXT,플러스멤버십,겨울,A,v1,False,False,155.71235883660924,391.2203389808406,0.12237938873451346,0.1826625386995019,71.46130030952378,8745.390250062042
2025-01-04,naver,자체,NVR_CMP_02_일반KW,일반KW,논타겟,TXT_할인쿠폰_겨울_A_v1,7607,719,59995,125,51,3812577,617,108,39,2979997,TXT,할인쿠폰,겨울,A,v1,False,False,49.67075589632387,555.5092592541156,0.09451820691467142,0.15020862308741278,83.44228094564194,7886.814775863299
2025-01-04,naver,자체,NVR_CMP_02_일반KW,일반KW,논타겟,TXT_플러스멤버십_겨울_B_v1,6863,455,44844,89,34,2728935,418,67,28,2074350,TXT,플러스멤버십,겨울,B,v1,False,False,46.25702435108273,669.3134328258311,0.0662975375200253,0.14725274725242363,98.55824175802515,6534.168730874759
2025-01-04,naver,자체,NVR_CMP_03_재구매,재구매,VIP,IMG_배송혜택_겨울_A_v1,3702,253,33949,21,11,939532,244,18,9,752748,IMG,배송혜택,겨울,A,v1,False,False,22.172906418450555,1886.0555554507746,0.06834143706102962,0.07114624505900732,134.18577075045778,9170.448406264406
2025-01-04,naver,자체,NVR_CMP_03_재구매,재구매,VIP,VID_적립혜택_겨울_B_v1,5201,303,41567,36,25,2605245,286,25,20,2325680,VID,적립혜택,겨울,B,v1,False,False,55.95015276541353,1662.6799999334928,0.05825802730243063,0.08250825082481021,137.18481848139544,7992.116900594502
2025-01-04,naver,자체,NVR_CMP_03_재구매,재구매,VIP,CRS_신상품_겨울_v1,4160,217,27690,22,13,1242719,196,18,9,905811,CRS,신상품,겨울,N,v1,False,False,32.712567713974984,1538.3333332478703,0.052163461538448995,0.08294930875537812,127.60368663535667,6656.249999998399
2025-01-04,naver,자체,NVR_CMP_03_재구매,재구매,윈백,IMG_배송혜택_겨울_A_v1,8248,439,79132,36,32,3538529,377,30,24,3143028,IMG,배송혜택,겨울,A,v1,False,False,39.7187989688111,2637.733333245409,0.053225024248296164,0.06833712984039103,180.25512528432745,9594.083414159846
2025-01-04,naver,자체,NVR_CMP_03_재구매,재구매,윈백,VID_적립혜택_겨울_B_v1,7476,556,51262,56,45,3192762,477,48,34,2555484,VID,적립혜택,겨울,B,v1,False,False,49.85142990909349,1067.9583333110843,0.07437132156232285,0.08633093525164329,92.19784172645288,6856.875334402507
2025-01-04,naver,자체,NVR_CMP_03_재구매,재구매,윈백,CRS_신상품_겨울_v1,7022,436,60200,53,34,3486967,403,43,26,2986265,CRS,신상품,겨울,N,v1,False,False,49.605730897009146,1399.999999967442,0.06209057248646224,0.09862385321078297,138.07339449509615,8573.056109369329
2025-01-05,google,외부,GGL_CMP_01_플러스가입,플러스가입,논타겟,VID_플러스멤버십_겨울_A_v1,35052,740,210960,86,21,1248365,654,65,16,1160026,VID,플러스멤버십,겨울,A,v1,False,False,5.498795980280596,3245.53846148853,0.021111491498344716,0.08783783783771915,285.08108108069587,6018.486819582164
2025-01-05,google,외부,GGL_CMP_01_플러스가입,플러스가입,논타겟,IMG_플러스멤버십_겨울_B_v1,35943,1235,196991,111,36,2031522,1194,88,25,1753620,IMG,플러스멤버십,겨울,B,v1,False,False,8.902031057256378,2238.534090883653,0.03435995882369212,0.07125506072868724,159.50688259096395,5480.649917925452
2025-01-05,google,외부,GGL_CMP_01_플러스가입,플러스가입,논타겟,CRS_플러스멤버십_겨울_v1,49801,1221,257189,105,29,1986837,1172,89,25,1696593,CRS,플러스멤버십,겨울,N,v1,False,False,6.5966779294604105,2889.764044911351,0.024517579968273237,0.0728910728910132,210.63800163782912,5164.334049516975
2025-01-05,google,외부,GGL_CMP_01_플러스가입,플러스가입,논타겟,IMG_적립혜택_겨울_v2,48518,1341,226433,128,27,1774851,1144,105,20,1577432,IMG,적립혜택,겨울,N,v2,False,False,6.966440404004686,2156.5047618842236,0.02763922667875783,0.07829977628629507,168.8538404174729,4666.989570880814
2025-01-05,google,외부,GGL_CMP_01_플러스가입,플러스가입,유사타겟,VID_플러스멤버십_겨울_A_v1,42528,1248,195190,129,45,2869601,1146,112,38,2110556,VID,플러스멤버십,겨울,A,v1,False,False,10.812828526051485,1742.7678571272966,0.029345372460495928,0.08974358974351783,156.40224358961828,4589.682091798238
2025-01-05,google,외부,GGL_CMP_01_플러스가입,플러스가입,유사타겟,IMG_플러스멤버십_겨울_B_v1,52941,1580,285349,204,49,3339051,1503,171,35,3081662,IMG,플러스멤버십,겨울,B,v1,False,False,10.79962431969269,1668.7076023294228,0.02984454392625697,0.10822784810119733,180.6006329112781,5389.943522033861
2025-01-05,google,외부,GGL_CMP_01_플러스가입,플러스가입,유사타겟,CRS_플러스멤버십_겨울_v1,39582,1356,178986,122,26,1261729,1209,104,19,1157749,CRS,플러스멤버십,겨울,N,v1,False,False,6.4683774149933155,1721.0192307526825,0.03425799605881375,0.07669616519168385,131.9955752211416,4521.903895710057
2025-01-05,google,외부,GGL_CMP_01_플러스가입,플러스가입,유사타겟,IMG_적립혜택_겨울_v2,51024,1694,252637,214,59,2799088,1506,174,46,2114468,IMG,적립혜택,겨울,N,v2,False,False,8.369589569223795,1451.936781600851,0.03320006271558418,0.10271546635176936,149.1363636362756,4951.336625901439
2025-01-05,google,외부,GGL_CMP_02_리타겟팅,리타겟팅,리마케팅,VID_할인쿠폰_겨울_A_v1,31307,868,183121,106,50,3358478,801,93,34,2450167,VID,할인쿠폰,겨울,A,v1,False,False,13.38004379617841,1969.0430107315156,0.02772542881783538,0.10714285714273371,210.96889400897354,5849.203053629992
2025-01-05,google,외부,GGL_CMP_02_리타겟팅,리타겟팅,리마케팅,IMG_할인쿠폰_겨울_B_v1,26850,983,156602,123,52,3201757,899,103,38,2948486,IMG,할인쿠폰,겨울,B,v1,False,False,18.82789491832787,1520.40776697553,0.036610800744877596,0.10478128179033085,159.3102746692174,5832.476722532371
2025-01-05,google,외부,GGL_CMP_02_리타겟팅,리타겟팅,리마케팅,CRS_특가_겨울_v1,24496,1014,144697,96,32,1460723,919,77,23,1237814,CRS,특가,겨울,N,v1,False,False,8.554524281774961,1879.181818157413,0.041394513389939526,0.07593688362911644,142.69921104522416,5906.964402351164
2025-01-05,google,외부,GGL_CMP_03_첫구매,첫구매,논타겟,VID_적립혜택_겨울_A_v1,36611,1035,220224,113,56,2931917,929,93,42,2398188,VID,적립혜택,겨울,A,v1,False,False,10.889766782911895,2367.9999999745373,0.028270192018791395,0.0898550724636813,212.7768115939973,6015.241320914315
2025-01-05,google,외부,GGL_CMP_03_첫구매,첫구매,논타겟,IMG_적립혜택_겨울_B_v1,35494,753,163733,59,21,1407318,664,52,15,1110038,IMG,적립혜택,겨울,B,v1,False,False,6.779561847642157,3148.7115384009867,0.021214853214627228,0.06905710491358691,217.44090305416012,4612.976841156123
2025-01-05,google,외부,GGL_CMP_03_첫구매,첫구매,논타겟,CRS_할인쿠폰_겨울_v1,43172,958,262437,86,33,2095086,852,60,29,1730841,CRS,할인쿠폰,겨울,N,v1,False,False,6.595262863087116,4373.949999927101,0.022190308533308115,0.06263048016694923,273.9425887262276,6078.870564254469
2025-01-05,google,외부,GGL_CMP_03_첫구매,첫구매,유사타겟,VID_적립혜택_겨울_A_v1,52800,1094,273312,71,27,2027450,1022,57,21,1820459,VID,적립혜택,겨울,A,v1,False,False,6.660735715958294,4794.947368336931,0.02071969696969658,0.05210237659958675,249.82815356467108,5176.363636363539
2025-01-05,google,외부,GGL_CMP_03_첫구매,첫구매,유사타겟,IMG_적립혜택_겨울_B_v1,39540,1215,237260,126,45,2723291,1122,93,36,2002821,IMG,적립혜택,겨울,B,v1,False,False,8.441460844642972,2551.1827956714924,0.030728376327768574,0.07654320987648021,195.27572016444833,6000.505816894133
2025-01-05,google,외부,GGL_CMP_03_첫구매,첫구매,유사타겟,CRS_할인쿠폰_겨울_v1,41355,1197,207411,139,60,3119642,1169,109,51,2468285,CRS,할인쿠폰,겨울,N,v1,False,False,11.90045368856998,1902.8532109917169,0.02894450489662607,0.09106098579775183,173.2756892229129,5015.379035183049
2025-01-05,meta,외부,META_CMP_01_신규유저,신규유저,논타겟,VID_플러스멤버십_겨울_A_v1,39796,743,147023,52,11,412642,644,40,8,336702,VID,플러스멤버십,겨울,A,v1,False,False,2.290131476027545,3675.574999908111,0.018670218112372634,0.05383580080746456,197.87752355289652,3694.416524273704
2025-01-05,meta,외부,META_CMP_01_신규유저,신규유저,논타겟,IMG_적립혜택_겨울_B_v1,33508,547,131049,40,7,413462,517,30,5,369610,IMG,적립혜택,겨울,B,v1,False,False,2.8203954246121463,4368.29999985439,0.016324459830487754,0.054844606946883284,239.57769652607024,3910.9764832277697
2025-01-05,meta,외부,META_CMP_01_신규유저,신규유저,논타겟,CRS_플러스멤버십_겨울_v1,32111,585,124066,48,9,466585,571,39,7,407010,CRS,플러스멤버십,겨울,N,v1,False,False,3.2805925878161357,3181.179487097919,0.01821805611784067,0.0666666666665527,212.07863247826995,3863.6604278906334
2025-01-05,meta,외부,META_CMP_02_룩얼라이크,룩얼라이크,유사타겟,VID_플러스멤버십_겨울_A_v1,35054,451,145730,44,12,684334,417,37,9,517224,VID,플러스멤버십,겨울,A,v1,False,False,3.5491937144033248,3938.648648542199,0.01286586409539531,0.08203991130802209,323.1263858085962,4157.300165458888
2025-01-05,meta,외부,META_CMP_02_룩얼라이크,룩얼라이크,유사타겟,IMG_할인쿠폰_겨울_B_v1,33938,654,161992,39,10,391576,636,28,6,307729,IMG,할인쿠폰,겨울,B,v1,False,False,1.8996555385451017,5785.428571221949,0.019270434321409062,0.04281345565742689,247.69418960206775,4773.174612528589
2025-01-05,meta,외부,META_CMP_02_룩얼라이크,룩얼라이크,유사타겟,CRS_특가_겨울_v1,24912,499,100880,44,13,771519,471,31,9,589086,CRS,특가,겨울,N,v1,False,False,5.839472640761242,3254.1935482821227,0.02003050738599791,0.06212424849686949,202.1643286569095,4049.45407835565
2025-01-05,meta,외부,META_CMP_03_재구매,재구매,VIP,IMG_배송혜택_겨울_A_v1,8458,217,35886,10,4,337629,194,7,3,294207,IMG,배송혜택,겨울,A,v1,False,False,8.198378197625587,5126.5714278390615,0.02565618349491302,0.03225806451598038,165.37327188863884,4242.847008748611
2025-01-05,meta,외부,META_CMP_03_재구매,재구매,VIP,VID_적립혜택_겨울_B_v1,10262,267,44998,12,5,362558,234,10,3,283045,VID,적립혜택,겨울,B,v1,False,False,6.2901684519310574,4499.79999955002,0.026018320015588965,0.037453183520458976,168.53183520536132,4384.915221204016
2025-01-05,meta,외부,META_CMP_03_재구매,재구매,VIP,CRS_신상품_겨울_v1,7790,204,30324,10,6,482913,180,7,4,386202,CRS,신상품,겨울,N,v1,False,False,12.735852789868991,4331.9999993811425,0.02618741976893117,0.034313725490027876,148.64705882280074,3892.6829268287684
2025-01-05,meta,외부,META_CMP_03_재구매,재구매,윈백,IMG_배송혜택_겨울_A_v1,20287,565,100699,37,16,1014790,532,28,12,785298,IMG,배송혜택,겨울,A,v1,False,False,7.798468703760635,3596.3928570144144,0.02785034751318441,0.0495575221238061,178.22831858375534,4963.720609256915
2025-01-05,meta,외부,META_CMP_03_재구매,재구매,윈백,VID_적립혜택_겨울_B_v1,15552,298,66326,21,11,642096,277,17,8,552629,VID,적립혜택,겨울,B,v1,False,False,8.33201157916943,3901.529411535204,0.019161522633743624,0.05704697986558038,222.57046979791085,4264.789094649932
2025-01-05,meta,외부,META_CMP_03_재구매,재구매,윈백,CRS_신상품_겨울_v1,16043,406,55319,21,11,628521,385,14,8,575166,CRS,신상품,겨울,N,v1,False,False,10.397259531083165,3951.3571425749033,0.025306987471169648,0.03448275862060472,136.2536945809452,3448.170541669049
2025-01-05,naver,자체,NVR_CMP_01_브랜드KW,브랜드KW,논타겟,TXT_플러스멤버십_겨울_A_v1,6372,1084,58692,256,110,9617241,966,215,96,7105090,TXT,플러스멤버십,겨울,A,v1,False,False,121.05721393034621,272.9860465103582,0.17011927181416037,0.198339483394651,54.143911439064446,9210.922787192529
2025-01-05,naver,자체,NVR_CMP_02_일반KW,일반KW,논타겟,TXT_할인쿠폰_겨울_A_v1,9870,816,86007,160,76,4182052,787,118,67,3886824,TXT,할인쿠폰,겨울,A,v1,False,False,45.19194949248264,728.8728813497553,0.08267477203646578,0.1446078431370777,105.40073529398848,8713.981762917048
2025-01-05,naver,자체,NVR_CMP_02_일반KW,일반KW,논타겟,TXT_플러스멤버십_겨울_B_v1,8865,716,83306,142,68,5220974,609,117,47,4836860,TXT,플러스멤버십,겨울,B,v1,False,False,58.0613641274331,712.0170940110083,0.08076706147771226,0.16340782122882205,116.34916201101069,9397.17992103673
2025-01-05,naver,자체,NVR_CMP_03_재구매,재구매,VIP,IMG_배송혜택_겨울_A_v1,3526,266,28697,25,22,2340271,242,18,15,1764854,IMG,배송혜택,겨울,A,v1,False,False,61.499599261244676,1594.2777776892067,0.07543959160519698,0.06766917293207643,107.88345864621097,8138.6840612569085
2025-01-05,naver,자체,NVR_CMP_03_재구매,재구매,VIP,VID_적립혜택_겨울_B_v1,3950,197,27634,21,17,1599388,186,15,14,1452850,VID,적립혜택,겨울,B,v1,False,False,52.57472678584162,1842.266666543849,0.04987341772150636,0.07614213197930893,140.27411167441485,6995.949367086837
2025-01-05,naver,자체,NVR_CMP_03_재구매,재구매,VIP,CRS_신상품_겨울_v1,4844,285,32346,30,17,1284223,254,22,12,988157,CRS,신상품,겨울,N,v1,False,False,30.549588820873353,1470.2727272058967,0.05883567299751056,0.0771929824558695,113.49473684170704,6677.539223780619
2025-01-05,naver,자체,NVR_CMP_03_재구매,재구매,윈백,IMG_배송혜택_겨울_A_v1,7777,578,57287,62,30,2934295,543,44,21,2301747,IMG,배송혜택,겨울,A,v1,False,False,40.17922041649868,1301.9772726976823,0.07432171788606476,0.07612456747391674,99.11245674723337,7366.208049375418
2025-01-05,naver,자체,NVR_CMP_03_재구매,재구매,윈백,VID_적립혜택_겨울_B_v1,6366,372,58977,40,24,1788860,360,30,19,1370297,VID,적립혜택,겨울,B,v1,False,False,23.234430371161245,1965.89999993447,0.05843543826577781,0.0806451612901058,158.54032258021897,9264.37323279779
2025-01-05,naver,자체,NVR_CMP_03_재구매,재구매,윈백,CRS_신상품_겨울_v1,5265,243,46294,24,15,1399151,221,19,12,1071562,CRS,신상품,겨울,N,v1,False,False,23.14688728560887,2436.5263156612355,0.046153846153837386,0.07818930041120087,190.51028806505963,8792.78252611419
2025-01-06,google,외부,GGL_CMP_01_플러스가입,플러스가입,논타겟,VID_플러스멤버십_겨울_A_v1,46666,1479,294971,129,33,2090667,1272,106,22,1745720,VID,플러스멤버십,겨울,A,v1,False,False,5.918276711947934,2782.7452829926156,0.03169330990442653,0.07167004732922808,199.43948613914844,6320.897441391885
2025-01-06,google,외부,GGL_CMP_01_플러스가입,플러스가입,논타겟,IMG_플러스멤버십_겨울_B_v1,55181,1583,260988,166,45,2123847,1387,137,31,1756801,IMG,플러스멤버십,겨울,B,v1,False,False,6.731347801431458,1905.0218977963139,0.028687410521737036,0.08654453569166991,164.86923562844922,4729.6714448813045
2025-01-06,google,외부,GGL_CMP_01_플러스가입,플러스가입,논타겟,CRS_플러스멤버십_겨울_v1,65186,1742,360423,198,39,2211900,1663,170,29,1971809,CRS,플러스멤버십,겨울,N,v1,False,False,5.4708190098855916,2120.135294105176,0.026723529592243323,0.09758897818593709,206.90183696888238,5529.1473629306065
2025-01-06,google,외부,GGL_CMP_01_플러스가입,플러스가입,논타겟,IMG_적립혜택_겨울_v2,63111,1817,283977,192,38,2710859,1765,137,33,1969884,IMG,적립혜택,겨울,N,v2,False,False,6.936773048521511,2072.824817503118,0.028790543645322863,0.07539900935603995,156.28893780949022,4499.643485287755
2025-01-06,google,외부,GGL_CMP_01_플러스가입,플러스가입,유사타겟,VID_플러스멤버십_겨울_A_v1,51992,1660,316362,249,73,4055876,1625,195,63,3692555,VID,플러스멤버십,겨울,A,v1,False,False,11.67192962492331,1622.369230760911,0.03192798892137191,0.11746987951800153,190.57951807217435,6084.820741652445
2025-01-06,google,외부,GGL_CMP_01_플러스가입,플러스가입,유사타겟,IMG_플러스멤버십_겨울_B_v1,50896,1553,298044,185,54,2892438,1356,151,43,2524665,IMG,플러스멤버십,겨울,B,v1,False,False,8.470779482224073,1973.80132449024,0.03051320339515816,0.09723116548609322,191.91500321945145,5855.941527821325
2025-01-06,google,외부,GGL_CMP_01_플러스가입,플러스가입,유사타겟,CRS_플러스멤버십_겨울_v1,45848,885,204024,91,27,1592250,813,80,19,1262166,CRS,플러스멤버십,겨울,N,v1,False,False,6.18636042818489,2550.299999968121,0.019302913976617972,0.09039548022588656,230.53559322007848,4450.008724480796
2025-01-06,google,외부,GGL_CMP_01_플러스가입,플러스가입,유사타겟,IMG_적립혜택_겨울_v2,47596,1652,285341,148,47,2609868,1568,132,32,1992052,IMG,적립혜택,겨울,N,v2,False,False,6.98130307246415,2161.674242407866,0.0347087990587437,0.0799031476997095,172.7245762710819,5995.062610303261
2025-01-06,google,외부,GGL_CMP_02_리타겟팅,리타겟팅,리마케팅,VID_할인쿠폰_겨울_A_v1,25097,632,143433,76,24,1544757,570,57,17,1392418,VID,할인쿠폰,겨울,A,v1,False,False,9.707793882858132,2516.368421008485,0.025182292704306285,0.09018987341757881,226.9509493667295,5715.14523648222
2025-01-06,google,외부,GGL_CMP_02_리타겟팅,리타겟팅,리마케팅,IMG_할인쿠폰_겨울_B_v1,24217,849,121966,109,55,2902341,787,92,41,2273608,IMG,할인쿠폰,겨울,B,v1,False,False,18.64132627125577,1325.7173912899377,0.035058017095427385,0.10836277974074397,143.65842167238674,5036.379402898582
2025-01-06,google,외부,GGL_CMP_02_리타겟팅,리타겟팅,리마케팅,CRS_특가_겨울_v1,25936,995,126731,94,31,2172613,959,84,25,1759191,CRS,특가,겨울,N,v1,False,False,13.881299760910796,1508.70238093442,0.038363664404686984,0.08442211055267898,127.3678391958519,4886.29703886471
2025-01-06,google,외부,GGL_CMP_03_첫구매,첫구매,논타겟,VID_적립혜택_겨울_A_v1,54855,1759,354994,174,79,4585295,1590,127,60,4027848,VID,적립혜택,겨울,A,v1,False,False,11.346242471703716,2795.2283464346833,0.032066356758726974,0.07220011370092541,201.81580443422297,6471.497584540944
2025-01-06,google,외부,GGL_CMP_03_첫구매,첫구매,논타겟,IMG_적립혜택_겨울_B_v1,54126,1636,273965,165,76,5781389,1510,150,60,4325400,IMG,적립혜택,겨울,B,v1,False,False,15.788148121110304,1826.4333333211573,0.030225769500793885,0.09168704156473613,167.4602689485529,5061.615489783006
2025-01-06,google,외부,GGL_CMP_03_첫구매,첫구매,논타겟,CRS_할인쿠폰_겨울_v1,46514,955,270840,107,50,2559851,901,79,36,2205237,CRS,할인쿠폰,겨울,N,v1,False,False,8.14221311475407,3428.3544303363497,0.02053145289590187,0.08272251308891862,283.60209424054074,5822.763039084882
2025-01-06,google,외부,GGL_CMP_03_첫구매,첫구매,유사타겟,VID_적립혜택_겨울_A_v1,58396,1787,281116,186,82,5355028,1630,165,61,4931842,VID,적립혜택,겨울,A,v1,False,False,17.543796866773796,1703.7333333230079,0.03060141105555123,0.09233351986564503,157.31169557909496,4813.95986026432
2025-01-06,google,외부,GGL_CMP_03_첫구매,첫구매,유사타겟,IMG_적립혜택_겨울_B_v1,39006,1230,254185,85,43,2704156,1084,70,31,2466667,IMG,적립혜택,겨울,B,v1,False,False,9.704219367783269,3631.214285662411,0.03153361021381245,0.056910569105644786,206.65447154454745,6516.561554632454
2025-01-06,google,외부,GGL_CMP_03_첫구매,첫구매,유사타겟,CRS_할인쿠폰_겨울_v1,56718,1652,297058,151,53,2984548,1514,122,37,2763920,CRS,할인쿠폰,겨울,N,v1,False,False,9.304310942644166,2434.901639324304,0.02912655594343896,0.07384987893457999,179.81719128318414,5237.455481504898
2025-01-06,meta,외부,META_CMP_01_신규유저,신규유저,논타겟,VID_플러스멤버십_겨울_A_v1,41231,804,201870,51,10,493055,706,37,7,451785,VID,플러스멤버십,겨울,A,v1,False,False,2.237999702779005,5455.9459457984885,0.019499890858819348,0.0460199004974552,251.08208955192652,4896.073342872963
2025-01-06,meta,외부,META_CMP_01_신규유저,신규유저,논타겟,IMG_적립혜택_겨울_B_v1,43994,677,159085,42,8,443845,619,35,6,343553,IMG,적립혜택,겨울,B,v1,False,False,2.159556212087864,4545.28571415585,0.015388462063008243,0.05169867060553664,234.98522895090844,3616.0612810837024
2025-01-06,meta,외부,META_CMP_01_신규유저,신규유저,논타겟,CRS_플러스멤버십_겨울_v1,50104,1038,222364,72,12,655265,905,61,9,597961,CRS,플러스멤버십,겨울,N,v1,False,False,2.68910884855461,3645.311475350077,0.020716908829633948,0.05876685934483741,214.22350674353157,4438.048858374493
2025-01-06,meta,외부,META_CMP_02_룩얼라이크,룩얼라이크,유사타겟,VID_플러스멤버십_겨울_A_v1,43061,841,148934,46,13,794098,787,39,10,712253,VID,플러스멤버십,겨울,A,v1,False,False,4.782339828380325,3818.8205127225947,0.01953043357098025,0.04637336504156198,177.09155766923058,3458.674903044438
2025-01-06,meta,외부,META_CMP_02_룩얼라이크,룩얼라이크,유사타겟,IMG_할인쿠폰_겨울_B_v1,35232,713,118921,55,12,638736,667,45,9,525328,IMG,할인쿠폰,겨울,B,v1,False,False,4.417453603652808,2642.688888830163,0.020237284287011235,0.06311360448799003,166.78962131813915,3375.3689827428652
2025-01-06,meta,외부,META_CMP_02_룩얼라이크,룩얼라이크,유사타겟,CRS_특가_겨울_v1,29566,548,99930,42,9,556735,467,36,7,495101,CRS,특가,겨울,N,v1,False,False,4.954478134694236,2775.833333256227,0.018534803490495213,0.06569343065681443,182.35401459820739,3379.895826286837
2025-01-06,meta,외부,META_CMP_03_재구매,재구매,VIP,IMG_배송혜택_겨울_A_v1,15697,280,55282,12,4,285795,267,9,3,228161,IMG,배송혜택,겨울,A,v1,False,False,4.127220433414057,6142.44444376195,0.017837803401922796,0.03214285714274235,197.43571428500917,3521.8194559467715
2025-01-06,meta,외부,META_CMP_03_재구매,재구매,VIP,VID_적립혜택_겨울_B_v1,11889,289,59725,13,7,575738,270,11,5,425836,VID,적립혜택,겨울,B,v1,False,False,7.12994558392621,5429.545454051859,0.024308184035661172,0.03806228373689252,206.66089965326415,5023.551181764234
2025-01-06,meta,외부,META_CMP_03_재구매,재구매,VIP,CRS_신상품_겨울_v1,11687,282,40370,11,4,282220,255,9,3,254046,CRS,신상품,겨울,N,v1,False,False,6.292940302204452,4485.555555057161,0.02412937451869392,0.03191489361690811,143.15602836828668,3454.26542311941
2025-01-06,meta,외부,META_CMP_03_재구매,재구매,윈백,IMG_배송혜택_겨울_A_v1,15901,378,54564,17,10,835818,344,12,6,764249,IMG,배송혜택,겨울,A,v1,False,False,14.006469467047614,4546.999999621084,0.023772089805671102,0.03174603174594776,144.34920634882448,3431.4822967106825
2025-01-06,meta,외부,META_CMP_03_재구매,재구매,윈백,VID_적립혜택_겨울_B_v1,26031,632,88903,44,19,1635241,585,38,15,1314148,VID,적립혜택,겨울,B,v1,False,False,14.781818386331002,2339.5526315173806,0.024278744573776486,0.060126582278385875,140.6693037972458,3415.2740962697007
2025-01-06,meta,외부,META_CMP_03_재구매,재구매,윈백,CRS_신상품_겨울_v1,15669,292,58978,19,8,671066,260,16,5,622467,CRS,신상품,겨울,N,v1,False,False,10.554223608803104,3686.1249997696173,0.01863552236900768,0.054794520547757554,201.9794520541028,3763.9925968470375
2025-01-06,naver,자체,NVR_CMP_01_브랜드KW,브랜드KW,논타겟,TXT_플러스멤버십_겨울_A_v1,10210,1379,97177,242,122,10145374,1233,210,108,8149856,TXT,플러스멤버십,겨울,A,v1,False,False,83.86610000308629,462.7476190454155,0.13506366307540302,0.15228426395928044,70.46918056557617,9517.82566111562
2025-01-06,naver,자체,NVR_CMP_02_일반KW,일반KW,논타겟,TXT_할인쿠폰_겨울_A_v1,14668,852,106705,172,65,3940959,828,136,53,3384263,TXT,할인쿠폰,겨울,A,v1,False,False,31.716067663183246,784.5955882295251,0.058085628579216106,0.15962441314535256,125.2406103284915,7274.6795745836325
2025-01-06,naver,자체,NVR_CMP_02_일반KW,일반KW,논타겟,TXT_플러스멤버십_겨울_B_v1,9467,821,84765,144,41,2229614,773,120,34,1753596,TXT,플러스멤버십,겨울,B,v1,False,False,20.68773668377254,706.3749999941135,0.08672229851060666,0.14616321559056497,103.24604141278533,8953.734023448933
2025-01-06,naver,자체,NVR_CMP_03_재구매,재구매,VIP,IMG_배송혜택_겨울_A_v1,4125,169,30469,14,8,601526,147,11,6,484643,IMG,배송혜택,겨울,A,v1,False,False,15.906101283271,2769.909090657281,0.04096969696968703,0.06508875739606457,180.28994082733558,7386.424242422451
2025-01-06,naver,자체,NVR_CMP_03_재구매,재구매,VIP,VID_적립혜택_겨울_B_v1,3865,206,25887,20,12,1033911,182,15,8,940071,VID,적립혜택,겨울,B,v1,False,False,36.314404913661825,1725.7999998849466,0.05329883570503149,0.07281553398022905,125.66504854307931,6697.800776194904
2025-01-06,naver,자체,NVR_CMP_03_재구매,재구매,VIP,CRS_신상품_겨울_v1,6712,505,55242,38,24,1811175,449,30,16,1469373,CRS,신상품,겨울,N,v1,False,False,26.598837840772845,1841.3999999386199,0.07523837902263479,0.059405940593941775,109.39009900968438,8230.333730630477
2025-01-06,naver,자체,NVR_CMP_03_재구매,재구매,윈백,IMG_배송혜택_겨울_A_v1,8573,496,56977,40,23,2221028,459,29,16,1741237,IMG,배송혜택,겨울,A,v1,False,False,30.560348912718634,1964.7241378632855,0.05785605972237748,0.058467741935366,114.87298387073615,6646.098215326415
2025-01-06,naver,자체,NVR_CMP_03_재구매,재구매,윈백,VID_적립혜택_겨울_B_v1,11423,600,95777,68,42,3526637,573,60,37,2639991,VID,적립혜택,겨울,B,v1,False,False,27.563934973949614,1596.2833333067288,0.052525606233034004,0.09999999999983333,159.6283333330673,8384.574980302164
2025-01-06,naver,자체,NVR_CMP_03_재구매,재구매,윈백,CRS_신상품_겨울_v1,8031,595,56560,50,44,4905237,528,42,34,4124983,CRS,신상품,겨울,N,v1,False,False,72.93109971711328,1346.6666666346032,0.07408790935125463,0.07058823529399902,95.05882352925201,7042.709500683969
2025-01-07,google,외부,GGL_CMP_01_플러스가입,플러스가입,논타겟,VID_플러스멤버십_겨울_A_v1,46500,1183,288127,129,26,1547153,1096,105,21,1292678,VID,플러스멤버십,겨울,A,v1,False,False,4.486486861696389,2744.0666666405327,0.025440860215053217,0.08875739644962911,243.5562130175456,6196.27956989234
2025-01-07,google,외부,GGL_CMP_01_플러스가입,플러스가입,논타겟,IMG_플러스멤버십_겨울_B_v1,69949,1879,416785,211,49,3089595,1797,184,37,2548463,IMG,플러스멤버십,겨울,B,v1,False,False,6.114574660796319,2265.135869552907,0.026862428340647802,0.09792442788712191,221.81213411377232,5958.41255772054
2025-01-07,google,외부,GGL_CMP_01_플러스가입,플러스가입,논타겟,CRS_플러스멤버십_겨울_v1,59400,1380,347434,182,57,2623940,1350,146,43,2168394,CRS,플러스멤버십,겨울,N,v1,False,False,6.241168106748314,2379.6849314905503,0.023232323232322844,0.1057971014491987,251.7637681157596,5849.057239057141
2025-01-07,google,외부,GGL_CMP_01_플러스가입,플러스가입,논타겟,IMG_적립혜택_겨울_v2,68872,2111,385409,290,71,4872466,1941,243,49,4294983,IMG,적립혜택,겨울,N,v2,False,False,11.143961350150072,1586.0452674831852,0.03065106284121224,0.1151113216484533,182.57176693501538,5596.018701358961
2025-01-07,google,외부,GGL_CMP_01_플러스가입,플러스가입,유사타겟,VID_플러스멤버십_겨울_A_v1,60200,1511,350569,128,44,2755740,1362,110,39,2233239,VID,플러스멤버십,겨울,A,v1,False,False,6.370326526304361,3186.9909090619362,0.025099667774085965,0.07279947054925692,232.01125082711317,5823.405315614521
2025-01-07,google,외부,GGL_CMP_01_플러스가입,플러스가입,유사타겟,IMG_플러스멤버십_겨울_B_v1,38848,913,214576,108,30,1794569,828,84,25,1513905,IMG,플러스멤버십,겨울,B,v1,False,False,7.055332376407394,2554.47619044578,0.023501853377264636,0.0920043811609069,235.02300109503284,5523.476112026217
2025-01-07,google,외부,GGL_CMP_01_플러스가입,플러스가입,유사타겟,CRS_플러스멤버십_겨울_v1,55015,1372,245039,122,31,2183873,1186,110,22,1715425,CRS,플러스멤버십,겨울,N,v1,False,False,7.000620309420105,2227.6272727070213,0.02493865309461011,0.08017492711364418,178.59985422727507,4454.0398073251945
2025-01-07,google,외부,GGL_CMP_01_플러스가입,플러스가입,유사타겟,IMG_적립혜택_겨울_v2,53525,1213,292377,139,36,2273795,1081,106,30,1692085,IMG,적립혜택,겨울,N,v2,False,False,5.787339633418478,2758.2735848796387,0.02266230733302153,0.08738664468253307,241.03627370136766,5462.438113031192
2025-01-07,google,외부,GGL_CMP_02_리타겟팅,리타겟팅,리마케팅,VID_할인쿠폰_겨울_A_v1,39913,1520,235076,131,76,3853778,1326,96,61,3550397,VID,할인쿠폰,겨울,A,v1,False,False,15.103187905188046,2448.708333307826,0.03808283015558745,0.06315789473680056,154.655263157793,5889.710119509787
2025-01-07,google,외부,GGL_CMP_02_리타겟팅,리타겟팅,리마케팅,IMG_할인쿠폰_겨울_B_v1,27690,913,133072,106,45,2016125,848,78,36,1616237,IMG,할인쿠폰,겨울,B,v1,False,False,12.145582842370956,1706.0512820294095,0.03297219212712051,0.08543263964941354,145.75246440290718,4805.778259299213
2025-01-07,google,외부,GGL_CMP_02_리타겟팅,리타겟팅,리마케팅,CRS_특가_겨울_v1,37053,1067,224360,136,45,2105918,1027,100,33,1718609,CRS,특가,겨울,N,v1,False,False,7.660050811196258,2243.599999977564,0.028796588670282335,0.09372071227732548,210.27179006540743,6055.110247483171
2025-01-07,google,외부,GGL_CMP_03_첫구매,첫구매,논타겟,VID_적립혜택_겨울_A_v1,47157,1435,262239,139,57,3812848,1329,107,49,3239571,VID,적립혜택,겨울,A,v1,False,False,12.353505771452712,2450.8317756780293,0.030430264859935316,0.07456445993026163,182.7449477350643,5560.977161396918
2025-01-07,google,외부,GGL_CMP_03_첫구매,첫구매,논타겟,IMG_적립혜택_겨울_B_v1,65353,1835,330319,176,51,2675047,1587,135,36,2315578,IMG,적립혜택,겨울,B,v1,False,False,7.010126574614215,2446.807407389283,0.02807828255780105,0.07356948228878825,180.01035422333516,5054.381589215414
2025-01-07,google,외부,GGL_CMP_03_첫구매,첫구매,논타겟,CRS_할인쿠폰_겨울_v1,55357,1316,260361,110,34,2299213,1237,92,30,1923364,CRS,할인쿠폰,겨울,N,v1,False,False,7.387296868578599,2830.010869534456,0.023772964575392023,0.06990881458961253,197.84270516702293,4703.307621438938
2025-01-07,google,외부,GGL_CMP_03_첫구매,첫구매,유사타겟,VID_적립혜택_겨울_A_v1,54658,1071,278323,93,26,1540784,911,67,22,1421225,VID,적립혜택,겨울,A,v1,False,False,5.106387183236725,4154.07462680367,0.019594569870832825,0.06255835667594532,259.8720821659572,5092.08167148441
2025-01-07,google,외부,GGL_CMP_03_첫구매,첫구매,유사타겟,IMG_적립혜택_겨울_B_v1,55179,1375,325906,117,54,3411890,1183,82,45,2665842,IMG,적립혜택,겨울,B,v1,False,False,8.17978803704133,3974.463414585677,0.02491890030627549,0.059636363636320265,237.02254545437307,5906.341180521468
2025-01-07,google,외부,GGL_CMP_03_첫구매,첫구매,유사타겟,CRS_할인쿠폰_겨울_v1,47570,1216,226912,106,47,3363746,1120,76,33,2969426,CRS,할인쿠폰,겨울,N,v1,False,False,13.086244887885996,2985.68421048703,0.025562329199074512,0.062499999999948604,186.6052631577413,4770.065167122036
2025-01-07,meta,외부,META_CMP_01_신규유저,신규유저,논타겟,VID_플러스멤버십_겨울_A_v1,50146,747,237792,37,9,440431,731,26,7,386602,VID,플러스멤버십,겨울,A,v1,False,False,1.6257990176288453,9145.84615349439,0.014896502213536177,0.03480589022753038,318.3293172686502,4741.993379332255
2025-01-07,meta,외부,META_CMP_01_신규유저,신규유저,논타겟,IMG_적립혜택_겨울_B_v1,36902,776,151872,49,13,604380,759,42,9,538047,IMG,적립혜택,겨울,B,v1,False,False,3.5427662768647052,3615.999999913905,0.021028670532761883,0.05412371134013644,195.71134020593337,4115.54929272115
2025-01-07,meta,외부,META_CMP_01_신규유저,신규유저,논타겟,CRS_플러스멤버십_겨울_v1,44215,652,201358,49,8,317236,571,36,5,251781,CRS,플러스멤버십,겨울,N,v1,False,False,1.2504146842936399,5593.277777622409,0.014746126880017762,0.055214723926295686,308.8312883430846,4554.065362433461
2025-01-07,meta,외부,META_CMP_02_룩얼라이크,룩얼라이크,유사타겟,VID_플러스멤버십_겨울_A_v1,36483,671,142420,57,12,537794,645,52,9,397966,VID,플러스멤버십,겨울,A,v1,False,False,2.7943125965454096,2738.846153793484,0.018392127840363502,0.0774962742174702,212.2503725779251,3903.7359866238003
2025-01-07,meta,외부,META_CMP_02_룩얼라이크,룩얼라이크,유사타겟,IMG_할인쿠폰_겨울_B_v1,53661,1131,263128,112,34,1409140,1088,84,28,1259744,IMG,할인쿠폰,겨울,B,v1,False,False,4.787571068073315,3132.476190438899,0.02107675965785168,0.07427055702911205,232.65075154709757,4903.523974581076
2025-01-07,meta,외부,META_CMP_02_룩얼라이크,룩얼라이크,유사타겟,CRS_특가_겨울_v1,48589,967,203213,77,16,773462,878,64,13,572013,CRS,특가,겨울,N,v1,False,False,2.8148445227421335,3175.203124950387,0.01990162382432197,0.06618407445701532,210.14788004114772,4182.284056061986
2025-01-07,meta,외부,META_CMP_03_재구매,재구매,VIP,IMG_배송혜택_겨울_A_v1,12718,258,62738,13,8,518055,219,11,6,452518,IMG,배송혜택,겨울,A,v1,False,False,7.212821575440607,5703.454544936049,0.020286208523351133,0.04263565891456343,243.1705426347164,4933.008334643424
2025-01-07,meta,외부,META_CMP_03_재구매,재구매,VIP,VID_적립혜택_겨울_B_v1,12285,315,48671,13,6,366474,285,9,4,327610,VID,적립혜택,겨울,B,v1,False,False,6.731112983090409,5407.888888288012,0.02564102564102355,0.02857142857133787,154.51111111062062,3961.8233618230392
2025-01-07,meta,외부,META_CMP_03_재구매,재구매,VIP,CRS_신상품_겨울_v1,11373,278,49030,15,6,460162,238,10,5,375727,CRS,신상품,겨울,N,v1,False,False,7.663206200285384,4902.9999995097,0.024443858260790957,0.03597122302145334,176.36690647418573,4311.087663764679
2025-01-07,meta,외부,META_CMP_03_재구매,재구매,윈백,IMG_배송혜택_겨울_A_v1,16265,462,66709,18,11,666136,434,13,9,501857,IMG,배송혜택,겨울,A,v1,False,False,7.5230778455679514,5131.461538066811,0.028404549646478424,0.028138528138467234,144.39177489146235,4101.383338456557
2025-01-07,meta,외부,META_CMP_03_재구매,재구매,윈백,VID_적립혜택_겨울_B_v1,26452,535,117968,25,11,925404,466,19,8,802216,VID,적립혜택,겨울,B,v1,False,False,6.80028482300279,6208.842104936377,0.020225313775895197,0.0355140186915224,220.5009345790271,4459.700589747299
2025-01-07,meta,외부,META_CMP_03_재구매,재구매,윈백,CRS_신상품_겨울_v1,17650,451,80170,17,8,465749,396,14,5,403373,CRS,신상품,겨울,N,v1,False,False,5.031470624921978,5726.428571019541,0.02555240793200988,0.031042128603035384,177.76053215038192,4542.209631727788
2025-01-07,naver,자체,NVR_CMP_01_브랜드KW,브랜드KW,논타겟,TXT_플러스멤버십_겨울_A_v1,10712,1869,83033,349,136,9196685,1766,252,101,8323070,TXT,플러스멤버십,겨울,A,v1,False,False,100.23809810557127,329.49603174472423,0.1744772218073026,0.13483146067408516,44.4264312466322,7751.400298729672
2025-01-07,naver,자체,NVR_CMP_02_일반KW,일반KW,논타겟,TXT_할인쿠폰_겨울_A_v1,9856,929,86832,113,56,3025592,853,79,46,2458054,TXT,할인쿠폰,겨울,A,v1,False,False,28.308158282660443,1099.1392404924159,0.09425730519479562,0.08503767491917649,93.46824542508776,8810.064935064041
2025-01-07,naver,자체,NVR_CMP_02_일반KW,일반KW,논타겟,TXT_플러스멤버십_겨울_B_v1,14281,1245,98316,183,78,5948189,1072,132,65,5019144,TXT,플러스멤버십,겨울,B,v1,False,False,51.051141218112505,744.8181818125394,0.08717876899376184,0.10602409638545701,78.96867469873175,6884.391849309791
2025-01-07,naver,자체,NVR_CMP_03_재구매,재구매,VIP,IMG_배송혜택_겨울_A_v1,5024,375,37210,28,16,1169542,345,23,13,1033388,IMG,배송혜택,겨울,A,v1,False,False,27.771781779090897,1617.8260868861814,0.07464171974520807,0.06133333333316978,99.22666666640207,7406.449044584512
2025-01-07,naver,자체,NVR_CMP_03_재구매,재구매,VIP,VID_적립혜택_겨울_B_v1,6017,425,51186,35,24,2197278,402,26,16,1996362,VID,적립혜택,겨울,B,v1,False,False,39.002109951939225,1968.6923076165888,0.07063320591655797,0.06117647058809135,120.43764705854015,8506.897124811616
2025-01-07,naver,자체,NVR_CMP_03_재구매,재구매,VIP,CRS_신상품_겨울_v1,6873,400,46467,38,28,2586293,390,34,24,1933813,CRS,신상품,겨울,N,v1,False,False,41.61691092603264,1366.676470548039,0.0581987487268939,0.0849999999997875,116.16749999970959,6760.803142731447
2025-01-07,naver,자체,NVR_CMP_03_재구매,재구매,윈백,IMG_배송혜택_겨울_A_v1,10948,666,82869,70,56,6208342,632,49,38,4811830,IMG,배송혜택,겨울,A,v1,False,False,58.06550097141201,1691.2040815981388,0.06083302886371384,0.0735735735734631,124.4279279277411,7569.327731091745
2025-01-07,naver,자체,NVR_CMP_03_재구매,재구매,윈백,VID_적립혜택_겨울_B_v1,6515,280,58151,26,19,1732524,253,22,13,1442635,VID,적립혜택,겨울,B,v1,False,False,24.808429777647422,2643.227272607126,0.04297774366845081,0.07857142857114796,207.68214285640116,8925.709900228867
2025-01-07,naver,자체,NVR_CMP_03_재구매,재구매,윈백,CRS_신상품_겨울_v1,9626,487,71153,47,27,2821764,447,36,22,2526185,CRS,신상품,겨울,N,v1,False,False,35.50356274506998,1976.4722221673203,0.05059214627051209,0.07392197125241495,146.1047227923078,7391.751506336235
2025-01-08,google,외부,GGL_CMP_01_플러스가입,플러스가입,논타겟,VID_플러스멤버십_겨울_A_v1,60974,1240,362008,165,53,2416397,1067,131,41,2048753,VID,플러스멤버십,겨울,A,v1,False,False,5.659413604119231,2763.4198473071497,0.02033653688457342,0.10564516129023738,291.9419354836355,5937.087939121496
2025-01-08,google,외부,GGL_CMP_01_플러스가입,플러스가입,논타겟,IMG_플러스멤버십_겨울_B_v1,48706,1533,293670,138,41,2594940,1335,125,32,2295035,IMG,플러스멤버십,겨울,B,v1,False,False,7.815013450471591,2349.359999981205,0.03147456165564753,0.08153946510105575,191.56555772981633,6029.441957869544
2025-01-08,google,외부,GGL_CMP_01_플러스가입,플러스가입,논타겟,CRS_플러스멤버십_겨울_v1,62285,1370,291447,187,43,2940185,1301,132,36,2284864,CRS,플러스멤버십,겨울,N,v1,False,False,7.839723860598984,2207.9318181650915,0.02199566508790203,0.09635036496343333,212.73503649619508,4679.248615236339
2025-01-08,google,외부,GGL_CMP_01_플러스가입,플러스가입,논타겟,IMG_적립혜택_겨울_v2,40607,1258,230186,109,28,1509295,1151,89,21,1167551,IMG,적립혜택,겨울,N,v2,False,False,5.072206824046619,2586.3595505327376,0.03097988031620088,0.0707472178059851,182.97774244818524,5668.628561577914
2025-01-08,google,외부,GGL_CMP_01_플러스가입,플러스가입,유사타겟,VID_플러스멤버십_겨울_A_v1,41895,1203,250956,117,31,1401542,1157,88,24,1121830,VID,플러스멤버십,겨울,A,v1,False,False,4.470225856325394,2851.772727240321,0.028714643752237055,0.07315045719029663,208.60847880281912,5990.118152524025
2025-01-08,google,외부,GGL_CMP_01_플러스가입,플러스가입,유사타겟,IMG_플러스멤버십_겨울_B_v1,43452,1504,273160,181,61,3926466,1360,139,47,3420974,IMG,플러스멤버십,겨울,B,v1,False,False,12.52370039537263,1965.17985610097,0.03461290619534119,0.092420212765896,181.62234042541115,6286.477032127261
2025-01-08,google,외부,GGL_CMP_01_플러스가입,플러스가입,유사타겟,CRS_플러스멤버십_겨울_v1,47451,974,247703,114,38,1859414,929,104,33,1365692,CRS,플러스멤버십,겨울,N,v1,False,False,5.513425352135398,2381.7596153617137,0.020526437798992214,0.10677618069804233,254.3151950716075,5220.185032981281
2025-01-08,google,외부,GGL_CMP_01_플러스가입,플러스가입,유사타겟,IMG_적립혜택_겨울_v2,53848,1287,337016,134,37,1636108,1127,110,27,1391952,IMG,적립혜택,겨울,N,v2,False,False,4.130225271203729,3063.7818181539656,0.02390060912197252,0.08547008547001907,261.8616938614904,6258.653989005976
2025-01-08,google,외부,GGL_CMP_02_리타겟팅,리타겟팅,리마케팅,VID_할인쿠폰_겨울_A_v1,32285,1192,177096,149,54,3713158,1131,112,36,2993204,VID,할인쿠폰,겨울,A,v1,False,False,16.901590098025835,1581.2142857001677,0.03692117082236218,0.09395973154354534,148.57046979853308,5485.395694594843
2025-01-08,google,외부,GGL_CMP_02_리타겟팅,리타겟팅,리마케팅,IMG_할인쿠폰_겨울_B_v1,27713,880,173125,116,66,2906653,823,102,55,2156240,IMG,할인쿠폰,겨울,B,v1,False,False,12.454815884476464,1697.303921551987,0.03175405044563808,0.11590909090895919,196.732954545231,6247.0681629557885
2025-01-08,google,외부,GGL_CMP_02_리타겟팅,리타겟팅,리마케팅,CRS_특가_겨울_v1,33590,990,184156,78,45,2860669,853,70,39,2371922,CRS,특가,겨울,N,v1,False,False,12.879960468298547,2630.799999962417,0.029473057457575787,0.07070707070699929,186.01616161597372,5482.465019350834
2025-01-08,google,외부,GGL_CMP_03_첫구매,첫구매,논타겟,VID_적립혜택_겨울_A_v1,61627,1422,403288,96,28,1468286,1360,68,22,1191288,VID,적립혜택,겨울,A,v1,False,False,2.9539386245065486,5930.7058822657245,0.023074301848215507,0.04781997187057115,283.6061884667485,6544.014798708252
2025-01-08,google,외부,GGL_CMP_03_첫구매,첫구매,논타겟,IMG_적립혜택_겨울_B_v1,70319,1480,349779,118,54,3758235,1399,90,39,2764874,IMG,적립혜택,겨울,B,v1,False,False,7.904631209992573,3886.4333332901506,0.02104694321591574,0.06081081081076972,236.33716216200247,4974.174831837697
2025-01-08,google,외부,GGL_CMP_03_첫구매,첫구매,논타겟,CRS_할인쿠폰_겨울_v1,45189,1319,256961,94,29,1812446,1190,76,25,1383990,CRS,할인쿠폰,겨울,N,v1,False,False,5.385992426866313,3381.0657894291962,0.02918851932992478,0.05761940864286761,194.815011372104,5686.361725198485
2025-01-08,google,외부,GGL_CMP_03_첫구매,첫구매,유사타겟,VID_적립혜택_겨울_A_v1,48674,1045,227006,74,32,2348742,982,52,27,1852773,VID,적립혜택,겨울,A,v1,False,False,8.161779864849352,4365.499999916048,0.021469367629534837,0.04976076555019162,217.2306220093615,4663.804084315966
2025-01-08,google,외부,GGL_CMP_03_첫구매,첫구매,유사타겟,IMG_적립혜택_겨울_B_v1,41510,880,215131,79,34,1913181,861,55,26,1559170,IMG,적립혜택,겨울,B,v1,False,False,7.247537546890001,3911.47272720161,0.021199710913032493,0.06249999999992898,244.46704545426766,5182.630691399538
2025-01-08,google,외부,GGL_CMP_03_첫구매,첫구매,유사타겟,CRS_할인쿠폰_겨울_v1,63186,1342,342247,142,43,2096752,1285,130,30,1872339,CRS,할인쿠폰,겨울,N,v1,False,False,5.470724359892109,2632.6692307489798,0.02123888203082928,0.09687034277190994,255.02757078967585,5416.500490614924
2025-01-08,meta,외부,META_CMP_01_신규유저,신규유저,논타겟,VID_플러스멤버십_겨울_A_v1,38780,677,172302,49,9,495095,577,34,7,402571,VID,플러스멤버십,겨울,A,v1,False,False,2.3364267390976177,5067.705882203892,0.017457452294996973,0.05022156573109273,254.50812407643352,4443.063434760071
2025-01-08,meta,외부,META_CMP_01_신규유저,신규유저,논타겟,IMG_적립혜택_겨울_B_v1,32645,657,155172,41,6,281944,572,33,5,226386,IMG,적립혜택,겨울,B,v1,False,False,1.4589358904956986,4702.181818039328,0.020125593505896152,0.050228310502206656,236.182648401467,4753.315974881153
2025-01-08,meta,외부,META_CMP_01_신규유저,신규유저,논타겟,CRS_플러스멤버십_겨울_v1,30142,541,110028,31,5,214303,521,21,4,165359,CRS,플러스멤버십,겨울,N,v1,False,False,1.5028810848147607,5239.428571179074,0.017948377678985536,0.03881700554521476,203.37892791089948,3650.321810098744
2025-01-08,meta,외부,META_CMP_02_룩얼라이크,룩얼라이크,유사타겟,VID_플러스멤버십_겨울_A_v1,36836,628,157848,35,7,291855,550,31,5,248794,VID,플러스멤버십,겨울,A,v1,False,False,1.5761618772489892,5091.870967577682,0.01704853947225494,0.04936305732476216,251.35031847093734,4285.1558258224495
2025-01-08,meta,외부,META_CMP_02_룩얼라이크,룩얼라이크,유사타겟,IMG_할인쿠폰_겨울_B_v1,49614,1051,249171,94,21,1080836,959,84,16,866354,IMG,할인쿠폰,겨울,B,v1,False,False,3.4769455514485896,2966.321428536115,0.02118353690490545,0.0799238820170505,237.07992388179156,5022.191316966884
2025-01-08,meta,외부,META_CMP_02_룩얼라이크,룩얼라이크,유사타겟,CRS_특가_겨울_v1,33931,544,126493,51,14,557286,532,41,11,518229,CRS,특가,겨울,N,v1,False,False,4.096898642612603,3085.195121875971,0.016032536618431053,0.07536764705868498,232.5238970583961,3727.947894255881
2025-01-08,meta,외부,META_CMP_03_재구매,재구매,VIP,IMG_배송혜택_겨울_A_v1,16183,287,72233,13,7,592059,246,11,5,531530,IMG,배송혜택,겨울,A,v1,False,False,7.358548032062806,6566.636363039396,0.017734659828213695,0.03832752613227064,251.68292682839134,4463.511091886271
2025-01-08,meta,외부,META_CMP_03_재구매,재구매,VIP,VID_적립혜택_겨울_B_v1,14848,317,70823,21,8,589349,302,17,7,427822,VID,적립혜택,겨울,B,v1,False,False,6.0407212346270835,4166.058823284349,0.021349676724136492,0.05362776025219676,223.4164037847842,4769.867995689334
2025-01-08,meta,외부,META_CMP_03_재구매,재구매,VIP,CRS_신상품_겨울_v1,14116,419,60796,24,9,782613,404,19,6,644083,CRS,신상품,겨울,N,v1,False,False,10.594167379432683,3199.7894735158006,0.02968262964012258,0.045346062052397745,145.09785202829332,4306.885803343418
2025-01-08,meta,외부,META_CMP_03_재구매,재구매,윈백,IMG_배송혜택_겨울_A_v1,15837,311,59034,17,5,423006,272,12,4,386180,IMG,배송혜택,겨울,A,v1,False,False,6.541653962123411,4919.499999590042,0.019637557618234536,0.03858520900309137,189.81993569070798,3727.599924227838
2025-01-08,meta,외부,META_CMP_03_재구매,재구매,윈백,VID_적립혜택_겨울_B_v1,25337,530,86065,31,19,1515795,508,27,16,1210292,VID,적립혜택,겨울,B,v1,False,False,14.062534131179758,3187.5925924745334,0.020918025022693257,0.05094339622631897,162.3867924525238,3396.810987883199
2025-01-08,meta,외부,META_CMP_03_재구매,재구매,윈백,CRS_신상품_겨울_v1,26568,582,93778,28,10,590521,566,24,8,505679,CRS,신상품,겨울,N,v1,False,False,5.392298833415029,3907.4166665038574,0.021906052393856446,0.041237113401991,161.130584192163,3529.735019572285
2025-01-08,naver,자체,NVR_CMP_01_브랜드KW,브랜드KW,논타겟,TXT_플러스멤버십_겨울_A_v1,7240,1252,62404,377,232,14423994,1160,278,173,12470764,TXT,플러스멤버십,겨울,A,v1,False,False,199.8391769758317,224.47482014307744,0.17292817679555622,0.22204472843432743,49.843450479193415,8619.337016573394
2025-01-08,naver,자체,NVR_CMP_02_일반KW,일반KW,논타겟,TXT_할인쿠폰_겨울_A_v1,9782,901,92304,178,64,5147057,878,125,52,4701414,TXT,할인쿠폰,겨울,A,v1,False,False,50.934022360893884,738.4319999940925,0.09210795338375669,0.13873473917853638,102.44617092108497,9436.107135554137
2025-01-08,naver,자체,NVR_CMP_02_일반KW,일반KW,논타겟,TXT_플러스멤버십_겨울_B_v1,16134,1088,132456,214,64,4653161,958,196,45,4215378,TXT,플러스멤버십,겨울,B,v1,False,False,31.824741801050678,675.7959183638991,0.06743522994917148,0.18014705882336385,121.74264705871164,8209.743399032588
2025-01-08,naver,자체,NVR_CMP_03_재구매,재구매,VIP,IMG_배송혜택_겨울_A_v1,4067,267,34346,31,21,1699954,235,22,15,1262534,IMG,배송혜택,겨울,A,v1,False,False,36.759273277818764,1561.1818181108554,0.06565035652813729,0.08239700374500976,128.6367041193684,8445.04548807267
2025-01-08,naver,자체,NVR_CMP_03_재구매,재구매,VIP,VID_적립혜택_겨울_B_v1,3784,206,33088,25,21,1907634,185,20,14,1565581,VID,적립혜택,겨울,B,v1,False,False,47.31567335589799,1654.39999991728,0.05443974630019703,0.09708737864030541,160.62135922252128,8744.186046509316
2025-01-08,naver,자체,NVR_CMP_03_재구매,재구매,VIP,CRS_신상품_겨울_v1,6579,419,56572,32,16,1698337,372,24,14,1249266,CRS,신상품,겨울,N,v1,False,False,22.082761790284557,2357.1666665684515,0.06368749050006632,0.05727923627671294,135.01670644359186,8598.87520899702
2025-01-08,naver,자체,NVR_CMP_03_재구매,재구매,윈백,IMG_배송혜택_겨울_A_v1,7218,390,63102,38,32,2351383,361,31,25,1708299,IMG,배송혜택,겨울,A,v1,False,False,27.072026243224826,2035.5483870311114,0.05403158769741562,0.07948717948697567,161.79999999958514,8742.310889441847
2025-01-08,naver,자체,NVR_CMP_03_재구매,재구매,윈백,VID_적립혜택_겨울_B_v1,11389,532,105316,40,21,1645578,465,34,17,1437074,VID,적립혜택,겨울,B,v1,False,False,13.645353032777416,3097.529411673602,0.04671173939766031,0.0639097744359701,197.96240601466548,9247.168320308258
2025-01-08,naver,자체,NVR_CMP_03_재구매,재구매,윈백,CRS_신상품_겨울_v1,7732,393,55362,27,19,2011904,341,21,14,1573017,CRS,신상품,겨울,N,v1,False,False,28.413297929987568,2636.2857141601767,0.050827728918772526,0.053435114503680825,140.87022900727516,7160.113812725406
2025-01-09,google,외부,GGL_CMP_01_플러스가입,플러스가입,논타겟,VID_플러스멤버십_겨울_A_v1,60346,1759,292031,147,31,1612769,1513,130,23,1295808,VID,플러스멤버십,겨울,A,v1,False,False,4.4372275546089135,2246.392307675028,0.02914857654194099,0.07390562819779767,166.02103467870037,4839.276836907088
2025-01-09,google,외부,GGL_CMP_01_플러스가입,플러스가입,논타겟,IMG_플러스멤버십_겨울_B_v1,54640,1647,251371,197,43,2939095,1479,157,31,2403186,IMG,플러스멤버십,겨울,B,v1,False,False,9.560315231271668,1601.0891719643244,0.030142752562224925,0.09532483302969319,152.62355798412105,4600.494143484543
2025-01-09,google,외부,GGL_CMP_01_플러스가입,플러스가입,논타겟,CRS_플러스멤버십_겨울_v1,45965,1088,208479,146,43,1993348,973,119,38,1682071,CRS,플러스멤버십,겨울,N,v1,False,False,8.068299445027998,1751.924369733177,0.023670183835526517,0.10937499999989947,191.61672794100036,4535.603176329718
2025-01-09,google,외부,GGL_CMP_01_플러스가입,플러스가입,논타겟,IMG_적립혜택_겨울_v2,56768,1880,351989,209,57,3866856,1714,186,44,2848250,IMG,적립혜택,겨울,N,v2,False,False,8.091872189187708,1892.4139784844494,0.03311724915445263,0.09893617021271334,187.22819148926212,6200.48266629076
2025-01-09,google,외부,GGL_CMP_01_플러스가입,플러스가입,유사타겟,VID_플러스멤버십_겨울_A_v1,68291,2119,375916,307,97,6075324,1972,223,82,4594795,VID,플러스멤버십,겨울,A,v1,False,False,12.22293012268695,1685.7219730866111,0.031028978928408852,0.10523831996219668,177.4025483717898,5504.619935276896
2025-01-09,google,외부,GGL_CMP_01_플러스가입,플러스가입,유사타겟,IMG_플러스멤버십_겨울_B_v1,70984,2505,438583,227,58,4128306,2271,208,47,3695505,IMG,플러스멤버십,겨울,B,v1,False,False,8.426010584085548,2108.572115374478,0.0352896427363908,0.08303393213569539,175.08303393206583,6178.617716668458
2025-01-09,google,외부,GGL_CMP_01_플러스가입,플러스가입,유사타겟,CRS_플러스멤버십_겨울_v1,47010,1611,301390,139,35,1922454,1437,105,27,1736798,CRS,플러스멤버십,겨울,N,v1,False,False,5.762626497229484,2870.380952353615,0.03426930440331771,0.0651769087522873,187.08255741763682,6411.18910870014
2025-01-09,google,외부,GGL_CMP_01_플러스가입,플러스가입,유사타겟,IMG_적립혜택_겨울_v2,64456,1903,357707,211,54,2596076,1762,182,47,2373423,IMG,적립혜택,겨울,N,v2,False,False,6.635103590368636,1965.423076912278,0.02952401638326875,0.09563846558061186,187.97004729364795,5549.630755864379
2025-01-09,google,외부,GGL_CMP_02_리타겟팅,리타겟팅,리마케팅,VID_할인쿠폰_겨울_A_v1,34241,911,172212,100,40,2211979,819,80,32,1610028,VID,할인쿠폰,겨울,A,v1,False,False,9.34910459201444,2152.649999973092,0.02660553138050797,0.08781558726664346,189.03622392954003,5029.40918781563
2025-01-09,google,외부,GGL_CMP_02_리타겟팅,리타겟팅,리마케팅,IMG_할인쿠폰_겨울_B_v1,28553,785,163867,94,30,2053898,701,70,25,1875979,IMG,할인쿠폰,겨울,B,v1,False,False,11.448180536654657,2340.9571428237005,0.027492732812663206,0.0891719745221794,208.74777070037103,5739.046685111696
2025-01-09,google,외부,GGL_CMP_02_리타겟팅,리타겟팅,리마케팅,CRS_특가_겨울_v1,40861,1018,253267,96,37,2128222,957,69,32,1592380,CRS,특가,겨울,N,v1,False,False,6.287356821062333,3670.5362318308617,0.0249137319204125,0.06777996070720257,248.78880157146486,6198.257507158264
2025-01-09,google,외부,GGL_CMP_03_첫구매,첫구매,논타겟,VID_적립혜택_겨울_A_v1,70649,1705,439212,132,48,3260545,1490,98,41,2854928,VID,적립혜택,겨울,A,v1,False,False,6.500113840241145,4481.755101995084,0.024133391838525326,0.057478005865068925,257.60234604090465,6216.818355532191
2025-01-09,google,외부,GGL_CMP_03_첫구매,첫구매,논타겟,IMG_적립혜택_겨울_B_v1,63563,1939,394487,176,54,3121819,1775,128,46,2824184,IMG,적립혜택,겨울,B,v1,False,False,7.159130719136481,3081.9296874759225,0.030505168100938746,0.06601340897366374,203.44868488901318,6206.236332457464
2025-01-09,google,외부,GGL_CMP_03_첫구매,첫구매,논타겟,CRS_할인쿠폰_겨울_v1,39455,804,245901,86,28,1741812,779,73,20,1555327,CRS,할인쿠폰,겨울,N,v1,False,False,6.325012911700211,3368.5068492689243,0.020377645418831067,0.09079601990038458,305.8470149249927,6232.442022557186
2025-01-09,google,외부,GGL_CMP_03_첫구매,첫구매,유사타겟,VID_적립혜택_겨울_A_v1,55169,1491,257778,96,34,2256573,1301,85,27,1790476,VID,적립혜택,겨울,A,v1,False,False,6.945806081201628,3032.6823529054977,0.02702604723667228,0.057008718980511734,172.88933601598063,4672.515361887933
2025-01-09,google,외부,GGL_CMP_03_첫구매,첫구매,유사타겟,IMG_적립혜택_겨울_B_v1,43895,1357,265464,135,45,2704212,1182,111,40,2433772,IMG,적립혜택,겨울,B,v1,False,False,9.167992646837202,2391.567567546022,0.030914682765690153,0.08179808400878276,195.62564480457212,6047.704749971386
2025-01-09,google,외부,GGL_CMP_03_첫구매,첫구매,유사타겟,CRS_할인쿠폰_겨울_v1,59863,1656,298835,140,38,2736159,1572,98,33,2342009,CRS,할인쿠폰,겨울,N,v1,False,False,7.837130858165851,3049.336734662762,0.02766316422497991,0.05917874396131692,180.45591787428717,4991.9816915289075
2025-01-09,meta,외부,META_CMP_01_신규유저,신규유저,논타겟,VID_플러스멤버십_겨울_A_v1,44548,508,168570,42,8,468225,474,33,6,371409,VID,플러스멤버십,겨울,A,v1,False,False,2.2032924007830443,5108.181818027026,0.011403430008080915,0.06496062992113197,331.8307086607641,3784.008260752362
2025-01-09,meta,외부,META_CMP_01_신규유저,신규유저,논타겟,IMG_적립혜택_겨울_B_v1,35750,567,160792,47,9,349314,519,39,7,278958,IMG,적립혜택,겨울,B,v1,False,False,1.734899746256022,4122.871794766081,0.015860139860139417,0.06878306878294747,283.5837742499408,4497.678321678197
2025-01-09,meta,외부,META_CMP_01_신규유저,신규유저,논타겟,CRS_플러스멤버십_겨울_v1,45713,789,176518,42,6,354087,736,37,4,307818,CRS,플러스멤버십,겨울,N,v1,False,False,1.7438334900689916,4770.756756627818,0.017259860433574317,0.046894803548736506,223.72370088691542,3861.4398529957816
2025-01-09,meta,외부,META_CMP_02_룩얼라이크,룩얼라이크,유사타겟,VID_플러스멤버십_겨울_A_v1,51887,821,187410,73,22,1270066,783,60,18,1096014,VID,플러스멤버십,겨울,A,v1,False,False,5.848215143268738,3123.499999947942,0.01582284579952559,0.07308160779528249,228.27040194856482,3611.887370632266
2025-01-09,meta,외부,META_CMP_02_룩얼라이크,룩얼라이크,유사타겟,IMG_할인쿠폰_겨울_B_v1,47576,936,239581,61,14,668060,799,52,11,507646,IMG,할인쿠폰,겨울,B,v1,False,False,2.1188908970243796,4607.326922988321,0.019673785101731553,0.055555555555496204,255.96260683733337,5035.753321002081
2025-01-09,meta,외부,META_CMP_02_룩얼라이크,룩얼라이크,유사타겟,CRS_특가_겨울_v1,47709,715,203154,64,19,1035972,654,56,16,936584,CRS,특가,겨울,N,v1,False,False,4.610216879805446,3627.749999935219,0.014986690142320843,0.07832167832156878,284.13146853107116,4258.190278563705
2025-01-09,meta,외부,META_CMP_03_재구매,재구매,VIP,IMG_배송혜택_겨울_A_v1,10189,180,36425,8,4,317576,157,6,3,234610,IMG,배송혜택,겨울,A,v1,False,False,6.440905971173469,6070.833332321527,0.01766611051133402,0.03333333333314815,202.3611111099869,3574.9337520852314
2025-01-09,meta,외부,META_CMP_03_재구매,재구매,VIP,VID_적립혜택_겨울_B_v1,11505,308,44592,20,8,500118,273,17,6,451077,VID,적립혜택,겨울,B,v1,False,False,10.115648546824316,2623.058823375114,0.02677096914384817,0.055194805194625995,144.77922077875073,3875.8800521509015
2025-01-09,meta,외부,META_CMP_03_재구매,재구매,VIP,CRS_신상품_겨울_v1,13231,392,46039,27,13,1077803,352,20,8,969365,CRS,신상품,겨울,N,v1,False,False,21.055300940506505,2301.9499998849024,0.029627390219935785,0.051020408163135154,117.44642857112896,3479.6311692235295
2025-01-09,meta,외부,META_CMP_03_재구매,재구매,윈백,IMG_배송혜택_겨울_A_v1,16430,315,66499,18,11,760478,280,15,9,625411,IMG,배송혜택,겨울,A,v1,False,False,9.404818117565537,4433.266666371115,0.019172245891660427,0.047619047618896446,211.10793650726634,4047.413268411196
2025-01-09,meta,외부,META_CMP_03_재구매,재구매,윈백,VID_적립혜택_겨울_B_v1,22651,427,100252,16,6,476016,372,13,4,419060,VID,적립혜택,겨울,B,v1,False,False,4.180066233092565,7711.692307099101,0.01885126484481838,0.03044496487112308,234.78220140460238,4425.941459538015
2025-01-09,meta,외부,META_CMP_03_재구매,재구매,윈백,CRS_신상품_겨울_v1,15809,395,69943,20,12,799673,337,14,9,578128,CRS,신상품,겨울,N,v1,False,False,8.265702071686826,4995.9285710717195,0.02498576760073218,0.03544303797459382,177.07088607550108,4424.252008349394
2025-01-09,naver,자체,NVR_CMP_01_브랜드KW,브랜드KW,논타겟,TXT_플러스멤버십_겨울_A_v1,8039,1302,56352,345,194,12230704,1224,267,137,9791236,TXT,플러스멤버십,겨울,A,v1,False,False,173.75134866552787,211.05617977449043,0.16196044284112923,0.20506912442380562,43.28110599075017,7009.827092921133
2025-01-09,naver,자체,NVR_CMP_02_일반KW,일반KW,논타겟,TXT_할인쿠폰_겨울_A_v1,13270,860,119912,117,39,2814348,797,90,34,2614667,TXT,할인쿠폰,겨울,A,v1,False,False,21.80488191340298,1332.3555555407515,0.06480783722682254,0.10465116279057599,139.43255813937276,9036.322532026448
2025-01-09,naver,자체,NVR_CMP_02_일반KW,일반KW,논타겟,TXT_플러스멤버십_겨울_B_v1,11411,1146,86149,145,70,5464505,1034,108,58,4085008,TXT,플러스멤버십,겨울,B,v1,False,False,47.417938687622055,797.67592591854,0.10042941021820169,0.09424083769625284,75.17364746939339,7549.645079308776
2025-01-09,naver,자체,NVR_CMP_03_재구매,재구매,VIP,IMG_배송혜택_겨울_A_v1,6158,379,42741,33,25,1776539,365,24,19,1297234,IMG,배송혜택,겨울,A,v1,False,False,30.351044664373077,1780.8749999257968,0.06154595647936642,0.06332453825840811,112.77308707094255,6940.727508930344
2025-01-09,naver,자체,NVR_CMP_03_재구매,재구매,VIP,VID_적립혜택_겨울_B_v1,7002,449,59457,30,23,2013145,403,24,18,1514200,VID,적립혜택,겨울,B,v1,False,False,25.46714432278747,2477.374999896776,0.06412453584689172,0.05345211581279855,132.42093541173182,8491.431019707441
2025-01-09,naver,자체,NVR_CMP_03_재구매,재구매,VIP,CRS_신상품_겨울_v1,6032,380,44417,40,30,2434710,352,29,25,1806632,CRS,신상품,겨울,N,v1,False,False,40.674336402727775,1531.620689602358,0.06299734748009565,0.07631578947348339,116.88684210495556,7363.5610079563385
2025-01-09,naver,자체,NVR_CMP_03_재구매,재구매,윈백,IMG_배송혜택_겨울_A_v1,10181,458,68873,33,18,1405964,404,26,13,1219985,IMG,배송혜택,겨울,A,v1,False,False,17.7135452209136,2648.961538359655,0.04498575778410323,0.05676855895184112,150.37772925731358,6764.856104507733
2025-01-09,naver,자체,NVR_CMP_03_재구매,재구매,윈백,VID_적립혜택_겨울_B_v1,7894,334,63060,26,22,1843340,284,22,19,1650524,VID,적립혜택,겨울,B,v1,False,False,26.173866159213034,2866.3636362333473,0.042310615657456,0.06586826347285668,188.80239520901557,7988.345578919687
2025-01-09,naver,자체,NVR_CMP_03_재구매,재구매,윈백,CRS_신상품_겨울_v1,9912,457,66294,44,34,2510424,403,33,30,1963564,CRS,신상품,겨울,N,v1,False,False,29.619030379822764,2008.909090848215,0.04610573042775967,0.07221006564535622,145.06345733009834,6688.256658594967
2025-01-10,google,외부,GGL_CMP_01_플러스가입,플러스가입,논타겟,VID_플러스멤버십_겨울_A_v1,53821,1124,257498,95,31,2047360,1001,81,21,1800085,VID,플러스멤버십,겨울,A,v1,False,False,6.990675655733222,3178.9876542817406,0.020884041545121405,0.07206405693943767,229.09074733075704,4784.340684862697
2025-01-10,google,외부,GGL_CMP_01_플러스가입,플러스가입,논타겟,IMG_플러스멤버십_겨울_B_v1,40014,1332,234457,125,43,2409597,1239,111,30,2147294,IMG,플러스멤버십,겨울,B,v1,False,False,9.15858345027016,2112.2252252061962,0.03328834907782193,0.08333333333327077,176.01876876863662,5859.374219023196
2025-01-10,google,외부,GGL_CMP_01_플러스가입,플러스가입,논타겟,CRS_플러스멤버십_겨울_v1,44534,1151,290232,116,40,2695738,1098,97,34,2004933,CRS,플러스멤버십,겨울,N,v1,False,False,6.908035640453131,2992.0824741959577,0.025845421475725834,0.08427454387481818,252.15638575130134,6517.088067543753
2025-01-10,google,외부,GGL_CMP_01_플러스가입,플러스가입,논타겟,IMG_적립혜택_겨울_v2,61473,1242,397941,115,41,2470070,1185,97,29,1975432,IMG,적립혜택,겨울,N,v2,False,False,4.964132873968742,4102.4845360401805,0.020203991996485933,0.0780998389693413,320.4033816422541,6473.427358352343
2025-01-10,google,외부,GGL_CMP_01_플러스가입,플러스가입,유사타겟,VID_플러스멤버십_겨울_A_v1,50333,992,297258,139,67,3188732,961,100,51,2326671,VID,플러스멤버십,겨울,A,v1,False,False,7.827109783420437,2972.579999970274,0.01970873979297837,0.1008064516128016,299.6552419351818,5905.8271909084315
2025-01-10,google,외부,GGL_CMP_01_플러스가입,플러스가입,유사타겟,IMG_플러스멤버십_겨울_B_v1,47133,1151,280444,149,65,3890760,1062,136,53,3077758,IMG,플러스멤버십,겨울,B,v1,False,False,10.974590292536083,2062.0882352789554,0.024420257569006336,0.1181581233708791,243.65247610752073,5950.056223876988
2025-01-10,google,외부,GGL_CMP_01_플러스가입,플러스가입,유사타겟,CRS_플러스멤버십_겨울_v1,55762,1718,257037,220,70,3745567,1611,172,60,3135984,CRS,플러스멤버십,겨울,N,v1,False,False,12.200515879036823,1494.4011627820094,0.03080951185395017,0.10011641443533172,149.6140861465951,4609.536960654126
2025-01-10,google,외부,GGL_CMP_01_플러스가입,플러스가입,유사타겟,IMG_적립혜택_겨울_v2,71097,1432,413463,133,60,4045587,1379,95,47,3117477,IMG,적립혜택,겨울,N,v2,False,False,7.539917719360602,4352.242105217345,0.020141496828276578,0.0663407821228587,288.731145251195,5815.477446305669
2025-01-10,google,외부,GGL_CMP_02_리타겟팅,리타겟팅,리마케팅,VID_할인쿠폰_겨울_A_v1,42308,1081,206884,126,74,3734224,983,110,57,3360367,VID,할인쿠폰,겨울,A,v1,False,False,16.24275922739305,1880.7636363465385,0.025550723267466543,0.10175763182229254,191.382053653847,4889.949891273403
2025-01-10,google,외부,GGL_CMP_02_리타겟팅,리타겟팅,리마케팅,IMG_할인쿠폰_겨울_B_v1,31951,862,175546,101,48,2656286,795,70,33,2249562,IMG,할인쿠폰,겨울,B,v1,False,False,12.814658266209355,2507.7999999641743,0.026978811304809645,0.08120649651962737,203.64965197192151,5494.225532847
2025-01-10,google,외부,GGL_CMP_02_리타겟팅,리타겟팅,리마케팅,CRS_특가_겨울_v1,35357,1092,195112,97,67,4699029,979,69,48,3831760,CRS,특가,겨울,N,v1,False,False,19.638771577350344,2827.7101448865546,0.030884973272618414,0.06318681318675533,178.67399267382905,5518.341488248282
2025-01-10,google,외부,GGL_CMP_03_첫구매,첫구매,논타겟,VID_적립혜택_겨울_A_v1,56984,1526,310044,150,92,4770127,1447,112,69,4265808,VID,적립혜택,겨울,A,v1,False,False,13.758718117428451,2768.2499999752836,0.02677944686227666,0.07339449541279594,203.17431192647237,5440.895690018156
2025-01-10,google,외부,GGL_CMP_03_첫구매,첫구매,논타겟,IMG_적립혜택_겨울_B_v1,70326,1538,390194,155,61,3255307,1335,132,51,2416941,IMG,적립혜택,겨울,B,v1,False,False,6.194203396259281,2956.015151492758,0.021869578818644285,0.08582574772426149,253.702210663034,5548.360492563126
2025-01-10,google,외부,GGL_CMP_03_첫구매,첫구매,논타겟,CRS_할인쿠폰_겨울_v1,58658,1191,378137,100,53,3818012,1123,72,40,3491921,CRS,할인쿠폰,겨울,N,v1,False,False,9.234539333627735,5251.902777704834,0.020304135838248485,0.06045340050372758,317.4953820316394,6446.469364792416
2025-01-10,google,외부,GGL_CMP_03_첫구매,첫구매,유사타겟,VID_적립혜택_겨울_A_v1,66136,1741,403345,152,90,6959228,1510,123,71,5081628,VID,적립혜택,겨울,A,v1,False,False,12.598713260360206,3279.227642249762,0.026324543365186488,0.07064905226877045,231.67432510038387,6098.7208177088705
2025-01-10,google,외부,GGL_CMP_03_첫구매,첫구매,유사타겟,IMG_적립혜택_겨울_B_v1,69365,2086,378903,188,128,6881327,1929,161,90,5514386,IMG,적립혜택,겨울,B,v1,False,False,14.553555923283758,2353.434782594078,0.030072803286959847,0.07718120805365428,181.64093959722837,5462.452245368623
2025-01-10,google,외부,GGL_CMP_03_첫구매,첫구매,유사타겟,CRS_할인쿠폰_겨울_v1,58318,1792,321276,150,105,7991159,1700,114,93,7382258,CRS,할인쿠폰,겨울,N,v1,False,False,22.977931747158134,2818.210526291068,0.03072807709455004,0.06361607142853593,179.2834821427571,5509.036661065101
2025-01-10,meta,외부,META_CMP_01_신규유저,신규유저,논타겟,VID_플러스멤버십_겨울_A_v1,40811,515,165424,40,14,606133,484,35,11,555495,VID,플러스멤버십,겨울,A,v1,False,False,3.358007302447025,4726.399999864961,0.012619146798656916,0.06796116504841172,321.21165048481316,4053.416970914605
2025-01-10,meta,외부,META_CMP_01_신규유저,신규유저,논타겟,IMG_적립혜택_겨울_B_v1,45341,602,199890,36,10,518101,588,30,8,427856,IMG,적립혜택,겨울,B,v1,False,False,2.140457251488308,6662.9999997779,0.013277166361570914,0.04983388704310659,332.0431893682192,4408.592664475764
2025-01-10,meta,외부,META_CMP_01_신규유저,신규유저,논타겟,CRS_플러스멤버십_겨울_v1,46896,678,166663,43,13,643377,635,34,10,576910,CRS,플러스멤버십,겨울,N,v1,False,False,3.461536153795363,4901.852941032299,0.014457523029682395,0.05014749262529477,245.81563421792652,3553.8851927668984
2025-01-10,meta,외부,META_CMP_02_룩얼라이크,룩얼라이크,유사타겟,VID_플러스멤버십_겨울_A_v1,36605,796,172701,62,15,628317,745,46,12,473623,VID,플러스멤버십,겨울,A,v1,False,False,2.7424450350605802,3754.369565135775,0.021745663160769795,0.05778894472354549,216.96105527610933,4717.962027045357
2025-01-10,meta,외부,META_CMP_02_룩얼라이크,룩얼라이크,유사타겟,IMG_할인쿠폰_겨울_B_v1,36622,560,174693,48,14,790807,478,42,9,713535,IMG,할인쿠폰,겨울,B,v1,False,False,4.084508251618531,4159.357142758111,0.015291354923269749,0.07499999999986608,311.95178571372867,4770.165474304933
2025-01-10,meta,외부,META_CMP_02_룩얼라이크,룩얼라이크,유사타겟,CRS_특가_겨울_v1,48035,1053,221309,84,24,1373360,1004,64,19,1256022,CRS,특가,겨울,N,v1,False,False,5.675422147314363,3457.953124945969,0.021921515561569235,0.06077872744533639,210.16999050312424,4607.244717393472
2025-01-10,meta,외부,META_CMP_03_재구매,재구매,VIP,IMG_배송혜택_겨울_A_v1,11749,350,58738,17,12,650347,308,14,10,587084,IMG,배송혜택,겨울,A,v1,False,False,9.994960672818108,4195.5714282717445,0.02978976934206913,0.03999999999988572,167.82285714237764,4999.404204612733
2025-01-10,meta,외부,META_CMP_03_재구매,재구매,VIP,VID_적립혜택_겨울_B_v1,15094,440,68584,26,20,1442525,408,22,17,1127733,VID,적립혜택,겨울,B,v1,False,False,16.443091683191174,3117.454545312843,0.029150655889755586,0.049999999999886365,155.87272727237303,4543.792235324994
2025-01-10,meta,외부,META_CMP_03_재구매,재구매,VIP,CRS_신상품_겨울_v1,10161,263,37333,11,7,465037,238,9,4,391857,CRS,신상품,겨울,N,v1,False,False,10.496263359494002,4148.111110650209,0.025883279204800127,0.03422053231926152,141.95057034166558,3674.146245447921
2025-01-10,meta,외부,META_CMP_03_재구매,재구매,윈백,IMG_배송혜택_겨울_A_v1,17913,376,81545,16,8,516802,322,14,6,443931,IMG,배송혜택,겨울,A,v1,False,False,5.444000245263284,5824.642856726811,0.020990342209567296,0.03723404255309246,216.8749999994232,4552.280466699907
2025-01-10,meta,외부,META_CMP_03_재구매,재구매,윈백,VID_적립혜택_겨울_B_v1,20880,509,82718,33,20,1223014,444,23,15,987394,VID,적립혜택,겨울,B,v1,False,False,11.936869846949733,3596.434782452329,0.024377394636014158,0.045186640471424,162.51080550066305,3961.5900383139865
2025-01-10,meta,외부,META_CMP_03_재구매,재구매,윈백,CRS_신상품_겨울_v1,21466,379,80103,17,10,658828,332,14,7,612243,CRS,신상품,겨울,N,v1,False,False,7.643196884011739,5721.642856734168,0.01765582782073895,0.0369393139840714,211.35356200471938,3731.6221000650453
2025-01-10,naver,자체,NVR_CMP_01_브랜드KW,브랜드KW,논타겟,TXT_플러스멤버십_겨울_A_v1,10747,1869,69084,494,351,29976568,1737,413,312,25879843,TXT,플러스멤버십,겨울,A,v1,False,False,374.61413641363595,167.273607747779,0.17390899785985167,0.22097378277141735,36.96308186193849,6428.212524424823
2025-01-10,naver,자체,NVR_CMP_02_일반KW,일반KW,논타겟,TXT_할인쿠폰_겨울_A_v1,11246,1138,105982,165,91,5311460,1102,145,69,4719718,TXT,할인쿠폰,겨울,A,v1,False,False,44.53320375158003,730.9103448225455,0.10119153476790849,0.12741652021078434,93.13005272399549,9423.97296816562
2025-01-10,naver,자체,NVR_CMP_02_일반KW,일반KW,논타겟,TXT_플러스멤버십_겨울_B_v1,12188,717,113038,91,49,3870733,625,82,39,2792886,TXT,플러스멤버십,겨울,B,v1,False,False,24.707496594065493,1378.51219510514,0.05882835575975887,0.11436541143638164,157.65411436519156,9274.532326878136
2025-01-10,naver,자체,NVR_CMP_03_재구매,재구매,VIP,IMG_배송혜택_겨울_A_v1,3992,257,35431,30,28,2070611,236,25,25,1827921,IMG,배송혜택,겨울,A,v1,False,False,51.59100787445877,1417.2399999433103,0.06437875751501393,0.09727626459106119,137.86381322903554,8875.501002001785
2025-01-10,naver,자체,NVR_CMP_03_재구매,재구매,VIP,VID_적립혜택_겨울_B_v1,5874,434,51633,33,31,2598929,373,23,26,2175817,VID,적립혜택,겨울,B,v1,False,False,42.14004609455112,2244.913043380656,0.0738849165815332,0.05299539170494701,118.97004608267518,8790.091930539871
2025-01-10,naver,자체,NVR_CMP_03_재구매,재구매,VIP,CRS_신상품_겨울_v1,5642,276,40779,24,25,2205832,235,20,19,1885321,CRS,신상품,겨울,N,v1,False,False,46.232644253168395,2038.9499998980525,0.04891882311236283,0.07246376811567948,147.74999999946468,7227.756114851608
2025-01-10,naver,자체,NVR_CMP_03_재구매,재구매,윈백,IMG_배송혜택_겨울_A_v1,9639,650,79753,69,50,5485863,561,60,37,4049478,IMG,배송혜택,겨울,A,v1,False,False,50.77524356450477,1329.2166666445132,0.06743438115986436,0.0923076923075503,122.69692307673431,8273.991077911787
2025-01-10,naver,자체,NVR_CMP_03_재구매,재구매,윈백,VID_적립혜택_겨울_B_v1,10432,587,79955,61,58,5370365,509,47,49,4482118,VID,적립혜택,겨울,B,v1,False,False,56.05800762929077,1701.1702127297624,0.05626917177913571,0.08006814310037468,136.20954003383952,7664.3980061342345
2025-01-10,naver,자체,NVR_CMP_03_재구매,재구매,윈백,CRS_신상품_겨울_v1,11484,528,98387,63,72,7278673,474,57,57,6089080,CRS,신상품,겨울,N,v1,False,False,61.88907071056072,1726.0877192679634,0.04597701149424887,0.107954545454341,186.33901515116224,8567.311041448227
2025-01-11,google,외부,GGL_CMP_01_플러스가입,플러스가입,논타겟,VID_플러스멤버십_겨울_A_v1,31925,617,182376,73,24,1257096,584,65,18,1014045,VID,플러스멤버십,겨울,A,v1,False,False,5.560188840636895,2805.7846153414494,0.019326546593578093,0.10534846029156346,295.5850891405258,5712.638997650565
2025-01-11,google,외부,GGL_CMP_01_플러스가입,플러스가입,논타겟,IMG_플러스멤버십_겨울_B_v1,44861,1242,213274,120,38,1875070,1084,105,32,1685296,IMG,플러스멤버십,겨울,B,v1,False,False,7.902022750077329,2031.1809523616078,0.0276855174873492,0.0845410628018643,171.71819645718864,4754.1071309153895
2025-01-11,google,외부,GGL_CMP_01_플러스가입,플러스가입,논타겟,CRS_플러스멤버십_겨울_v1,51951,1852,281303,223,52,2384328,1597,191,40,1882376,CRS,플러스멤버십,겨울,N,v1,False,False,6.6916314436745905,1472.7905759085195,0.03564897692055907,0.10313174945998752,151.89146868242338,5414.775461492456
2025-01-11,google,외부,GGL_CMP_01_플러스가입,플러스가입,논타겟,IMG_적립혜택_겨울_v2,32048,963,148065,120,40,2109564,874,100,29,1777678,IMG,적립혜택,겨울,N,v2,False,False,12.00606490392725,1480.6499999851935,0.030048676984522276,0.10384215991681844,153.75389408083723,4620.101098352327
2025-01-11,google,외부,GGL_CMP_01_플러스가입,플러스가입,유사타겟,VID_플러스멤버십_겨울_A_v1,42872,1083,218473,121,22,1116935,951,104,17,1001246,VID,플러스멤버십,겨울,A,v1,False,False,4.582927867516789,2100.701923056724,0.025261242769172767,0.0960295475530046,201.7294552168036,5095.936741929346
2025-01-11,google,외부,GGL_CMP_01_플러스가입,플러스가입,유사타겟,IMG_플러스멤버십_겨울_B_v1,32199,1009,203863,115,28,1467213,930,84,22,1315762,IMG,플러스멤버십,겨울,B,v1,False,False,6.454148128890449,2426.940476161584,0.03133637690611412,0.08325074331012562,202.04459861228736,6331.345693965454
2025-01-11,google,외부,GGL_CMP_01_플러스가입,플러스가입,유사타겟,CRS_플러스멤버십_겨울_v1,50128,1080,279963,108,35,1613595,928,76,27,1172358,CRS,플러스멤버십,겨울,N,v1,False,False,4.187546211463643,3683.723684162056,0.02154484519629705,0.07037037037030522,259.22499999976,5584.962496010103
2025-01-11,google,외부,GGL_CMP_01_플러스가입,플러스가입,유사타겟,IMG_적립혜택_겨울_v2,43276,1122,246590,163,45,2652543,1099,131,38,2113604,IMG,적립혜택,겨울,N,v2,False,False,8.57132892655822,1882.3664121993713,0.025926610592475603,0.1167557932262774,219.77718360051713,5698.077456326701
2025-01-11,google,외부,GGL_CMP_02_리타겟팅,리타겟팅,리마케팅,VID_할인쿠폰_겨울_A_v1,20641,840,124116,79,34,1973235,757,64,28,1772115,VID,할인쿠폰,겨울,A,v1,False,False,14.277893261142687,1939.3124999696981,0.04069570272757905,0.07619047619038549,147.75714285696696,6013.080761590717
2025-01-11,google,외부,GGL_CMP_02_리타겟팅,리타겟팅,리마케팅,IMG_할인쿠폰_겨울_B_v1,29302,1095,139620,119,51,2495251,1065,100,45,2182204,IMG,할인쿠폰,겨울,B,v1,False,False,15.629594613952046,1396.199999986038,0.03736946283530007,0.09132420091315861,127.50684931495205,4764.862466725658
2025-01-11,google,외부,GGL_CMP_02_리타겟팅,리타겟팅,리마케팅,CRS_특가_겨울_v1,24505,785,119619,84,27,1462305,671,62,23,1163794,CRS,특가,겨울,N,v1,False,False,9.729173459065786,1929.3387096463011,0.032034278718627546,0.0789808917196446,152.3808917195511,4881.411956743323
2025-01-11,google,외부,GGL_CMP_03_첫구매,첫구매,논타겟,VID_적립혜택_겨울_A_v1,40499,984,182333,114,39,2717832,903,100,33,2107125,VID,적립혜택,겨울,A,v1,False,False,11.556465368309569,1823.3299999817666,0.024296896219659147,0.10162601626005932,185.29776422745397,4502.160547173894
2025-01-11,google,외부,GGL_CMP_03_첫구매,첫구매,논타겟,IMG_적립혜택_겨울_B_v1,42347,851,247225,70,29,2136515,780,54,25,1769970,IMG,적립혜택,겨울,B,v1,False,False,7.159348771362091,4578.240740655959,0.020095874560180887,0.06345475910685845,290.5111633369089,5838.075896757602
2025-01-11,google,외부,GGL_CMP_03_첫구매,첫구매,논타겟,CRS_할인쿠폰_겨울_v1,37609,1147,205762,102,42,2670383,995,75,29,2283525,CRS,할인쿠폰,겨울,N,v1,False,False,11.097894654989693,2743.4933332967535,0.030498019091174177,0.06538796861371805,179.39145597194474,5471.084049030672
2025-01-11,google,외부,GGL_CMP_03_첫구매,첫구매,유사타겟,VID_적립혜택_겨울_A_v1,34110,692,177266,70,21,1162727,661,60,16,954076,VID,적립혜택,겨울,A,v1,False,False,5.382171425992546,2954.433333284093,0.020287305775431832,0.08670520231201344,256.1647398840229,5196.8924069186405
2025-01-11,google,외부,GGL_CMP_03_첫구매,첫구매,유사타겟,IMG_적립혜택_겨울_B_v1,34089,679,212490,43,12,788975,591,36,8,662878,IMG,적립혜택,겨울,B,v1,False,False,3.119572685773434,5902.499999836043,0.019918448766463672,0.05301914580257287,312.9455080996864,6233.389069787726
2025-01-11,google,외부,GGL_CMP_03_첫구매,첫구매,유사타겟,CRS_할인쿠폰_겨울_v1,30258,646,145120,74,30,1963471,550,63,24,1530575,CRS,할인쿠폰,겨울,N,v1,False,False,10.546961135611836,2303.4920634555,0.02134972569237817,0.09752321981409053,224.64396284794947,4796.086985259937
2025-01-11,meta,외부,META_CMP_01_신규유저,신규유저,논타겟,VID_플러스멤버십_겨울_A_v1,23670,371,119010,31,5,277061,344,27,4,210066,VID,플러스멤버십,겨울,A,v1,False,False,1.7651121754474266,4407.777777614527,0.015673848753696,0.07277628032325398,320.781671158165,5027.8833967044775
2025-01-11,meta,외부,META_CMP_01_신규유저,신규유저,논타겟,IMG_적립혜택_겨울_B_v1,34517,480,157972,30,6,299673,422,23,4,228498,IMG,적립혜택,겨울,B,v1,False,False,1.4464462056566896,6868.347825788333,0.013906191152185478,0.04791666666656684,329.1083333326477,4576.643393110509
2025-01-11,meta,외부,META_CMP_01_신규유저,신규유저,논타겟,CRS_플러스멤버십_겨울_v1,38296,622,155683,34,5,236649,578,24,4,195400,CRS,플러스멤버십,겨울,N,v1,False,False,1.2551145597142832,6486.791666396383,0.01624190515980739,0.0385852090031534,250.2942122182471,4065.2548569040096
2025-01-11,meta,외부,META_CMP_02_룩얼라이크,룩얼라이크,유사타겟,VID_플러스멤버십_겨울_A_v1,24271,432,86865,35,10,599272,410,29,7,478086,VID,플러스멤버십,겨울,A,v1,False,False,5.503781730271046,2995.3448274829193,0.01779901940587459,0.06712962962947423,201.07638888842345,3578.9625478965195
2025-01-11,meta,외부,META_CMP_02_룩얼라이크,룩얼라이크,유사타겟,IMG_할인쿠폰_겨울_B_v1,22870,419,85660,38,11,523046,388,32,9,453119,IMG,할인쿠폰,겨울,B,v1,False,False,5.2897385010506035,2676.874999916348,0.018320944468735535,0.07637231503561726,204.43914081096793,3745.518146042687
2025-01-11,meta,외부,META_CMP_02_룩얼라이크,룩얼라이크,유사타겟,CRS_특가_겨울_v1,23896,335,99446,21,6,271190,322,16,4,235642,CRS,특가,겨울,N,v1,False,False,2.3695472919976432,6215.374999611539,0.01401908269166329,0.04776119402970818,296.85373134239745,4161.617007030291
2025-01-11,meta,외부,META_CMP_03_재구매,재구매,VIP,IMG_배송혜택_겨울_A_v1,11091,271,39461,10,5,384344,241,7,3,329317,IMG,배송혜택,겨울,A,v1,False,False,8.345378981779268,5637.285713480388,0.024434225948965427,0.025830258302487714,145.61254612492394,3557.9298530336705
2025-01-11,meta,외부,META_CMP_03_재구매,재구매,VIP,VID_적립혜택_겨울_B_v1,8053,228,32788,11,4,306513,216,8,3,251744,VID,적립혜택,겨울,B,v1,False,False,7.677930950347455,4098.499999487687,0.028312430150251047,0.03508771929809172,143.8070175432289,4071.526139326453
2025-01-11,meta,외부,META_CMP_03_재구매,재구매,VIP,CRS_신상품_겨울_v1,8714,210,32994,10,4,309858,198,8,3,271758,CRS,신상품,겨울,N,v1,False,False,8.236588470630775,4124.249999484468,0.024099150791826472,0.03809523809505669,157.11428571353756,3786.3208629786795
2025-01-11,meta,외부,META_CMP_03_재구매,재구매,윈백,IMG_배송혜택_겨울_A_v1,15245,399,55367,18,8,521052,367,15,6,392745,IMG,배송혜택,겨울,A,v1,False,False,7.09348528907098,3691.1333330872576,0.026172515578876603,0.0375939849623118,138.76441102722114,3631.8137094126837
2025-01-11,meta,외부,META_CMP_03_재구매,재구매,윈백,VID_적립혜택_겨울_B_v1,20140,331,70752,14,8,547109,284,10,5,398256,VID,적립혜택,겨울,B,v1,False,False,5.628900949796392,7075.19999929248,0.016434955312809512,0.030211480362446492,213.7522658603814,3513.00893743776
2025-01-11,meta,외부,META_CMP_03_재구매,재구매,윈백,CRS_신상품_겨울_v1,14656,442,64361,25,14,1033691,430,22,11,839547,CRS,신상품,겨울,N,v1,False,False,13.044343624244293,2925.499999867023,0.03015829694322938,0.04977375565599599,145.61312217161625,4391.4437772922765
2025-01-11,naver,자체,NVR_CMP_01_브랜드KW,브랜드KW,논타겟,TXT_플러스멤버십_겨울_A_v1,5541,818,49717,171,64,4800221,750,128,45,3492510,TXT,플러스멤버십,겨울,A,v1,False,False,70.24780256250236,388.4140624969655,0.14762678216925687,0.1564792176037207,60.77872860628267,8972.56812849504
2025-01-11,naver,자체,NVR_CMP_02_일반KW,일반KW,논타겟,TXT_할인쿠폰_겨울_A_v1,7971,452,55030,91,40,2421878,407,75,31,2118548,TXT,할인쿠폰,겨울,A,v1,False,False,38.49805560603237,733.7333333235501,0.05670555764646133,0.16592920353945592,121.74778761035012,6903.776188683113
2025-01-11,naver,자체,NVR_CMP_02_일반KW,일반KW,논타겟,TXT_플러스멤버십_겨울_B_v1,7004,427,51202,79,37,2234465,416,60,30,1700093,TXT,플러스멤버십,겨울,B,v1,False,False,33.20364438889041,853.3666666524439,0.06096516276412607,0.14051522248210652,119.9110070254803,7310.394060535792
2025-01-11,naver,자체,NVR_CMP_03_재구매,재구매,VIP,IMG_배송혜택_겨울_A_v1,5094,311,36858,28,14,1016141,276,25,11,935773,IMG,배송혜택,겨울,A,v1,False,False,25.388599489933657,1474.3199999410272,0.06105221829602256,0.08038585208977368,118.51446945299513,7235.571260304821
2025-01-11,naver,자체,NVR_CMP_03_재구매,재구매,VIP,VID_적립혜택_겨울_B_v1,4963,344,40893,36,32,3004208,326,31,28,2452509,VID,적립혜택,겨울,B,v1,False,False,59.97380969847994,1319.1290322155119,0.06931291557524293,0.09011627906950548,118.87499999965443,8239.572839007003
2025-01-11,naver,자체,NVR_CMP_03_재구매,재구매,VIP,CRS_신상품_겨울_v1,3954,243,25652,17,8,775527,237,14,5,609799,CRS,신상품,겨울,N,v1,False,False,23.771986589738663,1832.2857141548368,0.06145675265552315,0.05761316872404275,105.56378600779604,6487.607486088395
2025-01-11,naver,자체,NVR_CMP_03_재구매,재구매,윈백,IMG_배송혜택_겨울_A_v1,8594,507,55269,58,34,2498204,475,51,23,2287338,IMG,배송혜택,겨울,A,v1,False,False,41.385550670356956,1083.705882331692,0.05899464742843158,0.10059171597613295,109.01183431931162,6431.114731207071
2025-01-11,naver,자체,NVR_CMP_03_재구매,재구매,윈백,VID_적립혜택_겨울_B_v1,6655,355,61637,29,25,2477171,343,23,18,2166137,VID,적립혜택,겨울,B,v1,False,False,35.1434527962095,2679.869565100875,0.053343350864004005,0.0647887323941837,173.625352112187,9261.758076632717
2025-01-11,naver,자체,NVR_CMP_03_재구매,재구매,윈백,CRS_신상품_겨울_v1,8259,398,58216,32,23,1752834,343,28,19,1506243,CRS,신상품,겨울,N,v1,False,False,25.873350968805383,2079.142857068602,0.04818985349315314,0.07035175879379309,146.27135678355208,7048.795253661817
2025-01-12,google,외부,GGL_CMP_01_플러스가입,플러스가입,논타겟,VID_플러스멤버십_겨울_A_v1,44067,1403,246389,119,31,1893119,1282,109,27,1708429,VID,플러스멤버십,겨울,A,v1,False,False,6.933868800961054,2260.4495412636657,0.03183788322327293,0.0776906628652333,175.61582323579785,5591.236072344258
2025-01-12,google,외부,GGL_CMP_01_플러스가입,플러스가입,논타겟,IMG_플러스멤버십_겨울_B_v1,41022,1455,263165,147,33,1975323,1246,128,25,1646552,IMG,플러스멤버십,겨울,B,v1,False,False,6.256728668325931,2055.976562483938,0.035468772853589896,0.08797250859100483,180.86941580743584,6415.216225439852
2025-01-12,google,외부,GGL_CMP_01_플러스가입,플러스가입,논타겟,CRS_플러스멤버십_겨울_v1,41311,1063,244146,100,34,2148858,967,85,23,1642281,CRS,플러스멤버십,겨울,N,v1,False,False,6.726634882406402,2872.305882319149,0.025731645324489225,0.07996237064903108,229.67638758209813,5909.95134467803
2025-01-12,google,외부,GGL_CMP_01_플러스가입,플러스가입,논타겟,IMG_적립혜택_겨울_v2,43254,1064,248629,106,29,1465118,969,88,22,1208343,IMG,적립혜택,겨울,N,v2,False,False,4.86002437366516,2825.3295454224394,0.024598881028343633,0.0827067669172155,233.6738721802315,5748.115781199294
2025-01-12,google,외부,GGL_CMP_01_플러스가입,플러스가입,유사타겟,VID_플러스멤버십_겨울_A_v1,34085,1050,177892,148,34,1664196,910,122,24,1233123,VID,플러스멤버십,겨울,A,v1,False,False,6.931863152924207,1458.1311475290318,0.03080533959219508,0.11619047619036553,169.42095238079102,5219.06997212835
2025-01-12,google,외부,GGL_CMP_01_플러스가입,플러스가입,유사타겟,IMG_플러스멤버십_겨울_B_v1,35556,822,190256,89,18,1266778,714,78,12,1044984,IMG,플러스멤버십,겨울,B,v1,False,False,5.4925153477419615,2439.1794871482157,0.023118461019236612,0.09489051094878967,231.4549878342683,5350.883113960926
2025-01-12,google,외부,GGL_CMP_01_플러스가입,플러스가입,유사타겟,CRS_플러스멤버십_겨울_v1,53515,1780,296335,235,74,3866569,1643,193,56,3344636,CRS,플러스멤버십,겨울,N,v1,False,False,11.286672178446652,1535.4145077640653,0.033261702326449906,0.10842696629207392,166.48033707855816,5537.419415117154
2025-01-12,google,외부,GGL_CMP_01_플러스가입,플러스가입,유사타겟,IMG_적립혜택_겨울_v2,30360,992,165413,125,32,1702497,889,102,28,1317937,IMG,적립혜택,겨울,N,v2,False,False,7.967553940742215,1621.6960784154735,0.03267457180500551,0.10282258064505764,166.74697580628353,5448.38603425542
2025-01-12,google,외부,GGL_CMP_02_리타겟팅,리타겟팅,리마케팅,VID_할인쿠폰_겨울_A_v1,17619,476,111144,65,23,1376253,444,47,19,1093533,VID,할인쿠폰,겨울,A,v1,False,False,9.838884690131632,2364.7659573964947,0.02701628923321261,0.09873949579811189,233.4957983188372,6308.190022134837
2025-01-12,google,외부,GGL_CMP_02_리타겟팅,리타겟팅,리마케팅,IMG_할인쿠폰_겨울_B_v1,27321,949,164482,126,52,2697728,884,92,37,2399954,IMG,할인쿠폰,겨울,B,v1,False,False,14.590982599919661,1787.8478260675233,0.0347351853885277,0.09694415173857013,173.32139093764667,6020.350646022985
2025-01-12,google,외부,GGL_CMP_02_리타겟팅,리타겟팅,리마케팅,CRS_특가_겨울_v1,22335,843,126363,110,36,1744379,741,84,26,1353933,CRS,특가,겨울,N,v1,False,False,10.714631656418328,1504.3214285535198,0.03774345198119374,0.0996441281137608,149.89679715284709,5657.622565479935
2025-01-12,google,외부,GGL_CMP_03_첫구매,첫구매,논타겟,VID_적립혜택_겨울_A_v1,44829,966,241125,105,37,2447709,942,83,26,1774224,VID,적립혜택,겨울,A,v1,False,False,7.358108864696704,2905.1204818927094,0.021548551161078285,0.0859213250516709,249.61180124197762,5378.772669477228
2025-01-12,google,외부,GGL_CMP_03_첫구매,첫구매,논타겟,IMG_적립혜택_겨울_B_v1,46887,1286,303310,129,37,1977614,1110,92,32,1651646,IMG,적립혜택,겨울,B,v1,False,False,5.445405690547607,3296.847826051121,0.02742764518949757,0.07153965785375463,235.85536547415563,6468.9572802694465
2025-01-12,google,외부,GGL_CMP_03_첫구매,첫구매,논타겟,CRS_할인쿠폰_겨울_v1,29527,692,179613,46,15,796455,647,41,11,614826,CRS,할인쿠폰,겨울,N,v1,False,False,3.423059578092881,4380.804877941932,0.02343617705828484,0.05924855491320918,259.55635838112784,6083.008771632537
2025-01-12,google,외부,GGL_CMP_03_첫구매,첫구매,유사타겟,VID_적립혜택_겨울_A_v1,35908,965,168366,104,29,1985698,928,80,22,1836266,VID,적립혜택,겨울,A,v1,False,False,10.906394402670308,2104.5749999736927,0.026874234153948236,0.08290155440405916,174.47253885992282,4688.815862760258
2025-01-12,google,외부,GGL_CMP_03_첫구매,첫구매,유사타겟,IMG_적립혜택_겨울_B_v1,42254,912,227270,105,45,2418991,846,88,36,2028170,IMG,적립혜택,겨울,B,v1,False,False,8.924055088661024,2582.6136363342885,0.021583755384105136,0.09649122807006964,249.19956140323552,5378.662375159621
2025-01-12,google,외부,GGL_CMP_03_첫구매,첫구매,유사타겟,CRS_할인쿠폰_겨울_v1,41830,1133,212549,92,36,2618726,1028,71,26,2052427,CRS,할인쿠폰,겨울,N,v1,False,False,9.656253381573146,2993.6478872817793,0.027085823571598684,0.06266548984990056,187.59841129727485,5081.257470714677
2025-01-12,meta,외부,META_CMP_01_신규유저,신규유저,논타겟,VID_플러스멤버십_겨울_A_v1,22051,424,105504,26,5,183348,411,23,3,132362,VID,플러스멤버십,겨울,A,v1,False,False,1.2545685471640766,4587.130434583169,0.01922815291823413,0.05424528301873999,248.83018867865843,4784.5449185975785
2025-01-12,meta,외부,META_CMP_01_신규유저,신규유저,논타겟,IMG_적립혜택_겨울_B_v1,30185,428,113147,21,4,183470,394,16,2,160498,IMG,적립혜택,겨울,B,v1,False,False,1.4184909895975906,7071.687499558019,0.014179228093423417,0.037383177570006115,264.36214953209264,3748.451217492008
2025-01-12,meta,외부,META_CMP_01_신규유저,신규유저,논타겟,CRS_플러스멤버십_겨울_v1,29415,441,111830,29,5,269557,427,25,4,210195,CRS,플러스멤버십,겨울,N,v1,False,False,1.8795940266475732,4473.199999821072,0.014992350841406935,0.05668934240349957,253.58276643933428,3801.8018018016724
2025-01-12,meta,외부,META_CMP_02_룩얼라이크,룩얼라이크,유사타겟,VID_플러스멤버십_겨울_A_v1,36091,770,146301,71,14,634904,718,59,10,540162,VID,플러스멤버십,겨울,A,v1,False,False,3.692127873356958,2479.6779660596667,0.021334958854007335,0.07662337662327712,190.00129870105195,4053.669890000165
2025-01-12,meta,외부,META_CMP_02_룩얼라이크,룩얼라이크,유사타겟,IMG_할인쿠폰_겨울_B_v1,25599,327,88147,25,5,204272,289,21,4,157062,IMG,할인쿠폰,겨울,B,v1,False,False,1.7818190068862039,4197.47619027631,0.012773936481893325,0.06422018348604214,269.5626911306741,3443.3766944019903
2025-01-12,meta,외부,META_CMP_02_룩얼라이크,룩얼라이크,유사타겟,CRS_특가_겨울_v1,24897,446,97955,30,8,498808,405,26,6,447502,CRS,특가,겨울,N,v1,False,False,4.568444693992093,3767.499999855096,0.01791380487608877,0.05829596412542983,219.63004484255688,3934.409768245012
2025-01-12,meta,외부,META_CMP_03_재구매,재구매,VIP,IMG_배송혜택_겨울_A_v1,12010,206,56004,8,3,180652,197,7,2,134696,IMG,배송혜택,겨울,A,v1,False,False,2.405113920434212,8000.57142742849,0.017152373022479836,0.03398058252410689,271.8640776685832,4663.114071606606
2025-01-12,meta,외부,META_CMP_03_재구매,재구매,VIP,VID_적립혜택_겨울_B_v1,10970,218,51073,11,6,329315,198,9,4,305026,VID,적립혜택,겨울,B,v1,False,False,5.972353298220078,5674.7777771472465,0.019872379216041944,0.0412844036695354,234.2798165126868,4655.697356426193
2025-01-12,meta,외부,META_CMP_03_재구매,재구매,VIP,CRS_신상품_겨울_v1,9295,241,36105,12,6,331064,234,9,4,282758,CRS,신상품,겨울,N,v1,False,False,7.831546877163611,4011.666666220926,0.025927918235607753,0.03734439834009401,149.81327800767713,3884.346422807543
2025-01-12,meta,외부,META_CMP_03_재구매,재구매,윈백,IMG_배송혜택_겨울_A_v1,12902,372,62071,17,6,450154,331,12,4,335421,IMG,배송혜택,겨울,A,v1,False,False,5.403827874530693,5172.583332902284,0.028832739110213234,0.032258064516042316,166.8575268812719,4810.959541156037
2025-01-12,meta,외부,META_CMP_03_재구매,재구매,윈백,VID_적립혜택_겨울_B_v1,18482,305,63403,19,9,664134,273,13,6,490924,VID,적립혜택,겨울,B,v1,False,False,7.742914373136796,4877.15384577868,0.01650254301482434,0.042622950819532386,207.8786885239086,3430.5269992423205
2025-01-12,meta,외부,META_CMP_03_재구매,재구매,윈백,CRS_신상품_겨울_v1,16871,496,84944,29,10,754177,466,25,7,579857,CRS,신상품,겨울,N,v1,False,False,6.826344415144014,3397.7599998640894,0.029399561377509962,0.05040322580635,171.25806451578376,5034.911979135496
2025-01-12,naver,자체,NVR_CMP_01_브랜드KW,브랜드KW,논타겟,TXT_플러스멤버십_겨울_A_v1,8700,1377,76746,391,197,12044602,1293,304,139,10945161,TXT,플러스멤버십,겨울,A,v1,False,False,142.61539363614855,252.45394736759062,0.1582758620689473,0.22076978939708006,55.734204792987846,8821.379310343813
2025-01-12,naver,자체,NVR_CMP_02_일반KW,일반KW,논타겟,TXT_할인쿠폰_겨울_A_v1,9366,730,68775,127,39,2160031,653,109,28,1932327,TXT,할인쿠폰,겨울,A,v1,False,False,28.096357688113002,630.963302746505,0.07794149049753599,0.14931506849294615,94.21232876699423,7343.049327353476
2025-01-12,naver,자체,NVR_CMP_02_일반KW,일반KW,논타겟,TXT_플러스멤버십_겨울_B_v1,11800,987,78121,122,41,2368316,886,85,33,1893703,TXT,플러스멤버십,겨울,B,v1,False,False,24.24063952074315,919.0705882244815,0.08364406779660308,0.08611955420457333,79.14994934135851,6620.423728812998
2025-01-12,naver,자체,NVR_CMP_03_재구매,재구매,VIP,IMG_배송혜택_겨울_A_v1,3285,136,30031,15,8,805852,127,12,6,668901,IMG,배송혜택,겨울,A,v1,False,False,22.27368386001058,2502.5833331247845,0.04140030441399044,0.08823529411699828,220.8161764689646,9141.856925415785
2025-01-12,naver,자체,NVR_CMP_03_재구매,재구매,VIP,VID_적립혜택_겨울_B_v1,4044,243,33815,20,15,1113512,223,14,12,832074,VID,적립혜택,겨울,B,v1,False,False,24.606653851840175,2415.3571426846174,0.0600890207714985,0.05761316872404275,139.15637860025038,8361.770524231364
2025-01-12,naver,자체,NVR_CMP_03_재구매,재구매,VIP,CRS_신상품_겨울_v1,4957,238,39424,17,12,1268824,222,13,10,981748,CRS,신상품,겨울,N,v1,False,False,24.902293019479888,3032.6153843821066,0.04801291103489045,0.054621848739266295,165.64705882283343,7953.197498485383
2025-01-12,naver,자체,NVR_CMP_03_재구매,재구매,윈백,IMG_배송혜택_겨울_A_v1,6208,386,41139,46,26,2359941,372,33,22,1729239,IMG,배송혜택,겨울,A,v1,False,False,42.03405527601444,1246.636363598587,0.06217783505153637,0.08549222797905313,106.57772020697779,6626.771907215427
2025-01-12,naver,자체,NVR_CMP_03_재구매,재구매,윈백,VID_적립혜택_겨울_B_v1,6984,515,53994,45,35,3681513,455,31,24,2885643,VID,적립혜택,겨울,B,v1,False,False,53.44377153016903,1741.7419354276858,0.073739977090482,0.060194174757164674,104.84271844639837,7731.099656356281
2025-01-12,naver,자체,NVR_CMP_03_재구매,재구매,윈백,CRS_신상품_겨울_v1,8550,638,57377,69,49,3805466,585,52,40,2882901,CRS,신상품,겨울,N,v1,False,False,50.2448890670469,1103.403846132627,0.07461988304092694,0.08150470219422962,89.93260188073678,6710.760233917344
2025-01-13,google,외부,GGL_CMP_01_플러스가입,플러스가입,논타겟,VID_플러스멤버십_겨울_A_v1,63223,1650,292857,209,51,2887355,1545,186,36,2188278,VID,플러스멤버십,겨울,A,v1,False,False,7.472172425449938,1574.499999991535,0.026098097211457442,0.11272727272720441,177.48909090898334,4632.1275485186625
2025-01-13,google,외부,GGL_CMP_01_플러스가입,플러스가입,논타겟,IMG_플러스멤버십_겨울_B_v1,51751,1284,245713,195,50,2684445,1144,179,37,2142351,IMG,플러스멤버십,겨울,B,v1,False,False,8.718915971071906,1372.6983240146778,0.02481111476106694,0.13940809968836496,191.36526479735875,4747.985546172929
2025-01-13,google,외부,GGL_CMP_01_플러스가입,플러스가입,논타겟,CRS_플러스멤버십_겨울_v1,63718,1679,382111,209,58,2893215,1594,188,42,2667390,CRS,플러스멤버십,겨울,N,v1,False,False,6.980667921101442,2032.505319138125,0.026350481810477003,0.11197141155443004,227.5824895769937,5996.908251985216
2025-01-13,google,외부,GGL_CMP_01_플러스가입,플러스가입,논타겟,IMG_적립혜택_겨울_v2,53267,1374,319490,207,59,3435821,1345,158,44,2633887,IMG,적립혜택,겨울,N,v2,False,False,8.244035807067489,2022.0886075821388,0.025794582011376167,0.11499272197953785,232.52547307115537,5997.897384872323
2025-01-13,google,외부,GGL_CMP_01_플러스가입,플러스가입,유사타겟,VID_플러스멤버십_겨울_A_v1,66738,1308,414327,170,39,2309803,1206,153,27,1681362,VID,플러스멤버십,겨울,A,v1,False,False,4.058055593770129,2708.019607825438,0.019599029038928052,0.11697247706413076,316.7637614676477,6208.2621594892535
2025-01-13,google,외부,GGL_CMP_01_플러스가입,플러스가입,유사타겟,IMG_플러스멤버십_겨울_B_v1,50236,1081,261608,132,29,1922831,931,104,25,1680930,IMG,플러스멤버십,겨울,B,v1,False,False,6.425376899788973,2515.4615384373515,0.021518432996257237,0.09620721554107659,242.00555041605736,5207.5802213551
2025-01-13,google,외부,GGL_CMP_01_플러스가입,플러스가입,유사타겟,CRS_플러스멤버십_겨울_v1,62378,2016,298191,281,84,5027096,1951,233,62,4390996,CRS,플러스멤버십,겨울,N,v1,False,False,14.725447783467594,1279.789699565323,0.032319086857545413,0.1155753968253395,147.91220238087902,4780.387316040836
2025-01-13,google,외부,GGL_CMP_01_플러스가입,플러스가입,유사타겟,IMG_적립혜택_겨울_v2,57517,1181,260151,160,39,2592384,1067,142,33,1989941,IMG,적립혜택,겨울,N,v2,False,False,7.649176824228976,1832.0492957617462,0.020533059791017952,0.12023708721412342,220.28027095662975,4523.027974337943
2025-01-13,google,외부,GGL_CMP_02_리타겟팅,리타겟팅,리마케팅,VID_할인쿠폰_겨울_A_v1,36025,1338,159416,168,70,3666708,1144,137,49,3026883,VID,할인쿠폰,겨울,A,v1,False,False,18.987322477041083,1163.6204379477108,0.03714087439278176,0.10239162929738237,119.1449925260694,4425.1492019429725
2025-01-13,google,외부,GGL_CMP_02_리타겟팅,리타겟팅,리마케팅,IMG_할인쿠폰_겨울_B_v1,27471,702,165086,70,30,1810984,642,52,22,1453871,IMG,할인쿠폰,겨울,B,v1,False,False,8.806749209502874,3174.730769169717,0.025554220814676367,0.07407407407396856,235.16524216490717,6009.46452622744
2025-01-13,google,외부,GGL_CMP_02_리타겟팅,리타겟팅,리마케팅,CRS_특가_겨울_v1,25717,674,145485,53,22,1019472,616,46,15,762894,CRS,특가,겨울,N,v1,False,False,5.243798329724679,3162.7173912355934,0.026208344674727758,0.06824925816013613,215.85311572668272,5657.152856087193
2025-01-13,google,외부,GGL_CMP_03_첫구매,첫구매,논타겟,VID_적립혜택_겨울_A_v1,56956,1413,332335,103,42,2967465,1246,73,35,2338114,VID,적립혜택,겨울,A,v1,False,False,7.035413062121032,4552.534246512979,0.024808624201137285,0.051663128096212554,235.1981599432164,5834.9427628343665
2025-01-13,google,외부,GGL_CMP_03_첫구매,첫구매,논타겟,IMG_적립혜택_겨울_B_v1,68996,1300,405548,111,39,2265991,1205,78,29,2101495,IMG,적립혜택,겨울,B,v1,False,False,5.181865032006063,5199.333333266675,0.01884167198098413,0.05999999999995385,311.95999999976004,5877.847991187809
2025-01-13,google,외부,GGL_CMP_03_첫구매,첫구매,논타겟,CRS_할인쿠폰_겨울_v1,58835,1903,316112,134,37,2706538,1666,104,31,2433395,CRS,할인쿠폰,겨울,N,v1,False,False,7.697888722984235,3039.5384615092353,0.0323446927849064,0.05465055176034963,166.11245401988117,5372.856293022769
2025-01-13,google,외부,GGL_CMP_03_첫구매,첫구매,유사타겟,VID_적립혜택_겨울_A_v1,42208,773,273832,87,41,3001571,658,74,28,2444818,VID,적립혜택,겨울,A,v1,False,False,8.928167635630574,3700.432432382426,0.01831406368460912,0.09573091849922932,354.24579560109413,6487.680060651856
2025-01-13,google,외부,GGL_CMP_03_첫구매,첫구매,유사타겟,IMG_적립혜택_겨울_B_v1,39250,809,219157,59,23,1293161,738,50,16,1120832,IMG,적립혜택,겨울,B,v1,False,False,5.114287930570299,4383.139999912338,0.020611464968152342,0.061804697156907534,270.8986402963277,5583.617834394762
2025-01-13,google,외부,GGL_CMP_03_첫구매,첫구매,유사타겟,CRS_할인쿠폰_겨울_v1,39106,1026,229152,67,20,1139828,977,56,13,977401,CRS,할인쿠폰,겨울,N,v1,False,False,4.265295524368087,4091.999999926929,0.026236383163708226,0.05458089668610665,223.3450292395484,5859.76576484412
2025-01-13,meta,외부,META_CMP_01_신규유저,신규유저,논타겟,VID_플러스멤버십_겨울_A_v1,29610,447,112986,37,9,505670,381,32,7,388630,VID,플러스멤버십,겨울,A,v1,False,False,3.4396296886339597,3530.8124998896624,0.015096251266463523,0.07158836689022016,252.76510067057546,3815.8054711244913
2025-01-13,meta,외부,META_CMP_01_신규유저,신규유저,논타겟,IMG_적립혜택_겨울_B_v1,38993,812,137541,50,13,631794,709,40,10,577796,IMG,적립혜택,겨울,B,v1,False,False,4.200900095244297,3438.5249999140374,0.020824250506500636,0.0492610837437817,169.38546798008696,3527.3254173825167
2025-01-13,meta,외부,META_CMP_01_신규유저,신규유저,논타겟,CRS_플러스멤버십_겨울_v1,29941,411,127232,25,5,200298,367,19,4,154149,CRS,플러스멤버십,겨울,N,v1,False,False,1.2115584129778576,6696.421052279135,0.013726996426304608,0.046228710462174624,309.5669099749159,4249.42386693817
2025-01-13,meta,외부,META_CMP_02_룩얼라이크,룩얼라이크,유사타겟,VID_플러스멤버십_겨울_A_v1,54051,973,255336,80,24,1434471,930,56,19,1117224,VID,플러스멤버십,겨울,A,v1,False,False,4.375505216655684,4559.571428490008,0.01800151708571501,0.05755395683447322,262.4213771836974,4723.982905034047
2025-01-13,meta,외부,META_CMP_02_룩얼라이크,룩얼라이크,유사타겟,IMG_할인쿠폰_겨울_B_v1,33223,740,148296,42,9,553090,687,35,6,426142,IMG,할인쿠폰,겨울,B,v1,False,False,2.8735906565247693,4237.028571307514,0.022273726033169124,0.047297297297233386,200.3999999997292,4463.654697047092
2025-01-13,meta,외부,META_CMP_02_룩얼라이크,룩얼라이크,유사타겟,CRS_특가_겨울_v1,33249,767,162533,53,13,563708,665,43,11,507981,CRS,특가,겨울,N,v1,False,False,3.1254022260094683,3779.8372092144227,0.023068362958283767,0.05606258148623721,211.90743155122308,4888.35754458766
2025-01-13,meta,외부,META_CMP_03_재구매,재구매,VIP,IMG_배송혜택_겨울_A_v1,11156,293,47301,12,7,605822,254,10,6,476584,IMG,배송혜택,겨울,A,v1,False,False,10.075558656264983,4730.09999952699,0.026263893868767815,0.03412969283264802,161.4368600677084,4239.960559339886
2025-01-13,meta,외부,META_CMP_03_재구매,재구매,VIP,VID_적립혜택_겨울_B_v1,13033,387,46383,19,11,860088,367,16,8,693543,VID,적립혜택,겨울,B,v1,False,False,14.95252570985027,2898.9374998188164,0.029693854062761475,0.041343669250539165,119.85271317798488,3558.888974142288
2025-01-13,meta,외부,META_CMP_03_재구매,재구매,VIP,CRS_신상품_겨울_v1,12169,358,59167,25,10,799380,309,18,8,678286,CRS,신상품,겨울,N,v1,False,False,11.463924146906022,3287.0555553729414,0.02941901553126556,0.05027932960879811,165.27094972020873,4862.108636699411
2025-01-13,meta,외부,META_CMP_03_재구매,재구매,윈백,IMG_배송혜택_겨울_A_v1,18062,439,67695,20,11,724142,412,16,8,613340,IMG,배송혜택,겨울,A,v1,False,False,9.060344190855911,4230.937499735566,0.02430517107739872,0.03644646924820855,154.20273348484235,3747.923817960151
2025-01-13,meta,외부,META_CMP_03_재구매,재구매,윈백,VID_적립혜택_겨울_B_v1,23671,512,113421,28,10,602535,437,24,6,467971,VID,적립혜택,겨울,B,v1,False,False,4.125964327593619,4725.874999803089,0.02162984242321737,0.04687499999990845,221.52539062456734,4791.559291960424
2025-01-13,meta,외부,META_CMP_03_재구매,재구매,윈백,CRS_신상품_겨울_v1,19904,533,99923,34,12,1018928,521,30,9,803147,CRS,신상품,겨울,N,v1,False,False,8.037658997427938,3330.766666555641,0.026778536977490615,0.05628517823629215,187.472795496834,5020.247186494925
2025-01-13,naver,자체,NVR_CMP_01_브랜드KW,브랜드KW,논타겟,TXT_플러스멤버십_겨울_A_v1,8770,1004,67490,174,104,7023198,894,145,87,5932489,TXT,플러스멤버십,겨울,A,v1,False,False,87.90174840717013,465.448275858859,0.11448118586087634,0.14442231075682826,67.22111553778166,7695.553021663889
2025-01-13,naver,자체,NVR_CMP_02_일반KW,일반KW,논타겟,TXT_할인쿠폰_겨울_A_v1,12790,1269,114063,200,74,5567561,1085,183,58,4471187,TXT,할인쿠폰,겨울,A,v1,False,False,39.1992758387905,623.2950819638072,0.09921813917121976,0.14420803782494546,89.88416075643035,8918.139171226825
2025-01-13,naver,자체,NVR_CMP_02_일반KW,일반KW,논타겟,TXT_플러스멤버십_겨울_B_v1,14377,1204,115758,202,56,3283087,1085,154,48,2681897,TXT,플러스멤버십,겨울,B,v1,False,False,23.168135247671668,751.6753246704437,0.08374487027891189,0.1279069767440798,96.1445182723454,8051.610210752726
2025-01-13,naver,자체,NVR_CMP_03_재구매,재구매,VIP,IMG_배송혜택_겨울_A_v1,5148,321,33846,31,17,1792775,291,26,11,1583976,IMG,배송혜택,겨울,A,v1,False,False,46.79950363410605,1301.7692307191628,0.06235431235430024,0.08099688473495016,105.43925233612013,6574.592074590797
2025-01-13,naver,자체,NVR_CMP_03_재구매,재구매,VIP,VID_적립혜택_겨울_B_v1,6818,445,46587,40,27,2084489,412,34,19,1699866,VID,적립혜택,겨울,B,v1,False,False,36.4879902118609,1370.205882312641,0.06526840715751463,0.07640449438185078,104.68988764021418,6832.942211791312
2025-01-13,naver,자체,NVR_CMP_03_재구매,재구매,VIP,CRS_신상품_겨울_v1,4590,299,42700,33,26,1944847,258,26,19,1614226,CRS,신상품,겨울,N,v1,False,False,37.80388758782113,1642.3076922445266,0.06514161220042153,0.08695652173883961,142.80936454801736,9302.832244006688
2025-01-13,naver,자체,NVR_CMP_03_재구매,재구매,윈백,IMG_배송혜택_겨울_A_v1,8374,575,67305,70,45,3868125,546,63,36,3320790,IMG,배송혜택,겨울,A,v1,False,False,49.33942500557092,1068.3333333163757,0.06866491521374866,0.1095652173911138,117.0521739128399,8037.377597324094
2025-01-13,naver,자체,NVR_CMP_03_재구매,재구매,윈백,VID_적립혜택_겨울_B_v1,7110,507,49574,54,35,2900558,481,43,28,2160005,VID,적립혜택,겨울,B,v1,False,False,43.571327712106275,1152.8837209034214,0.0713080168776271,0.08481262327399446,97.77909270197677,6972.433192685376
2025-01-13,naver,자체,NVR_CMP_03_재구매,재구매,윈백,CRS_신상품_겨울_v1,7010,336,58829,27,18,1918167,309,18,15,1476901,CRS,신상품,겨울,N,v1,False,False,25.104982236651566,3268.2777775962068,0.047931526390863344,0.053571428571269133,175.08630952328843,8392.154065619345
2025-01-14,google,외부,GGL_CMP_01_플러스가입,플러스가입,논타겟,VID_플러스멤버십_겨울_A_v1,57932,1569,307175,137,39,1978454,1445,114,31,1767358,VID,플러스멤버십,겨울,A,v1,False,False,5.753586717669062,2694.517543836013,0.02708347718014177,0.07265774378580456,195.77756532810977,5302.337222950955
2025-01-14,google,외부,GGL_CMP_01_플러스가입,플러스가입,논타겟,IMG_플러스멤버십_겨울_B_v1,40114,870,234154,73,23,1433875,834,55,20,1047154,IMG,플러스멤버십,겨울,B,v1,False,False,4.472073934248382,4257.345454468049,0.02168818866231187,0.06321839080452504,269.14252873532286,5837.213940270085
2025-01-14,google,외부,GGL_CMP_01_플러스가입,플러스가입,논타겟,CRS_플러스멤버십_겨울_v1,52259,1159,307210,144,43,2595550,1103,106,33,2184370,CRS,플러스멤버십,겨울,N,v1,False,False,7.110347970443647,2898.2075471424696,0.022177998048182664,0.09145815358059409,265.0647109574935,5878.604642262465
2025-01-14,google,외부,GGL_CMP_01_플러스가입,플러스가입,논타겟,IMG_적립혜택_겨울_v2,69238,1439,350237,155,38,1742711,1303,127,28,1303991,IMG,적립혜택,겨울,N,v2,False,False,3.723167455180339,2757.7716535215923,0.02078338484647129,0.08825573314795812,243.38915913812136,5058.4505618301355
2025-01-14,google,외부,GGL_CMP_01_플러스가입,플러스가입,유사타겟,VID_플러스멤버십_겨울_A_v1,61422,1460,341477,173,52,3163236,1261,148,42,2933299,VID,플러스멤버십,겨울,A,v1,False,False,8.590033882223375,2307.2770270114374,0.023769984696036865,0.1013698630136292,233.88835616422335,5559.522646608617
2025-01-14,google,외부,GGL_CMP_01_플러스가입,플러스가입,유사타겟,IMG_플러스멤버십_겨울_B_v1,54460,1667,351515,251,59,3583850,1485,204,53,2846685,IMG,플러스멤버십,겨울,B,v1,False,False,8.09833150790149,1723.1127450895926,0.030609621740726577,0.12237552489494759,210.86682663454658,6454.553800954711
2025-01-14,google,외부,GGL_CMP_01_플러스가입,플러스가입,유사타겟,CRS_플러스멤버십_겨울_v1,42780,1220,237145,154,41,2006845,1133,131,36,1445594,CRS,플러스멤버십,겨울,N,v1,False,False,6.095823230512952,1810.2671755587005,0.028517999064982973,0.10737704918023985,194.3811475408243,5543.361383824088
2025-01-14,google,외부,GGL_CMP_01_플러스가입,플러스가입,유사타겟,IMG_적립혜택_겨울_v2,39291,1161,183074,164,52,3716551,1049,126,41,3173472,IMG,적립혜택,겨울,N,v2,False,False,17.334367523514988,1452.9682539567225,0.02954875162250822,0.10852713178285225,157.68647717471345,4659.438548267933
2025-01-14,google,외부,GGL_CMP_02_리타겟팅,리타겟팅,리마케팅,VID_할인쿠폰_겨울_A_v1,23323,669,117072,84,33,1911820,596,58,27,1513561,VID,할인쿠폰,겨울,A,v1,False,False,12.928462826294819,2018.4827585858884,0.02868413154396824,0.08669656203275532,174.9955156948057,5019.594391801869
2025-01-14,google,외부,GGL_CMP_02_리타겟팅,리타겟팅,리마케팅,IMG_할인쿠폰_겨울_B_v1,37443,1401,167148,121,48,2558076,1313,109,41,2188656,IMG,할인쿠폰,겨울,B,v1,False,False,13.094120180917432,1533.4678898941884,0.03741687364794388,0.07780157030686809,119.30620985002192,4464.065379376533
2025-01-14,google,외부,GGL_CMP_02_리타겟팅,리타겟팅,리마케팅,CRS_특가_겨울_v1,32633,1229,207628,135,54,3540223,1110,116,46,2771506,CRS,특가,겨울,N,v1,False,False,13.348421214864983,1789.8965517087076,0.03766126313853958,0.09438567941408105,168.94060211540364,6362.5164710567105
2025-01-14,google,외부,GGL_CMP_03_첫구매,첫구매,논타겟,VID_적립혜택_겨울_A_v1,62423,1387,348255,102,44,3193781,1339,79,39,2487625,VID,적립혜택,겨울,A,v1,False,False,7.143113523136762,4408.291139184705,0.022219374269099177,0.05695746214848092,251.085075702775,5578.95327042908
2025-01-14,google,외부,GGL_CMP_03_첫구매,첫구매,논타겟,IMG_적립혜택_겨울_B_v1,39528,1274,228406,138,56,3370325,1181,122,47,2925799,IMG,적립혜택,겨울,B,v1,False,False,12.809641603110196,1872.1803278535067,0.03223031774944262,0.09576138147559203,179.28257456814814,5778.33434527409
2025-01-14,google,외부,GGL_CMP_03_첫구매,첫구매,논타겟,CRS_할인쿠폰_겨울_v1,48878,878,259567,78,25,1551754,854,58,18,1153835,CRS,할인쿠폰,겨울,N,v1,False,False,4.445229940631881,4475.293103371116,0.01796309177953235,0.06605922551245323,295.63439635501635,5310.507794917851
2025-01-14,google,외부,GGL_CMP_03_첫구매,첫구매,유사타겟,VID_적립혜택_겨울_A_v1,64403,1878,412783,163,45,2835025,1718,120,39,2477280,VID,적립혜택,겨울,A,v1,False,False,6.001409941785379,3439.8583333046677,0.029160132291973524,0.06389776357824074,219.79925452597456,6409.375339657991
2025-01-14,google,외부,GGL_CMP_03_첫구매,첫구매,유사타겟,IMG_적립혜택_겨울_B_v1,55779,1625,263012,178,82,6295568,1524,129,68,5140125,IMG,적립혜택,겨울,B,v1,False,False,19.543309810959123,2038.8527131624896,0.02913282776672172,0.07938461538456654,161.85353846143886,4715.25125943447
2025-01-14,google,외부,GGL_CMP_03_첫구매,첫구매,유사타겟,CRS_할인쿠폰_겨울_v1,62051,1572,273585,178,77,5111044,1353,142,53,4238697,CRS,할인쿠폰,겨울,N,v1,False,False,15.49316300235753,1926.654929563897,0.02533399945206322,0.09033078880401378,174.03625954187402,4409.034503875773
2025-01-14,meta,외부,META_CMP_01_신규유저,신규유저,논타겟,VID_플러스멤버십_겨울_A_v1,46006,661,199220,41,11,481756,578,31,8,391491,VID,플러스멤버십,겨울,A,v1,False,False,1.965118963959432,6426.451612695921,0.014367691170716552,0.046898638426555374,301.391830559302,4330.304742859533
2025-01-14,meta,외부,META_CMP_01_신규유저,신규유저,논타겟,IMG_적립혜택_겨울_B_v1,32364,413,123621,20,4,192802,362,15,3,144548,IMG,적립혜택,겨울,B,v1,False,False,1.1692835359687983,8241.399999450574,0.012761092571993178,0.03631961259071109,299.3244552050864,3819.7070819427818
2025-01-14,meta,외부,META_CMP_01_신규유저,신규유저,논타겟,CRS_플러스멤버십_겨울_v1,47149,664,177813,34,8,353625,602,24,6,304773,CRS,플러스멤버십,겨울,N,v1,False,False,1.7140085370585858,7408.874999691297,0.014083013425523044,0.036144578313198575,267.7906626501991,3771.2994973381456
2025-01-14,meta,외부,META_CMP_02_룩얼라이크,룩얼라이크,유사타겟,VID_플러스멤버십_겨울_A_v1,32069,422,130728,26,6,315756,404,22,4,248061,VID,플러스멤버십,겨울,A,v1,False,False,1.897535340554419,5942.181817911719,0.013159125635348368,0.05213270142167741,309.78199052059296,4076.4601328384397
2025-01-14,meta,외부,META_CMP_02_룩얼라이크,룩얼라이크,유사타겟,IMG_할인쿠폰_겨울_B_v1,49999,1014,224349,79,25,1413445,923,57,21,1290665,IMG,할인쿠폰,겨울,B,v1,False,False,5.752934044724935,3935.9473683520014,0.020280405608111757,0.05621301775142385,221.25147928972262,4487.069741394738
2025-01-14,meta,외부,META_CMP_02_룩얼라이크,룩얼라이크,유사타겟,CRS_특가_겨울_v1,41200,721,185809,62,15,659409,633,55,12,601183,CRS,특가,겨울,N,v1,False,False,3.2354891313122445,3378.34545448403,0.017499999999999575,0.07628294036050447,257.71012482627225,4509.927184465911
2025-01-14,meta,외부,META_CMP_03_재구매,재구매,VIP,IMG_배송혜택_겨울_A_v1,11784,308,52763,20,12,827883,263,16,9,676265,IMG,배송혜택,겨울,A,v1,False,False,12.81703087390761,3297.6874997938944,0.02613713509843634,0.05194805194788329,171.30844155788537,4477.511880515574
2025-01-14,meta,외부,META_CMP_03_재구매,재구매,VIP,VID_적립혜택_겨울_B_v1,10111,274,44240,11,4,324919,261,8,3,288011,VID,적립혜택,겨울,B,v1,False,False,6.510194394213235,5529.99999930875,0.027099198892292838,0.029197080291864245,161.45985401400927,4375.432697062172
2025-01-14,meta,외부,META_CMP_03_재구매,재구매,VIP,CRS_신상품_겨울_v1,12847,282,52089,16,8,691862,253,12,6,584003,CRS,신상품,겨울,N,v1,False,False,11.211637773809995,4340.749999638271,0.02195064995718674,0.04255319148921081,184.7127659567918,4054.565268155674
2025-01-14,meta,외부,META_CMP_03_재구매,재구매,윈백,IMG_배송혜택_겨울_A_v1,24582,552,115110,31,13,988309,474,28,10,812580,IMG,배송혜택,겨울,A,v1,False,False,7.059160802710389,4111.071428424604,0.022455455211129183,0.05072463768106753,208.5326086952744,4682.694654625145
2025-01-14,meta,외부,META_CMP_03_재구매,재구매,윈백,VID_적립혜택_겨울_B_v1,22161,507,95127,33,13,1116409,435,23,11,984652,VID,적립혜택,겨울,B,v1,False,False,10.350920348586516,4135.956521559307,0.0228780289698108,0.0453648915186482,187.62721893454116,4292.540950317933
2025-01-14,meta,외부,META_CMP_03_재구매,재구매,윈백,CRS_신상품_겨울_v1,19474,454,87031,19,11,919291,439,15,7,690215,CRS,신상품,겨울,N,v1,False,False,7.93067987268895,5802.066666279862,0.023313135462666976,0.033039647577019736,191.69823788504033,4469.086987778347
2025-01-14,naver,자체,NVR_CMP_01_브랜드KW,브랜드KW,논타겟,TXT_플러스멤버십_겨울_A_v1,7105,977,54339,245,105,8168970,870,202,92,6404109,TXT,플러스멤버십,겨울,A,v1,False,False,117.85474521062004,269.0049504937178,0.13750879662207774,0.20675537359241888,55.61821903781411,7647.994370160781
2025-01-14,naver,자체,NVR_CMP_02_일반KW,일반KW,논타겟,TXT_할인쿠폰_겨울_A_v1,15951,1241,152240,175,50,2492584,1213,138,35,1948649,TXT,할인쿠폰,겨울,A,v1,False,False,12.799848922753464,1103.1884057891075,0.07780076484232476,0.1112006446413286,122.6752618854773,9544.229201930315
2025-01-14,naver,자체,NVR_CMP_02_일반KW,일반KW,논타겟,TXT_플러스멤버십_겨울_B_v1,11611,968,76284,169,77,4676716,931,150,56,4056894,TXT,플러스멤버십,겨울,B,v1,False,False,53.18145351580864,508.55999999660963,0.08336921884419228,0.15495867768579033,78.80578512388553,6569.976746188392
2025-01-14,naver,자체,NVR_CMP_03_재구매,재구매,VIP,IMG_배송혜택_겨울_A_v1,5057,263,38559,23,16,1571071,239,17,12,1436180,IMG,배송혜택,겨울,A,v1,False,False,37.246297881168154,2268.176470454813,0.052007118845154826,0.0646387832697162,146.61216729982277,7624.876408936597
2025-01-14,naver,자체,NVR_CMP_03_재구매,재구매,VIP,VID_적립혜택_겨울_B_v1,6501,301,62357,31,16,1160860,256,26,12,942286,VID,적립혜택,겨울,B,v1,False,False,15.111150311913416,2398.3461537539097,0.04630056914320161,0.08637873754124127,207.1661129561224,9591.908937085125
2025-01-14,naver,자체,NVR_CMP_03_재구매,재구매,VIP,CRS_신상품_겨울_v1,6988,306,59085,27,18,1866230,284,21,12,1543329,CRS,신상품,겨울,N,v1,False,False,26.12048743335828,2813.571428437449,0.04378935317686837,0.06862745098016788,193.08823529348663,8455.20892959238
2025-01-14,naver,자체,NVR_CMP_03_재구매,재구매,윈백,IMG_배송혜택_겨울_A_v1,9281,526,69951,40,29,2741153,505,30,22,2210125,IMG,배송혜택,겨울,A,v1,False,False,31.59533101742603,2331.6999999222767,0.05667492727076213,0.05703422053221096,132.9866920149563,7537.011097941219
2025-01-14,naver,자체,NVR_CMP_03_재구매,재구매,윈백,VID_적립혜택_겨울_B_v1,9249,497,88146,49,38,2825350,453,41,27,2468145,VID,적립혜택,겨울,B,v1,False,False,28.00064665441395,2149.902438971954,0.05373553897718091,0.0824949698187475,177.3561368205687,9530.327602983074
2025-01-14,naver,자체,NVR_CMP_03_재구매,재구매,윈백,CRS_신상품_겨울_v1,11611,876,103249,82,42,4538617,754,65,35,4183181,CRS,신상품,겨울,N,v1,False,False,40.51546261949229,1588.446153821716,0.07544569804495087,0.07420091324192443,117.864155251007,8892.343467400837
2025-01-15,google,외부,GGL_CMP_01_플러스가입,플러스가입,논타겟,VID_플러스멤버십_겨울_A_v1,41076,1220,252856,126,34,1817215,1160,101,26,1487460,VID,플러스멤버십,겨울,A,v1,False,False,5.882636757680237,2503.5247524504603,0.0297010419709799,0.08278688524583379,207.25901639327273,6155.808744765651
2025-01-15,google,외부,GGL_CMP_01_플러스가입,플러스가입,논타겟,IMG_플러스멤버십_겨울_B_v1,62715,1642,408480,226,74,3327888,1592,195,62,2790029,IMG,플러스멤버십,겨울,B,v1,False,False,6.8302707598903085,2094.7692307584884,0.0261819341465355,0.11875761266740636,248.76979293529308,6513.274336283082
2025-01-15,google,외부,GGL_CMP_01_플러스가입,플러스가입,논타겟,CRS_플러스멤버십_겨울_v1,40526,1096,193389,93,45,2981008,1020,70,31,2462834,CRS,플러스멤버십,겨울,N,v1,False,False,12.735129712651636,2762.6999999605328,0.027044366579479173,0.06386861313862786,176.44981751808717,4771.9735478457105
2025-01-15,google,외부,GGL_CMP_01_플러스가입,플러스가입,논타겟,IMG_적립혜택_겨울_v2,66597,1587,312446,161,73,3240512,1371,118,59,2436017,IMG,적립혜택,겨울,N,v2,False,False,7.796601652765573,2647.847457604679,0.023829902247848644,0.07435412728413715,196.8783868933857,4691.592714386463
2025-01-15,google,외부,GGL_CMP_01_플러스가입,플러스가입,유사타겟,VID_플러스멤버십_겨울_A_v1,53239,1734,264851,227,85,5608532,1668,176,59,4209005,VID,플러스멤버십,겨울,A,v1,False,False,15.891973222679862,1504.835227264177,0.03257010837919509,0.10149942329867272,152.73990772770892,4974.755348522606
2025-01-15,google,외부,GGL_CMP_01_플러스가입,플러스가입,유사타겟,IMG_플러스멤버십_겨울_B_v1,69320,1510,380642,228,100,5054355,1369,191,72,4418597,IMG,플러스멤버십,겨울,B,v1,False,False,11.608274967029358,1992.890052345587,0.02178303519907643,0.1264900662250818,252.08079470181983,5491.084824004536
2025-01-15,google,외부,GGL_CMP_01_플러스가입,플러스가입,유사타겟,CRS_플러스멤버십_겨울_v1,49887,1488,302418,133,40,2198619,1323,114,33,1828875,CRS,플러스멤버십,겨울,N,v1,False,False,6.047507092831756,2652.7894736609405,0.029827409946478447,0.07661290322575497,203.23790322566987,6062.060256178844
2025-01-15,google,외부,GGL_CMP_01_플러스가입,플러스가입,유사타겟,IMG_적립혜택_겨울_v2,51033,1576,277829,145,66,2925531,1529,115,54,2697252,IMG,적립혜택,겨울,N,v2,False,False,9.708316986347683,2415.904347805079,0.030881978327748107,0.07296954314716182,176.2874365481115,5444.104794936504
2025-01-15,google,외부,GGL_CMP_02_리타겟팅,리타겟팅,리마케팅,VID_할인쿠폰_겨울_A_v1,36620,928,235063,108,86,4805173,899,95,64,3729239,VID,할인쿠폰,겨울,A,v1,False,False,15.864848997928148,2474.347368395007,0.025341343528126017,0.1023706896550621,253.3006465514512,6418.9787001636705
2025-01-15,google,외부,GGL_CMP_02_리타겟팅,리타겟팅,리마케팅,IMG_할인쿠폰_겨울_B_v1,25045,957,131750,120,86,5520651,886,89,64,4775133,IMG,할인쿠폰,겨울,B,v1,False,False,36.243893738140144,1480.3370786350524,0.03821121980435064,0.09299895506782341,137.66980146276106,5260.531044120373
2025-01-15,google,외부,GGL_CMP_02_리타겟팅,리타겟팅,리마케팅,CRS_특가_겨울_v1,26662,959,156777,124,55,2567769,828,98,40,2001556,CRS,특가,겨울,N,v1,False,False,12.766898205731627,1599.7653061061249,0.03596879453904298,0.10218978102179126,163.4796663189119,5880.16652914238
2025-01-15,google,외부,GGL_CMP_03_첫구매,첫구매,논타겟,VID_적립혜택_겨울_A_v1,44871,801,206508,91,54,3978322,779,76,45,2964626,VID,적립혜택,겨울,A,v1,False,False,14.355986208766662,2717.2105262800364,0.017851173363642045,0.09488139825206632,257.81273408207517,4602.259811459416
2025-01-15,google,외부,GGL_CMP_03_첫구매,첫구매,논타겟,IMG_적립혜택_겨울_B_v1,66762,1298,390162,144,81,6290197,1254,122,59,5145762,IMG,적립혜택,겨울,B,v1,False,False,13.188783120857456,3198.0491803016553,0.019442197657349697,0.09399075500763175,300.58705701055425,5844.07297564474
2025-01-15,google,외부,GGL_CMP_03_첫구매,첫구매,논타겟,CRS_할인쿠폰_겨울_v1,69394,1879,446199,146,76,5755297,1785,112,54,4233247,CRS,할인쿠폰,겨울,N,v1,False,False,9.487352055921216,3983.919642821572,0.027077268928149018,0.05960617349650899,237.466205428293,6429.936305732391
2025-01-15,google,외부,GGL_CMP_03_첫구매,첫구매,유사타겟,VID_적립혜택_겨울_A_v1,64144,1490,329177,98,68,3835615,1351,79,60,3253228,VID,적립혜택,겨울,A,v1,False,False,9.882914055356208,4166.7974683016855,0.02322898478423511,0.053020134228152334,220.92416107367723,5131.8439760537985
2025-01-15,google,외부,GGL_CMP_03_첫구매,첫구매,유사타겟,IMG_적립혜택_겨울_B_v1,44388,1104,209357,115,52,3528770,1069,98,36,2594750,IMG,적립혜택,겨울,B,v1,False,False,12.393901326442334,2136.2959183455478,0.024871586915381976,0.08876811594194858,189.63496376794419,4716.5224835540075
2025-01-15,google,외부,GGL_CMP_03_첫구매,첫구매,유사타겟,CRS_할인쿠폰_겨울_v1,57354,1219,308618,135,58,3930668,1183,114,42,3407934,CRS,할인쿠폰,겨울,N,v1,False,False,11.042563946367318,2707.175438572744,0.02125396659343688,0.09351927809672395,253.17309269872587,5380.932454580233
2025-01-15,meta,외부,META_CMP_01_신규유저,신규유저,논타겟,VID_플러스멤버십_겨울_A_v1,52196,883,220572,78,24,1114130,847,68,20,928546,VID,플러스멤버십,겨울,A,v1,False,False,4.209718368605244,3243.7058823052394,0.016917005134492742,0.0770101925253941,249.79841449575335,4225.841060617591
2025-01-15,meta,외부,META_CMP_01_신규유저,신규유저,논타겟,IMG_적립혜택_겨울_B_v1,29483,607,139578,42,13,751386,544,35,9,640764,IMG,적립혜택,겨울,B,v1,False,False,4.590723466448835,3987.9428570289165,0.020588135535731758,0.05766062602955904,229.9472817129655,4734.185801987425
2025-01-15,meta,외부,META_CMP_01_신규유저,신규유저,논타겟,CRS_플러스멤버십_겨울_v1,53562,654,228076,58,13,610477,621,48,9,444585,CRS,플러스멤버십,겨울,N,v1,False,False,1.9492844490432928,4751.583333234343,0.012210148986221348,0.07339449541273181,348.7400611615463,4258.168104252935
2025-01-15,meta,외부,META_CMP_02_룩얼라이크,룩얼라이크,유사타겟,VID_플러스멤버십_겨울_A_v1,39080,573,176997,54,20,940445,493,45,16,704758,VID,플러스멤버십,겨울,A,v1,False,False,3.9817511031260193,3933.2666665792613,0.014662231320368101,0.07853403141347551,308.8952879575761,4529.0941658136
2025-01-15,meta,외부,META_CMP_02_룩얼라이크,룩얼라이크,유사타겟,IMG_할인쿠폰_겨울_B_v1,34265,698,149263,53,13,667852,621,43,11,543868,IMG,할인쿠폰,겨울,B,v1,False,False,3.6436893268927757,3471.232558058809,0.020370640595359105,0.06160458452713237,213.84383954124092,4356.135998832501
2025-01-15,meta,외부,META_CMP_02_룩얼라이크,룩얼라이크,유사타겟,CRS_특가_겨울_v1,54495,708,188235,63,16,659783,676,53,12,568994,CRS,특가,겨울,N,v1,False,False,3.0227853481020905,3551.6037735178943,0.012992017616294836,0.07485875706204116,265.8686440674211,3454.170107349235
2025-01-15,meta,외부,META_CMP_03_재구매,재구매,VIP,IMG_배송혜택_겨울_A_v1,15429,284,66858,19,9,526656,265,15,7,384257,IMG,배송혜택,겨울,A,v1,False,False,5.7473600765801285,4457.199999702853,0.01840689610473664,0.052816901408264734,235.41549295691755,4333.268520318599
2025-01-15,meta,외부,META_CMP_03_재구매,재구매,VIP,VID_적립혜택_겨울_B_v1,14121,257,51533,10,6,482569,233,7,4,430325,VID,적립혜택,겨울,B,v1,False,False,8.350474453262796,7361.857141805449,0.018199844203667007,0.027237354085497132,200.51750972684624,3649.387437150085
2025-01-15,meta,외부,META_CMP_03_재구매,재구매,VIP,CRS_신상품_겨울_v1,9623,224,45253,10,8,544645,214,9,6,429228,CRS,신상품,겨울,N,v1,False,False,9.485072812851978,5028.111110552432,0.02327756416917559,0.04017857142839206,202.02232142766954,4702.587550659388
2025-01-15,meta,외부,META_CMP_03_재구매,재구매,윈백,IMG_배송혜택_겨울_A_v1,26995,660,96931,44,36,2859770,611,34,25,2143854,IMG,배송혜택,겨울,A,v1,False,False,22.117320568239034,2850.9117646220325,0.024448972031856846,0.051515151515073465,146.86515151492898,3590.7019818483573
2025-01-15,meta,외부,META_CMP_03_재구매,재구매,윈백,VID_적립혜택_겨울_B_v1,19930,521,85494,28,24,1323059,449,24,19,1168669,VID,적립혜택,겨울,B,v1,False,False,13.66960254520769,3562.2499998515727,0.026141495233315295,0.04606525911699412,164.09596928951228,4289.7139989962725
2025-01-15,meta,외부,META_CMP_03_재구매,재구매,윈백,CRS_신상품_겨울_v1,14896,345,50209,15,7,529612,333,11,6,467243,CRS,신상품,겨울,N,v1,False,False,9.305961082674235,4564.454545039595,0.02316058002148072,0.03188405797092208,145.5333333329115,3370.6364124594943
2025-01-15,naver,자체,NVR_CMP_01_브랜드KW,브랜드KW,논타겟,TXT_플러스멤버십_겨울_A_v1,10038,1116,84795,271,188,16271184,1037,191,135,13423342,TXT,플러스멤버십,겨울,A,v1,False,False,158.3034612889892,443.9528795788275,0.11117752540345574,0.17114695340486458,75.98118279563084,8447.399880453431
2025-01-15,naver,자체,NVR_CMP_02_일반KW,일반KW,논타겟,TXT_할인쿠폰_겨울_A_v1,16004,1395,142504,197,74,4210955,1207,160,51,3351917,TXT,할인쿠폰,겨울,A,v1,False,False,23.52156430696666,890.6499999944335,0.08716570857285133,0.1146953405017099,102.15340501784792,8904.273931516564
2025-01-15,naver,자체,NVR_CMP_02_일반KW,일반KW,논타겟,TXT_플러스멤버십_겨울_B_v1,14574,1208,103500,219,129,7503829,1057,191,107,6929039,TXT,플러스멤버십,겨울,B,v1,False,False,66.94723671497519,541.8848167510896,0.08288733360778901,0.15811258278132606,85.67880794694894,7101.68793742232
2025-01-15,naver,자체,NVR_CMP_03_재구매,재구매,VIP,IMG_배송혜택_겨울_A_v1,5317,250,45431,17,18,1472612,226,13,15,1294817,IMG,배송혜택,겨울,A,v1,False,False,28.500737381963233,3494.692307423485,0.04701899567424355,0.051999999999792004,181.7239999992731,8544.479969906235
2025-01-15,naver,자체,NVR_CMP_03_재구매,재구매,VIP,VID_적립혜택_겨울_B_v1,3920,262,36689,20,22,1990816,226,17,18,1681181,VID,적립혜택,겨울,B,v1,False,False,45.82248085257037,2158.1764704612838,0.0668367346938605,0.06488549618295845,140.0343511445037,9359.438775507817
2025-01-15,naver,자체,NVR_CMP_03_재구매,재구매,VIP,CRS_신상품_겨울_v1,4836,231,41425,19,21,1755476,199,16,18,1402382,CRS,신상품,겨울,N,v1,False,False,33.85351840675839,2589.0624998381836,0.047766749379642724,0.06926406926376942,179.32900432822802,8565.963606284415
2025-01-15,naver,자체,NVR_CMP_03_재구매,재구매,윈백,IMG_배송혜택_겨울_A_v1,7491,430,59554,50,38,4168991,390,39,26,3631868,IMG,배송혜택,겨울,A,v1,False,False,60.98445108640795,1527.0256409864867,0.05740221599251669,0.09069767441839373,138.49767441828257,7950.073421437999
2025-01-15,naver,자체,NVR_CMP_03_재구매,재구매,윈백,VID_적립혜택_겨울_B_v1,9712,730,68441,54,59,4249704,633,47,46,3212573,VID,적립혜택,겨울,B,v1,False,False,46.93930538712107,1456.1914893307194,0.07516474464579127,0.06438356164374742,93.75479452041951,7047.0551894556165
2025-01-15,naver,자체,NVR_CMP_03_재구매,재구매,윈백,CRS_신상품_겨울_v1,8155,587,67944,66,70,6718622,511,60,60,4959415,CRS,신상품,겨울,N,v1,False,False,72.99268515247743,1132.3999999811267,0.07198038013487774,0.10221465076643575,115.74787052791184,8331.5757204159
2025-01-16,google,외부,GGL_CMP_01_플러스가입,플러스가입,논타겟,VID_플러스멤버십_겨울_A_v1,66780,1824,440111,225,73,3772435,1723,193,53,2975440,VID,플러스멤버십,겨울,A,v1,False,False,6.760658106704884,2280.367875635853,0.027313566936208036,0.10581140350871392,241.28892543846422,6590.461215932815
2025-01-16,google,외부,GGL_CMP_01_플러스가입,플러스가입,논타겟,IMG_플러스멤버십_겨울_B_v1,57622,1957,328555,180,50,2206981,1912,127,39,1945249,IMG,플러스멤버십,겨울,B,v1,False,False,5.920619074431965,2587.0472440741178,0.03396272257123956,0.06489524782827548,167.8870720489689,5701.902051299752
2025-01-16,google,외부,GGL_CMP_01_플러스가입,플러스가입,논타겟,CRS_플러스멤버십_겨울_v1,39609,1109,216043,152,48,2709222,977,125,32,2366979,CRS,플러스멤버십,겨울,N,v1,False,False,10.956055044597553,1728.3439999861732,0.027998687167057286,0.11271415689800476,194.80883678972515,5454.391678658753
2025-01-16,google,외부,GGL_CMP_01_플러스가입,플러스가입,논타겟,IMG_적립혜택_겨울_v2,69847,1497,352779,190,38,2173373,1331,162,33,1905896,IMG,적립혜택,겨울,N,v2,False,False,5.402521125123646,2177.648148134706,0.02143255973771212,0.10821643286565917,235.6573146291011,5050.739473420404
2025-01-16,google,외부,GGL_CMP_01_플러스가입,플러스가입,유사타겟,VID_플러스멤버십_겨울_A_v1,39305,1051,239683,150,38,2497402,943,120,31,2249360,VID,플러스멤버십,겨울,A,v1,False,False,9.384728996215797,1997.3583333166887,0.026739600559724547,0.11417697431007215,228.0523311130085,6098.028240681692
2025-01-16,google,외부,GGL_CMP_01_플러스가입,플러스가입,유사타겟,IMG_플러스멤버십_겨울_B_v1,40833,1387,209571,116,29,1491157,1349,95,24,1320293,IMG,플러스멤버십,겨울,B,v1,False,False,6.299979481893935,2206.010526292568,0.033967624225503056,0.06849315068488213,151.0966113913835,5132.392917493079
2025-01-16,google,외부,GGL_CMP_01_플러스가입,플러스가입,유사타겟,CRS_플러스멤버십_겨울_v1,41171,1390,247795,119,40,2502118,1341,86,30,2126845,CRS,플러스멤버십,겨울,N,v1,False,False,8.583082790209614,2881.3372092688214,0.03376162833062025,0.06187050359707779,178.26978417253363,6018.678195817299
2025-01-16,google,외부,GGL_CMP_01_플러스가입,플러스가입,유사타겟,IMG_적립혜택_겨울_v2,50563,1119,284636,96,29,1439258,1093,72,20,1180887,IMG,적립혜택,겨울,N,v2,False,False,4.148761927514425,3953.2777777228707,0.022130807111919348,0.0643431635388165,254.3663985699246,5629.333702509629
2025-01-16,google,외부,GGL_CMP_02_리타겟팅,리타겟팅,리마케팅,VID_할인쿠폰_겨울_A_v1,41695,1529,271436,136,70,3513966,1369,103,58,2734570,VID,할인쿠폰,겨울,A,v1,False,False,10.074455856997561,2635.300970848201,0.036671063676698964,0.06736429038582906,177.525179855999,6510.037174721034
2025-01-16,google,외부,GGL_CMP_02_리타겟팅,리타겟팅,리마케팅,IMG_할인쿠폰_겨울_B_v1,24354,773,133209,84,29,1842085,725,68,21,1566508,IMG,할인쿠폰,겨울,B,v1,False,False,11.759775991111624,1958.955882324133,0.03174016588650604,0.08796895213442694,172.32729624816,5469.696969696745
2025-01-16,google,외부,GGL_CMP_02_리타겟팅,리타겟팅,리마케팅,CRS_특가_겨울_v1,38938,1727,240612,235,78,5345132,1570,168,68,4172186,CRS,특가,겨울,N,v1,False,False,17.339891609728454,1432.2142857057606,0.04435256048076316,0.09727851766062694,139.32368268665934,6179.362062766291
2025-01-16,google,외부,GGL_CMP_03_첫구매,첫구매,논타겟,VID_적립혜택_겨울_A_v1,70068,1341,350836,134,52,3893164,1230,112,38,3595767,VID,적립혜택,겨울,A,v1,False,False,10.249139198941927,3132.464285686317,0.019138551121767152,0.08351976137204808,261.6226696493202,5007.078837700447
2025-01-16,google,외부,GGL_CMP_03_첫구매,첫구매,논타겟,IMG_적립혜택_겨울_B_v1,56367,1098,291008,95,40,2288735,942,84,29,2103265,IMG,적립혜택,겨울,B,v1,False,False,7.227516082032085,3464.3809523397094,0.019479482676033506,0.07650273224036748,265.0346083786293,5162.737062465536
2025-01-16,google,외부,GGL_CMP_03_첫구매,첫구매,논타겟,CRS_할인쿠폰_겨울_v1,59774,1415,308084,138,48,3184754,1330,122,37,2496392,CRS,할인쿠폰,겨울,N,v1,False,False,8.102958933277911,2525.278688503891,0.023672499749054377,0.08621908127202388,217.7272084804115,5154.1472881184945
2025-01-16,google,외부,GGL_CMP_03_첫구매,첫구매,유사타겟,VID_적립혜택_겨울_A_v1,42854,1257,204749,96,37,2877282,1194,68,28,2347127,VID,적립혜택,겨울,A,v1,False,False,11.463435718855715,3011.014705838073,0.029332151024407775,0.05409705648364829,162.8870326172133,4777.827040649537
2025-01-16,google,외부,GGL_CMP_03_첫구매,첫구매,유사타겟,IMG_적립혜택_겨울_B_v1,43989,1379,262438,108,54,3984648,1296,91,38,3068020,IMG,적립혜택,겨울,B,v1,False,False,11.690456412562162,2883.934065902374,0.03134874627747775,0.0659898477156882,190.31036983307447,5965.991497874334
2025-01-16,google,외부,GGL_CMP_03_첫구매,첫구매,유사타겟,CRS_할인쿠폰_겨울_v1,39857,886,186461,68,21,1373720,757,52,15,1096657,CRS,할인쿠폰,겨울,N,v1,False,False,5.881428287952946,3585.7884614695045,0.02222947035652402,0.058690744920926984,210.45259593655706,4678.249742830502
2025-01-16,meta,외부,META_CMP_01_신규유저,신규유저,논타겟,VID_플러스멤버십_겨울_A_v1,43004,555,166280,48,10,478667,482,38,7,345071,VID,플러스멤버십,겨울,A,v1,False,False,2.0752405580947677,4375.789473569059,0.01290577620686418,0.0684684684683451,299.6036036030638,3866.6170588781542
2025-01-16,meta,외부,META_CMP_01_신규유저,신규유저,논타겟,IMG_적립혜택_겨울_B_v1,48010,999,188034,78,17,732497,971,71,13,550022,IMG,적립혜택,겨울,B,v1,False,False,2.9251199251199096,2648.3661971457977,0.020808164965631728,0.07107107107099993,188.22222222203382,3916.5590501977945
2025-01-16,meta,외부,META_CMP_01_신규유저,신규유저,논타겟,CRS_플러스멤버십_겨울_v1,43643,879,179056,68,17,969067,763,55,12,779461,CRS,플러스멤버십,겨울,N,v1,False,False,4.353168841032949,3255.5636363044446,0.020140686937194507,0.06257110352666374,203.70420932855097,4102.74270787975
2025-01-16,meta,외부,META_CMP_02_룩얼라이크,룩얼라이크,유사타겟,VID_플러스멤버십_겨울_A_v1,50590,881,177842,49,13,681230,774,44,9,493711,VID,플러스멤버십,겨울,A,v1,False,False,2.7761215011077094,4041.863636271776,0.01741450879620444,0.04994324631095353,201.86379114619538,3515.358766554586
2025-01-16,meta,외부,META_CMP_02_룩얼라이크,룩얼라이크,유사타겟,IMG_할인쿠폰_겨울_B_v1,42967,748,192845,43,10,430668,666,35,8,392241,IMG,할인쿠폰,겨울,B,v1,False,False,2.033970287018061,5509.857142699719,0.017408709009239246,0.046791443850204825,257.81417112265,4488.211883538425
2025-01-16,meta,외부,META_CMP_02_룩얼라이크,룩얼라이크,유사타겟,CRS_특가_겨울_v1,38498,546,184574,38,8,361852,489,34,6,267189,CRS,특가,겨울,N,v1,False,False,1.4475982532751015,5428.647058663864,0.014182554937918486,0.062271062270948224,338.0476190469999,4794.378928775397
2025-01-16,meta,외부,META_CMP_03_재구매,재구매,VIP,IMG_배송혜택_겨울_A_v1,14322,323,72005,21,9,727475,315,16,7,545103,IMG,배송혜택,겨울,A,v1,False,False,7.570349281299804,4500.312499718731,0.022552716101101624,0.04953560371501692,222.9256965937371,5027.579946934434
2025-01-16,meta,외부,META_CMP_03_재구매,재구매,VIP,VID_적립혜택_겨울_B_v1,13259,233,49179,12,7,608377,200,10,5,449331,VID,적립혜택,겨울,B,v1,False,False,9.136643689379428,4917.89999950821,0.017572969303867744,0.04291845493543812,211.06866952699113,3709.103250621939
2025-01-16,meta,외부,META_CMP_03_재구매,재구매,VIP,CRS_신상품_겨울_v1,11915,348,48332,20,11,870498,301,14,8,728007,CRS,신상품,겨울,N,v1,False,False,15.062629313911797,3452.2857140391225,0.029206882081407533,0.04022988505735566,138.88505747086526,4056.3994964327267
2025-01-16,meta,외부,META_CMP_03_재구매,재구매,윈백,IMG_배송혜택_겨울_A_v1,15232,426,72536,21,10,693319,363,14,7,638384,IMG,배송혜택,겨울,A,v1,False,False,8.800926436527947,5181.142856772775,0.02796743697478808,0.03286384976518107,170.27230046908386,4762.07983193246
2025-01-16,meta,외부,META_CMP_03_재구매,재구매,윈백,VID_적립혜택_겨울_B_v1,25211,580,112401,40,19,1335460,544,30,13,1039275,VID,적립혜택,겨울,B,v1,False,False,9.2461366002081,3746.69999987511,0.02300583078814712,0.0517241379309453,193.79482758587278,4458.4110110664205
2025-01-16,meta,외부,META_CMP_03_재구매,재구매,윈백,CRS_신상품_겨울_v1,27228,471,125591,27,14,1161109,438,21,11,865156,CRS,신상품,겨울,N,v1,False,False,6.888678328861089,5980.523809239023,0.017298369325693504,0.04458598726105183,266.64755838584574,4612.567944762575
2025-01-16,naver,자체,NVR_CMP_01_브랜드KW,브랜드KW,논타겟,TXT_플러스멤버십_겨울_A_v1,9067,1279,82554,244,94,6153345,1233,178,67,4782753,TXT,플러스멤버십,겨울,A,v1,False,False,57.934842648447585,463.78651685132706,0.14106099040474895,0.13917122752139235,64.54573885843273,9104.88584978393
2025-01-16,naver,자체,NVR_CMP_02_일반KW,일반KW,논타겟,TXT_할인쿠폰_겨울_A_v1,11991,1211,90402,165,64,5032052,1110,143,46,3722947,TXT,할인쿠폰,겨울,A,v1,False,False,41.182130926306485,632.1818181773974,0.10099241097488941,0.11808422791072,74.65070189919517,7539.154365773702
2025-01-16,naver,자체,NVR_CMP_02_일반KW,일반KW,논타겟,TXT_플러스멤버십_겨울_B_v1,14509,1206,133364,225,96,5657591,1132,191,67,4762615,TXT,플러스멤버십,겨울,B,v1,False,False,35.71139887825773,698.2408376926794,0.08312082155902659,0.1583747927030196,110.58374792693982,9191.811978771164
2025-01-16,naver,자체,NVR_CMP_03_재구매,재구매,VIP,IMG_배송혜택_겨울_A_v1,6447,266,51951,23,15,1263143,257,16,10,968115,IMG,배송혜택,겨울,A,v1,False,False,18.635156204885014,3246.9374997970663,0.041259500542881765,0.060150375939623496,195.30451127746127,8058.166589109965
2025-01-16,naver,자체,NVR_CMP_03_재구매,재구매,VIP,VID_적립혜택_겨울_B_v1,4390,317,36713,36,25,2313323,292,31,17,1889298,VID,적립혜택,겨울,B,v1,False,False,51.46128074523871,1184.2903225424423,0.07220956719816123,0.09779179810694703,115.81388012581762,8362.870159451397
2025-01-16,naver,자체,NVR_CMP_03_재구매,재구매,VIP,CRS_신상품_겨울_v1,4027,280,37672,26,16,1362807,267,23,12,1199752,CRS,신상품,겨울,N,v1,False,False,31.847313654702916,1637.9130434070473,0.06953066799104307,0.08214285714256378,134.54285714237665,9354.854730566338
2025-01-16,naver,자체,NVR_CMP_03_재구매,재구매,윈백,IMG_배송혜택_겨울_A_v1,8147,536,52891,61,35,3731902,465,45,24,2789021,IMG,배송혜택,겨울,A,v1,False,False,52.731485507930415,1175.3555555294367,0.06579108874431498,0.08395522388044038,98.67723880578605,6492.082975327545
2025-01-16,naver,자체,NVR_CMP_03_재구매,재구매,윈백,VID_적립혜택_겨울_B_v1,6724,438,59903,31,25,2557707,374,22,21,2117348,VID,적립혜택,겨울,B,v1,False,False,35.34627648030924,2722.8636362398697,0.06513979773943111,0.05022831050216843,136.76484018233614,8908.834027363338
2025-01-16,naver,자체,NVR_CMP_03_재구매,재구매,윈백,CRS_신상품_겨울_v1,6620,298,47728,21,16,1634999,283,18,11,1486617,CRS,신상품,겨울,N,v1,False,False,31.1476910828019,2651.555555408247,0.04501510574017446,0.0604026845635557,160.1610738249659,7209.667673714923
2025-01-17,google,외부,GGL_CMP_01_플러스가입,플러스가입,논타겟,VID_플러스멤버십_겨울_A_v1,44597,1117,205133,157,53,3714863,999,115,41,3243061,VID,플러스멤버십,겨울,A,v1,False,False,15.8095528267026,1783.7652173757933,0.025046527793348768,0.10295434198737426,183.64637421648735,4599.704015965097
2025-01-17,google,외부,GGL_CMP_01_플러스가입,플러스가입,논타겟,IMG_플러스멤버십_겨울_B_v1,46480,1332,214646,163,31,1548990,1165,124,27,1289993,IMG,플러스멤버십,겨울,B,v1,False,False,6.009862750761692,1731.0161290182982,0.028657487091221415,0.0930930930930232,161.14564564552467,4618.029259896631
2025-01-17,google,외부,GGL_CMP_01_플러스가입,플러스가입,논타겟,CRS_플러스멤버십_겨울_v1,70628,1474,344017,172,52,2812042,1365,137,46,2131466,CRS,플러스멤버십,겨울,N,v1,False,False,6.195815904446564,2511.072992682401,0.02086990995072746,0.092944369063709,233.39009497948888,4870.830265616966
2025-01-17,google,외부,GGL_CMP_01_플러스가입,플러스가입,논타겟,IMG_적립혜택_겨울_v2,50209,1281,244588,125,25,1776921,1109,90,17,1563828,IMG,적립혜택,겨울,N,v2,False,False,6.393723322485132,2717.6444444142485,0.02551335417952906,0.07025761124116295,190.93520686948406,4871.3975582066
2025-01-17,google,외부,GGL_CMP_01_플러스가입,플러스가입,유사타겟,VID_플러스멤버십_겨울_A_v1,61756,1756,277244,184,38,1968373,1629,141,34,1600741,VID,플러스멤버십,겨울,A,v1,False,False,5.773762461946856,1966.2695035321542,0.028434484098710598,0.08029612756259664,157.88382687918116,4489.345164842211
2025-01-17,google,외부,GGL_CMP_01_플러스가입,플러스가입,유사타겟,IMG_플러스멤버십_겨울_B_v1,56779,1365,356675,129,25,1678227,1244,109,17,1560301,IMG,플러스멤버십,겨울,B,v1,False,False,4.374573491273556,3272.247706391998,0.024040578382852392,0.07985347985342135,261.30036630017486,6281.811937511998
2025-01-17,google,외부,GGL_CMP_01_플러스가입,플러스가입,유사타겟,CRS_플러스멤버십_겨울_v1,54724,1148,293525,147,29,1390335,1035,121,20,1271198,CRS,플러스멤버십,겨울,N,v1,False,False,4.330799761519447,2425.8264462609436,0.02097799868430632,0.10540069686401969,255.68379790918496,5363.734376141998
2025-01-17,google,외부,GGL_CMP_01_플러스가입,플러스가입,유사타겟,IMG_적립혜택_겨울_v2,70769,1437,463215,151,43,3063457,1244,133,36,2384867,IMG,적립혜택,겨울,N,v2,False,False,5.148509871226094,3482.819548845994,0.020305500996198614,0.09255393180230163,322.34864300603874,6545.450691686945
2025-01-17,google,외부,GGL_CMP_02_리타겟팅,리타겟팅,리마케팅,VID_할인쿠폰_겨울_A_v1,37227,1366,186155,173,84,4620544,1245,144,64,3796940,VID,할인쿠폰,겨울,A,v1,False,False,20.39665869839639,1292.7430555465783,0.03669379751255711,0.10541727672027422,136.27745241571282,5000.537244472963
2025-01-17,google,외부,GGL_CMP_02_리타겟팅,리타겟팅,리마케팅,IMG_할인쿠폰_겨울_B_v1,28622,1162,132740,106,47,2880169,1008,76,32,2114988,IMG,할인쿠폰,겨울,B,v1,False,False,15.933313243935395,1746.5789473454397,0.04059814128991543,0.06540447504297298,114.2340791737399,4637.691286422869
2025-01-17,google,외부,GGL_CMP_02_리타겟팅,리타겟팅,리마케팅,CRS_특가_겨울_v1,36526,1640,191462,196,69,4216181,1414,140,58,3715257,CRS,특가,겨울,N,v1,False,False,19.4046703784562,1367.585714275946,0.044899523627004195,0.08536585365848454,116.74512195114832,5241.800361386267
2025-01-17,google,외부,GGL_CMP_03_첫구매,첫구매,논타겟,VID_적립혜택_겨울_A_v1,64660,1327,378688,118,39,2292980,1276,96,34,1666161,VID,적립혜택,겨울,A,v1,False,False,4.399825185905008,3944.6666666255765,0.020522734302505098,0.0723436322531482,285.37151469458524,5856.603773584816
2025-01-17,google,외부,GGL_CMP_03_첫구매,첫구매,논타겟,IMG_적립혜택_겨울_B_v1,52703,1645,276374,131,47,2928316,1405,107,40,2294743,IMG,적립혜택,겨울,B,v1,False,False,8.303035017765751,2582.9345794151127,0.031212644441492302,0.06504559270512764,168.00851063819573,5243.989905697868
2025-01-17,google,외부,GGL_CMP_03_첫구매,첫구매,논타겟,CRS_할인쿠폰_겨울_v1,61799,1537,290200,156,60,3102528,1441,131,49,2606632,CRS,할인쿠폰,겨울,N,v1,False,False,8.982191592005483,2215.267175555609,0.024870952604410673,0.08523096942089445,188.8093689003326,4695.868865191918
2025-01-17,google,외부,GGL_CMP_03_첫구매,첫구매,유사타겟,VID_적립혜택_겨울_A_v1,54205,1643,298925,138,53,4121748,1528,107,47,3245057,VID,적립혜택,겨울,A,v1,False,False,10.855756460650628,2793.6915887589375,0.030310856932016784,0.06512477175893784,181.9385270844906,5514.712664883212
2025-01-17,google,외부,GGL_CMP_03_첫구매,첫구매,유사타겟,IMG_적립혜택_겨울_B_v1,39428,716,246080,58,25,1230343,691,44,17,975022,IMG,적립혜택,겨울,B,v1,False,False,3.962215539661883,5592.727272600166,0.018159683473673072,0.06145251396639462,343.6871508375088,6241.24987318641
2025-01-17,google,외부,GGL_CMP_03_첫구매,첫구매,유사타겟,CRS_할인쿠폰_겨울_v1,50293,1145,294452,87,36,2387666,1108,62,26,1888392,CRS,할인쿠폰,겨울,N,v1,False,False,6.413242226237192,4749.225806375012,0.022766587795517813,0.05414847161567323,257.16331877706796,5854.731274729966
2025-01-17,meta,외부,META_CMP_01_신규유저,신규유저,논타겟,VID_플러스멤버십_겨울_A_v1,29896,433,123600,36,8,456257,383,30,6,422955,VID,플러스멤버십,겨울,A,v1,False,False,3.421966019417448,4119.999999862666,0.014483542948888999,0.06928406466496702,285.4503464196641,4134.332352153996
2025-01-17,meta,외부,META_CMP_01_신규유저,신규유저,논타겟,IMG_적립혜택_겨울_B_v1,38918,588,168198,48,8,414980,525,38,6,328375,IMG,적립혜택,겨울,B,v1,False,False,1.9523121559114738,4426.263157778257,0.015108690066292845,0.06462585034002614,286.0510204076768,4321.856210493748
2025-01-17,meta,외부,META_CMP_01_신규유저,신규유저,논타겟,CRS_플러스멤버십_겨울_v1,44893,667,183723,46,12,653124,639,37,8,476768,CRS,플러스멤버십,겨울,N,v1,False,False,2.59503709388589,4965.486486352284,0.014857550174859893,0.055472263867982805,275.44677661128117,4092.4643040116707
2025-01-17,meta,외부,META_CMP_02_룩얼라이크,룩얼라이크,유사타겟,VID_플러스멤버십_겨울_A_v1,54504,923,203817,81,15,879907,795,62,10,781576,VID,플러스멤버십,겨울,A,v1,False,False,3.8346948488104338,3287.3709676889134,0.016934536914721545,0.06717226435529017,220.82015167906738,3739.4870101276283
2025-01-17,meta,외부,META_CMP_02_룩얼라이크,룩얼라이크,유사타겟,IMG_할인쿠폰_겨울_B_v1,41376,615,194330,51,11,634689,557,41,7,510596,IMG,할인쿠폰,겨울,B,v1,False,False,2.6274687387433615,4739.756097445372,0.014863689095127253,0.06666666666655827,315.9837398368846,4696.684068058665
2025-01-17,meta,외부,META_CMP_02_룩얼라이크,룩얼라이크,유사타겟,CRS_특가_겨울_v1,45149,789,209608,49,8,442239,759,40,5,407764,CRS,특가,겨울,N,v1,False,False,1.9453646807373672,5240.199999868995,0.01747547011007957,0.05069708491755298,265.66286438496115,4642.583445923396
2025-01-17,meta,외부,META_CMP_03_재구매,재구매,VIP,IMG_배송혜택_겨울_A_v1,14431,331,71209,18,9,716421,300,14,7,594397,IMG,배송혜택,겨울,A,v1,False,False,8.34721734612186,5086.357142493832,0.02293673342110575,0.04229607250742509,215.13293051294522,4934.446677291599
2025-01-17,meta,외부,META_CMP_03_재구매,재구매,VIP,VID_적립혜택_겨울_B_v1,11573,213,41811,13,5,341945,189,11,3,260817,VID,적립혜택,겨울,B,v1,False,False,6.237999569491134,3800.9999996544543,0.01840490797545853,0.051643192488020455,196.29577464696575,3612.805668365712
2025-01-17,meta,외부,META_CMP_03_재구매,재구매,VIP,CRS_신상품_겨울_v1,11938,333,53069,15,7,471779,287,11,5,421637,CRS,신상품,겨울,N,v1,False,False,7.945071510674633,4824.4545450159585,0.027894119618024134,0.03303303303293383,159.36636636588779,4445.384486513281
2025-01-17,meta,외부,META_CMP_03_재구매,재구매,윈백,IMG_배송혜택_겨울_A_v1,20548,498,84097,30,10,591144,432,22,8,507391,IMG,배송혜택,겨울,A,v1,False,False,6.033401904943029,3822.590908917155,0.024235935370837833,0.04417670682722053,168.86947791130748,4092.7097527737938
2025-01-17,meta,외부,META_CMP_03_재구매,재구매,윈백,VID_적립혜택_겨울_B_v1,16917,479,84232,26,9,743778,412,21,7,676183,VID,적립혜택,겨울,B,v1,False,False,8.027626080349416,4011.0476188566167,0.028314713010579397,0.0438413361168187,175.84968684723205,4979.133416090029
2025-01-17,meta,외부,META_CMP_03_재구매,재구매,윈백,CRS_신상품_겨울_v1,19828,425,88522,17,10,780942,369,12,8,715277,CRS,신상품,겨울,N,v1,False,False,8.080217347100064,7376.833332718597,0.02143433528343648,0.028235294117580623,208.28705882303933,4464.494654024387
2025-01-17,naver,자체,NVR_CMP_01_브랜드KW,브랜드KW,논타겟,TXT_플러스멤버십_겨울_A_v1,9118,1473,86064,445,198,16775285,1297,323,169,13238216,TXT,플러스멤버십,겨울,A,v1,False,False,153.8182747722607,266.452012383076,0.16154858521603843,0.21928038017636164,58.42769857429842,9438.912042113463
2025-01-17,naver,자체,NVR_CMP_02_일반KW,일반KW,논타겟,TXT_할인쿠폰_겨울_A_v1,13237,1001,116417,131,48,2595485,873,119,37,2007359,TXT,할인쿠폰,겨울,A,v1,False,False,17.242833950367924,978.2941176388379,0.0756213643574771,0.11888111888100011,116.30069930058312,8794.817556847564
2025-01-17,naver,자체,NVR_CMP_02_일반KW,일반KW,논타겟,TXT_플러스멤버십_겨울_B_v1,13276,1069,100885,211,72,4517079,1003,192,62,4141096,TXT,플러스멤버십,겨울,B,v1,False,False,41.04768796153996,525.4427083305967,0.08052124133774627,0.1796071094479143,94.37324602423351,7599.050918950919
2025-01-17,naver,자체,NVR_CMP_03_재구매,재구매,VIP,IMG_배송혜택_겨울_A_v1,4956,327,44745,22,19,1818914,313,18,16,1573439,IMG,배송혜택,겨울,A,v1,False,False,35.16457704771405,2485.8333331952313,0.06598062953993826,0.05504587155946469,136.83486238490266,9028.450363194303
2025-01-17,naver,자체,NVR_CMP_03_재구매,재구매,VIP,VID_적립혜택_겨울_B_v1,6335,312,51749,26,23,1959321,298,18,20,1763596,VID,적립혜택,겨울,B,v1,False,False,34.07980830547385,2874.9444442847253,0.04925019731648788,0.05769230769212278,165.86217948664788,8168.745067086318
2025-01-17,naver,자체,NVR_CMP_03_재구매,재구매,VIP,CRS_신상품_겨울_v1,5038,367,38579,45,26,1907278,351,33,18,1729809,CRS,신상품,겨울,N,v1,False,False,44.83809844734066,1169.06060602518,0.07284636760617846,0.08991825613054519,105.11989100788796,7657.6022231028865
2025-01-17,naver,자체,NVR_CMP_03_재구매,재구매,윈백,IMG_배송혜택_겨울_A_v1,11245,709,103615,78,51,3616433,682,68,45,2961602,IMG,배송혜택,겨울,A,v1,False,False,28.582753462336257,1523.7499999775919,0.06305024455312912,0.09590973201678997,146.14245416058372,9214.317474432262
2025-01-17,naver,자체,NVR_CMP_03_재구매,재구매,윈백,VID_적립혜택_겨울_B_v1,8529,601,74165,70,58,6102701,565,56,43,5165596,VID,적립혜택,겨울,B,v1,False,False,69.65005056293306,1324.3749999763506,0.07046547074685537,0.0931780366055022,123.40266222941197,8695.626685425173
2025-01-17,naver,자체,NVR_CMP_03_재구매,재구매,윈백,CRS_신상품_겨울_v1,10692,714,83937,49,25,2432127,665,42,17,1955768,CRS,신상품,겨울,N,v1,False,False,23.3004277017284,1998.4999999524168,0.0667789001122272,0.05882352941168232,117.55882352924712,7850.448933781532
2025-01-18,google,외부,GGL_CMP_01_플러스가입,플러스가입,논타겟,VID_플러스멤버십_겨울_A_v1,44425,1085,203507,100,27,1907975,1039,86,23,1648506,VID,플러스멤버십,겨울,A,v1,False,False,8.10048794390361,2366.3604650887632,0.024423185143499733,0.07926267281098685,187.56405529936632,4580.911648846268
2025-01-18,google,외부,GGL_CMP_01_플러스가입,플러스가입,논타겟,IMG_플러스멤버십_겨울_B_v1,48492,1189,264398,158,36,2264592,1138,138,26,1827625,IMG,플러스멤버십,겨울,B,v1,False,False,6.91240100152041,1915.9275362180006,0.02451950837251455,0.11606391925978464,222.3700588728155,5452.404520333139
2025-01-18,google,외부,GGL_CMP_01_플러스가입,플러스가입,논타겟,CRS_플러스멤버십_겨울_v1,33376,1125,216225,161,36,2522628,1091,135,29,2296694,CRS,플러스멤버십,겨울,N,v1,False,False,10.62177824025894,1601.6666666548026,0.0337068552253106,0.11999999999989333,192.19999999982915,6478.457574304696
2025-01-18,google,외부,GGL_CMP_01_플러스가입,플러스가입,논타겟,IMG_적립혜택_겨울_v2,52984,1193,314872,111,28,1562255,1054,79,21,1435589,IMG,적립혜택,겨울,N,v2,False,False,4.5592780558449,3985.7215189368894,0.022516231315113572,0.06621961441737953,263.932942162394,5942.775177411937
2025-01-18,google,외부,GGL_CMP_01_플러스가입,플러스가입,유사타겟,VID_플러스멤버십_겨울_A_v1,31779,988,170251,144,37,2313398,855,123,26,2084387,VID,플러스멤버십,겨울,A,v1,False,False,12.24302353583819,1384.1544715334621,0.03108971333270301,0.12449392712538007,172.31882591075677,5357.3428993988055
2025-01-18,google,외부,GGL_CMP_01_플러스가입,플러스가입,유사타겟,IMG_플러스멤버십_겨울_B_v1,48232,1157,264657,105,34,2057077,1133,80,28,1661808,IMG,플러스멤버십,겨울,B,v1,False,False,6.279100873961368,3308.212499958647,0.0239882235860005,0.06914433880720039,228.74416594621545,5487.16619671576
2025-01-18,google,외부,GGL_CMP_01_플러스가입,플러스가입,유사타겟,CRS_플러스멤버십_겨울_v1,38985,844,196423,84,24,1654836,757,71,18,1195068,CRS,플러스멤버십,겨울,N,v1,False,False,6.084155114217754,2766.521126721598,0.021649352314992393,0.08412322274871549,232.72867298550625,5038.425035269846
2025-01-18,google,외부,GGL_CMP_01_플러스가입,플러스가입,유사타겟,IMG_적립혜택_겨울_v2,32171,790,190602,102,31,1967956,747,77,21,1441208,IMG,적립혜택,겨울,N,v2,False,False,7.561347729824412,2475.350649318502,0.024556277392682086,0.09746835443025637,241.26835443007434,5924.652637468343
2025-01-18,google,외부,GGL_CMP_02_리타겟팅,리타겟팅,리마케팅,VID_할인쿠폰_겨울_A_v1,22268,655,142473,91,51,3600511,607,78,35,2784159,VID,할인쿠폰,겨울,A,v1,False,False,19.541660525151997,1826.5769230535054,0.02941440632297335,0.11908396946546705,217.51603053401905,6398.104903897683
2025-01-18,google,외부,GGL_CMP_02_리타겟팅,리타겟팅,리마케팅,IMG_할인쿠폰_겨울_B_v1,26526,818,139748,81,46,2731843,757,61,36,2500643,IMG,할인쿠폰,겨울,B,v1,False,False,17.8939448149525,2290.9508196345746,0.030837668702404026,0.07457212713927314,170.84107579441218,5268.340496116819
2025-01-18,google,외부,GGL_CMP_02_리타겟팅,리타겟팅,리마케팅,CRS_특가_겨울_v1,30361,827,154783,90,31,1463607,707,65,27,1310380,CRS,특가,겨울,N,v1,False,False,8.465916799648486,2381.276923040288,0.02723889199960386,0.0785973397822508,187.1620314387096,5098.086360791637
2025-01-18,google,외부,GGL_CMP_03_첫구매,첫구매,논타겟,VID_적립혜택_겨울_A_v1,47383,1487,237978,164,68,4857736,1314,126,59,3819463,VID,적립혜택,겨울,A,v1,False,False,16.049647446402542,1888.714285699296,0.031382563366607615,0.08473436449220932,160.03900470735707,5022.434206360826
2025-01-18,google,외부,GGL_CMP_03_첫구매,첫구매,논타겟,IMG_적립혜택_겨울_B_v1,53490,1548,253157,168,71,5150777,1326,123,51,3747350,IMG,적립혜택,겨울,B,v1,False,False,14.802474353859404,2058.186991853185,0.028939988782949545,0.07945736434103394,163.5381136949848,4732.7911759206445
2025-01-18,google,외부,GGL_CMP_03_첫구매,첫구매,논타겟,CRS_할인쿠폰_겨울_v1,35315,991,189294,115,56,2779501,888,98,44,2288995,CRS,할인쿠폰,겨울,N,v1,False,False,12.092274451382442,1931.5714285517186,0.028061730142997933,0.09889001009071757,191.01311806237032,5360.158572844249
2025-01-18,google,외부,GGL_CMP_03_첫구매,첫구매,유사타겟,VID_적립혜택_겨울_A_v1,49809,1519,232710,103,49,2639375,1324,83,36,2394144,VID,적립혜택,겨울,A,v1,False,False,10.288101070001245,2803.734939725256,0.030496496617076624,0.054641211323203,153.19947333762133,4672.047220381765
2025-01-18,google,외부,GGL_CMP_03_첫구매,첫구매,유사타겟,IMG_적립혜택_겨울_B_v1,43370,1138,283535,104,42,2561860,978,90,34,2321934,IMG,적립혜택,겨울,B,v1,False,False,8.189232369901395,3150.3888888538845,0.0262393359465062,0.07908611599290062,249.152021089412,6537.583583121824
2025-01-18,google,외부,GGL_CMP_03_첫구매,첫구매,유사타겟,CRS_할인쿠폰_겨울_v1,29517,818,174074,68,27,2083708,784,49,18,1863766,CRS,할인쿠폰,겨울,N,v1,False,False,10.706745407125645,3552.5306121723975,0.027712843446148737,0.05990220048892433,212.80440097773496,5897.41504895464
2025-01-18,meta,외부,META_CMP_01_신규유저,신규유저,논타겟,VID_플러스멤버십_겨울_A_v1,34515,543,171358,40,6,351544,507,36,4,307117,VID,플러스멤버십,겨울,A,v1,False,False,1.7922536444169412,4759.944444312224,0.01573229030856104,0.06629834254131436,315.5764272554041,4964.739968129656
2025-01-18,meta,외부,META_CMP_01_신규유저,신규유저,논타겟,IMG_적립혜택_겨울_B_v1,35928,741,155072,42,6,306930,660,29,4,282344,IMG,적립혜택,겨울,B,v1,False,False,1.8207284358233478,5347.310344643196,0.020624582498329422,0.039136302294144214,209.27395411577697,4316.1879314182725
2025-01-18,meta,외부,META_CMP_01_신규유저,신규유저,논타겟,CRS_플러스멤버십_겨울_v1,29258,445,107057,39,10,385134,427,28,8,300341,CRS,플러스멤버십,겨울,N,v1,False,False,2.80543075184245,3823.4642855777333,0.015209515346229571,0.06292134831446534,240.57752808934703,3659.0676054411215
2025-01-18,meta,외부,META_CMP_02_룩얼라이크,룩얼라이크,유사타겟,VID_플러스멤버십_겨울_A_v1,36273,713,129227,54,12,693029,634,45,8,595838,VID,플러스멤버십,겨울,A,v1,False,False,4.610785671724913,2871.7111110472956,0.019656493810822937,0.06311360448799003,181.24403927043303,3562.622336172813
2025-01-18,meta,외부,META_CMP_02_룩얼라이크,룩얼라이크,유사타겟,IMG_할인쿠폰_겨울_B_v1,37775,685,157996,64,15,778700,619,55,12,661047,IMG,할인쿠폰,겨울,B,v1,False,False,4.183947694878325,2872.6545454023158,0.01813368630046279,0.0802919708028025,230.65109489017425,4182.554599602801
2025-01-18,meta,외부,META_CMP_02_룩얼라이크,룩얼라이크,유사타겟,CRS_특가_겨울_v1,30254,520,103709,36,8,350252,488,26,6,298487,CRS,특가,겨울,N,v1,False,False,2.8781205102739116,3988.8076921542765,0.017187809876379415,0.04999999999990385,199.44038461500108,3427.943412441217
2025-01-18,meta,외부,META_CMP_03_재구매,재구매,VIP,IMG_배송혜택_겨울_A_v1,9589,196,39265,13,6,352519,169,11,5,292537,IMG,배송혜택,겨울,A,v1,False,False,7.4503247166686,3569.5454542209504,0.0204400876003733,0.0561224489793055,200.33163265203913,4094.796120554375
2025-01-18,meta,외부,META_CMP_03_재구매,재구매,VIP,VID_적립혜택_겨울_B_v1,8290,141,28920,5,1,68037,121,4,0,52606,VID,적립혜택,겨울,B,v1,False,False,1.819017980636175,7229.9999981925,0.01700844390832123,0.02836879432603994,205.10638297726877,3488.540410132269
2025-01-18,meta,외부,META_CMP_03_재구매,재구매,VIP,CRS_신상품_겨울_v1,8060,141,33899,6,3,179378,123,4,2,162178,CRS,신상품,겨울,N,v1,False,False,4.7841529248649,8474.749997881312,0.01749379652605242,0.02836879432603994,240.418439714607,4205.831265508163
2025-01-18,meta,외부,META_CMP_03_재구매,재구매,윈백,IMG_배송혜택_겨울_A_v1,13837,340,57069,20,10,626664,331,17,7,475555,IMG,배송혜택,겨울,A,v1,False,False,8.332982880372736,3356.9999998025296,0.024571800245716226,0.04999999999985294,167.84999999950634,4124.376671243469
2025-01-18,meta,외부,META_CMP_03_재구매,재구매,윈백,VID_적립혜택_겨울_B_v1,18084,449,87243,19,9,485608,388,14,7,420186,VID,적립혜택,겨울,B,v1,False,False,4.8162717925792915,6231.64285669774,0.024828577748284404,0.031180400890799154,194.30512249399933,4824.319840742931
2025-01-18,meta,외부,META_CMP_03_재구매,재구매,윈백,CRS_신상품_겨울_v1,19234,575,84075,31,16,1383740,515,26,13,1111073,CRS,신상품,겨울,N,v1,False,False,13.215260184359046,3233.653846029475,0.029894977643754293,0.04521739130426919,146.21739130409352,4371.165644171552
2025-01-18,naver,자체,NVR_CMP_01_브랜드KW,브랜드KW,논타겟,TXT_플러스멤버십_겨울_A_v1,5950,622,38344,114,42,3681499,598,85,34,3153002,TXT,플러스멤버십,겨울,A,v1,False,False,82.22934487794487,451.105882347634,0.10453781512603284,0.13665594855283497,61.64630225070475,6444.369747898076
2025-01-18,naver,자체,NVR_CMP_02_일반KW,일반KW,논타겟,TXT_할인쿠폰_겨울_A_v1,9085,791,81111,100,33,2110884,721,70,23,1587403,TXT,할인쿠폰,겨울,A,v1,False,False,19.57074872705281,1158.728571412018,0.08706659328562608,0.08849557522112707,102.54235145372624,8928.013208584596
2025-01-18,naver,자체,NVR_CMP_02_일반KW,일반KW,논타겟,TXT_플러스멤버십_겨울_B_v1,10598,1097,83817,208,84,4690685,1013,183,58,3385049,TXT,플러스멤버십,겨울,B,v1,False,False,40.38618657312907,458.01639344012017,0.10351009624456467,0.1668185961712244,76.40565177750555,7908.756369125504
2025-01-18,naver,자체,NVR_CMP_03_재구매,재구매,VIP,IMG_배송혜택_겨울_A_v1,4366,288,41627,33,26,2477785,265,25,20,2036940,IMG,배송혜택,겨울,A,v1,False,False,48.93314435342329,1665.0799999333967,0.06596426935408475,0.08680555555525415,144.5381944439426,9534.356390286408
2025-01-18,naver,자체,NVR_CMP_03_재구매,재구매,VIP,VID_적립혜택_겨울_B_v1,4271,266,36610,30,20,2008804,244,23,14,1473130,VID,적립혜택,겨울,B,v1,False,False,40.238459437311114,1591.7391303655766,0.062280496370858744,0.08646616541320877,137.63157894685102,8571.763053147137
2025-01-18,naver,자체,NVR_CMP_03_재구매,재구매,VIP,CRS_신상품_겨울_v1,5004,278,39605,26,22,1858770,261,18,16,1413338,CRS,신상품,겨울,N,v1,False,False,35.68584774649575,2200.27777765554,0.05555555555554445,0.06474820143861601,142.46402877646597,7914.668265386107
2025-01-18,naver,자체,NVR_CMP_03_재구매,재구매,윈백,IMG_배송혜택_겨울_A_v1,6117,300,43449,35,22,2102565,287,29,15,1643391,IMG,배송혜택,겨울,A,v1,False,False,37.823448180624695,1498.2413792586813,0.04904364884746623,0.09666666666634445,144.82999999951724,7102.9916625785345
2025-01-18,naver,자체,NVR_CMP_03_재구매,재구매,윈백,VID_적립혜택_겨울_B_v1,7606,567,68955,60,47,4887305,540,53,38,3808755,VID,적립혜택,겨울,B,v1,False,False,55.23537089406054,1301.037735824509,0.07454641072836253,0.09347442680759528,121.61375661354214,9065.869050748215
2025-01-18,naver,자체,NVR_CMP_03_재구매,재구매,윈백,CRS_신상품_겨울_v1,7759,499,52863,39,29,2140757,451,35,21,1635497,CRS,신상품,겨울,N,v1,False,False,30.93840682518906,1510.3714285282751,0.06431241139321249,0.07014028056098169,105.9378757512907,6813.12024745369
2025-01-19,google,외부,GGL_CMP_01_플러스가입,플러스가입,논타겟,VID_플러스멤버십_겨울_A_v1,30039,587,190387,62,13,867991,567,43,9,703446,VID,플러스멤버십,겨울,A,v1,False,False,3.694821600214281,4427.6046510598235,0.01954126302473386,0.07325383304927896,324.3390119244901,6337.993941209549
2025-01-19,google,외부,GGL_CMP_01_플러스가입,플러스가입,논타겟,IMG_플러스멤버십_겨울_B_v1,44159,937,216070,93,22,1182920,802,83,16,889257,IMG,플러스멤버십,겨울,B,v1,False,False,4.115596797334178,2603.253012016828,0.021218777599129938,0.0885805763072694,230.59765208086384,4893.000294390614
2025-01-19,google,외부,GGL_CMP_01_플러스가입,플러스가입,논타겟,CRS_플러스멤버십_겨울_v1,45955,1275,269888,167,56,3138253,1159,147,39,2329328,CRS,플러스멤버십,겨울,N,v1,False,False,8.630720891629089,1835.9727891031569,0.027744532695027142,0.1152941176469684,211.676862744932,5872.875639212145
2025-01-19,google,외부,GGL_CMP_01_플러스가입,플러스가입,논타겟,IMG_적립혜택_겨울_v2,43986,1414,285216,197,38,1782154,1317,175,33,1341920,IMG,적립혜택,겨울,N,v2,False,False,4.704925389879934,1629.8057142764012,0.032146592097484834,0.12376237623753623,201.70862800551507,6484.244987041185
2025-01-19,google,외부,GGL_CMP_01_플러스가입,플러스가입,유사타겟,VID_플러스멤버십_겨울_A_v1,36105,958,199046,127,26,1606671,855,92,22,1304958,VID,플러스멤버십,겨울,A,v1,False,False,6.5560624177325515,2163.5434782373527,0.026533721091260867,0.0960334029226555,207.77244258850965,5512.97604209928
2025-01-19,google,외부,GGL_CMP_01_플러스가입,플러스가입,유사타겟,IMG_플러스멤버십_겨울_B_v1,39164,1250,193458,173,42,2431301,1076,135,35,1934671,IMG,플러스멤버십,겨울,B,v1,False,False,10.000470386337035,1433.0222222116074,0.03191706669390175,0.1079999999999136,154.7663999998762,4939.689510775076
2025-01-19,google,외부,GGL_CMP_01_플러스가입,플러스가입,유사타겟,CRS_플러스멤버십_겨울_v1,45333,986,274614,109,24,1585167,891,86,18,1425068,CRS,플러스멤버십,겨울,N,v1,False,False,5.189349414086663,3193.1860464744977,0.02175015992764605,0.08722109533459714,278.513184583896,6057.706306663887
2025-01-19,google,외부,GGL_CMP_01_플러스가입,플러스가입,유사타겟,IMG_적립혜택_겨울_v2,48541,1224,216759,112,21,1389607,1190,80,15,1287065,IMG,적립혜택,겨울,N,v2,False,False,5.937769596648786,2709.4874999661315,0.025215796955150797,0.06535947712412961,177.0906862743651,4465.4827877463495
2025-01-19,google,외부,GGL_CMP_02_리타겟팅,리타겟팅,리마케팅,VID_할인쿠폰_겨울_A_v1,19765,509,119978,60,29,1995752,436,50,24,1713704,VID,할인쿠폰,겨울,A,v1,False,False,14.283485305639248,2399.559999952009,0.025752592967365255,0.09823182711179129,235.71316306436992,6070.225145458838
2025-01-19,google,외부,GGL_CMP_02_리타겟팅,리타겟팅,리마케팅,IMG_할인쿠폰_겨울_B_v1,25043,769,132337,92,42,2199493,727,82,28,1712863,IMG,할인쿠폰,겨울,B,v1,False,False,12.94319049094348,1613.8658536388552,0.030707183644130866,0.1066319895967404,172.08972691785164,5284.390847741673
2025-01-19,google,외부,GGL_CMP_02_리타겟팅,리타겟팅,리마케팅,CRS_특가_겨울_v1,25162,1102,149479,115,42,2476811,1049,96,35,2245010,CRS,특가,겨울,N,v1,False,False,15.018898975775762,1557.072916650447,0.04379620061998077,0.08711433756797902,135.64337568045767,5940.664494078135
2025-01-19,google,외부,GGL_CMP_03_첫구매,첫구매,논타겟,VID_적립혜택_겨울_A_v1,48218,1136,233088,90,25,1462960,1072,77,17,1358071,VID,적립혜택,겨울,A,v1,False,False,5.826430361065324,3027.1168830775696,0.02355966651457913,0.0677816901407854,205.1830985913687,4834.045377244913
2025-01-19,google,외부,GGL_CMP_03_첫구매,첫구매,논타겟,IMG_적립혜택_겨울_B_v1,35902,678,201551,61,27,1437502,578,53,21,1107855,IMG,적립혜택,겨울,B,v1,False,False,5.496648490952635,3802.849056532022,0.018884741797113844,0.07817109144531244,297.2728613564937,5613.921230014885
2025-01-19,google,외부,GGL_CMP_03_첫구매,첫구매,논타겟,CRS_할인쿠폰_겨울_v1,48035,1364,315652,94,26,1551747,1270,73,17,1329384,CRS,할인쿠폰,겨울,N,v1,False,False,4.211549427850911,4323.999999940767,0.02839596127823403,0.053519061583538474,231.41642228722037,6571.291766420182
2025-01-19,google,외부,GGL_CMP_03_첫구매,첫구매,유사타겟,VID_적립혜택_겨울_A_v1,31962,702,192446,61,30,2182889,686,50,26,1859442,VID,적립혜택,겨울,A,v1,False,False,9.662149382164298,3848.919999923022,0.021963581753331393,0.07122507122496977,274.13960113921064,6021.08754145529
2025-01-19,google,외부,GGL_CMP_03_첫구매,첫구매,유사타겟,IMG_적립혜택_겨울_B_v1,42073,1112,217549,87,39,2730949,1042,74,30,2108300,IMG,적립혜택,겨울,B,v1,False,False,9.691150039761114,2939.8513513116236,0.02643025218073286,0.06654676258986822,195.63758992788163,5170.750837829364
2025-01-19,google,외부,GGL_CMP_03_첫구매,첫구매,유사타겟,CRS_할인쿠폰_겨울_v1,36989,970,229711,80,23,1608323,928,57,15,1458084,CRS,할인쿠폰,겨울,N,v1,False,False,6.347471387961368,4030.0175437889475,0.02622401254426921,0.05876288659787757,236.81546391728165,6210.251696450129
2025-01-19,meta,외부,META_CMP_01_신규유저,신규유저,논타겟,VID_플러스멤버십_겨울_A_v1,31051,486,123596,34,8,386495,438,25,6,312643,VID,플러스멤버십,겨울,A,v1,False,False,2.5295559726851797,4943.839999802246,0.01565166983349922,0.05144032921800115,254.31275720112282,3980.419310167016
2025-01-19,meta,외부,META_CMP_01_신규유저,신규유저,논타겟,IMG_적립혜택_겨울_B_v1,30367,619,127008,55,14,556795,536,47,9,483270,IMG,적립혜택,겨울,B,v1,False,False,3.805035903250159,2702.2978722829303,0.02038396944051041,0.07592891760892419,205.1825525037073,4182.434879968249
2025-01-19,meta,외부,META_CMP_01_신규유저,신규유저,논타겟,CRS_플러스멤버십_겨울_v1,38365,479,142612,32,8,464038,430,29,6,373926,CRS,플러스멤버십,겨울,N,v1,False,False,2.6219813199450073,4917.655172244219,0.012485338198878862,0.0605427974946544,297.72860125198804,3717.24227811798
2025-01-19,meta,외부,META_CMP_02_룩얼라이크,룩얼라이크,유사타겟,VID_플러스멤버십_겨울_A_v1,24334,456,83409,27,6,373106,405,21,5,279773,VID,플러스멤버십,겨울,A,v1,False,False,3.3542303588341382,3971.857142668007,0.018739212624310893,0.04605263157884638,182.9144736838094,3427.6732144323405
2025-01-19,meta,외부,META_CMP_02_룩얼라이크,룩얼라이크,유사타겟,IMG_할인쿠폰_겨울_B_v1,33193,435,161396,41,8,464472,397,29,6,419320,IMG,할인쿠폰,겨울,B,v1,False,False,2.5980817368460025,5565.379310152918,0.01310517277739243,0.06666666666651341,371.0252873554689,4862.350495586273
2025-01-19,meta,외부,META_CMP_02_룩얼라이크,룩얼라이크,유사타겟,CRS_특가_겨울_v1,29942,562,129064,53,15,747081,530,44,12,617089,CRS,특가,겨울,N,v1,False,False,4.781263559164408,2933.2727272060624,0.018769621267783757,0.07829181494647991,229.6512455511928,4310.466902678368
2025-01-19,meta,외부,META_CMP_03_재구매,재구매,VIP,IMG_배송혜택_겨울_A_v1,9228,209,37968,14,6,483802,195,11,4,388509,IMG,배송혜택,겨울,A,v1,False,False,10.232537926674826,3451.6363633225783,0.02264846120502572,0.0526315789471166,181.66507176946573,4114.4343302986435
2025-01-19,meta,외부,META_CMP_03_재구매,재구매,VIP,VID_적립혜택_겨울_B_v1,9682,288,47009,18,9,745704,271,14,7,647684,VID,적립혜택,겨울,B,v1,False,False,13.777872322320965,3357.7857140458723,0.029745920264405108,0.04861111111094232,163.2256944438777,4855.298492046596
2025-01-19,meta,외부,META_CMP_03_재구매,재구매,VIP,CRS_신상품_겨울_v1,9796,177,42120,8,4,292569,151,6,2,239884,CRS,신상품,겨울,N,v1,False,False,5.695251661918194,7019.99999883,0.018068599428336253,0.03389830508455425,237.96610169357083,4299.714169048152
2025-01-19,meta,외부,META_CMP_03_재구매,재구매,윈백,IMG_배송혜택_겨울_A_v1,19500,352,96189,15,5,400975,310,12,4,326108,IMG,배송혜택,겨울,A,v1,False,False,3.390283712274757,8015.749999332021,0.018051282051281124,0.03409090909081224,273.26420454467825,4932.769230768978
2025-01-19,meta,외부,META_CMP_03_재구매,재구매,윈백,VID_적립혜택_겨울_B_v1,18650,464,75253,18,10,545416,420,14,8,429051,VID,적립혜택,겨울,B,v1,False,False,5.701447118387231,5375.214285330342,0.02487935656836328,0.030172413793038422,162.18318965482288,4035.013404825521
2025-01-19,meta,외부,META_CMP_03_재구매,재구매,윈백,CRS_신상품_겨울_v1,13455,242,47454,10,3,187039,208,7,2,141313,CRS,신상품,겨울,N,v1,False,False,2.9778943819276993,6779.142856174408,0.017985878855442734,0.02892561983459122,196.09090909009882,3526.867335562725
2025-01-19,naver,자체,NVR_CMP_01_브랜드KW,브랜드KW,논타겟,TXT_플러스멤버십_겨울_A_v1,7213,871,46790,153,75,4910506,787,118,57,4389136,TXT,플러스멤버십,겨울,A,v1,False,False,93.80500106860241,396.52542372545315,0.12075419381670306,0.13547646383451725,53.71986222726324,6486.898655204978
2025-01-19,naver,자체,NVR_CMP_02_일반KW,일반KW,논타겟,TXT_할인쿠폰_겨울_A_v1,7300,485,64290,79,30,2187722,436,57,20,1788709,TXT,할인쿠폰,겨울,A,v1,False,False,27.8225073883959,1127.8947368223178,0.06643835616437446,0.11752577319563397,132.55670103065452,8806.849315067286
2025-01-19,naver,자체,NVR_CMP_02_일반KW,일반KW,논타겟,TXT_플러스멤버십_겨울_B_v1,8923,715,68743,93,44,2549533,697,78,32,2132655,TXT,플러스멤버십,겨울,B,v1,False,False,31.02359512968548,881.3205128092138,0.08013000112069034,0.10909090909075651,96.14405594392147,7704.023310544917
2025-01-19,naver,자체,NVR_CMP_03_재구매,재구매,VIP,IMG_배송혜택_겨울_A_v1,4743,244,36529,17,12,939240,238,13,10,830499,IMG,배송혜택,겨울,A,v1,False,False,22.73533357058713,2809.923076706929,0.051444233607410614,0.05327868852437181,149.70901639282906,7701.665612479927
2025-01-19,naver,자체,NVR_CMP_03_재구매,재구매,VIP,VID_적립혜택_겨울_B_v1,4141,231,38581,21,10,896058,221,16,8,645263,VID,적립혜택,겨울,B,v1,False,False,16.7248904901372,2411.312499849293,0.05578362714318865,0.06926406926376942,167.017316016593,9316.831683166067
2025-01-19,naver,자체,NVR_CMP_03_재구매,재구매,VIP,CRS_신상품_겨울_v1,5103,295,42422,34,22,1863213,274,28,17,1359310,CRS,신상품,겨울,N,v1,False,False,32.042572250246764,1515.071428517319,0.05780913188319462,0.0949152542369664,143.80338983002102,8313.149127962313
2025-01-19,naver,자체,NVR_CMP_03_재구매,재구매,윈백,IMG_배송혜택_겨울_A_v1,7718,468,56820,42,22,1661018,431,31,17,1408864,IMG,배송혜택,겨울,A,v1,False,False,24.795212953185064,1832.9032257473257,0.06063747084736192,0.0662393162391747,121.41025640999699,7362.010883647659
2025-01-19,naver,자체,NVR_CMP_03_재구매,재구매,윈백,VID_적립혜택_겨울_B_v1,8602,448,73829,38,22,2246352,407,28,19,1778531,VID,적립혜택,겨울,B,v1,False,False,24.089869834346608,2636.7499999058305,0.052080911415943724,0.062499999999860494,164.79687499963217,8582.77144849935
2025-01-19,naver,자체,NVR_CMP_03_재구매,재구매,윈백,CRS_신상품_겨울_v1,6587,408,42491,43,32,2224923,372,38,26,1794988,CRS,신상품,겨울,N,v1,False,False,42.24395754394949,1118.18421049689,0.06194018521328951,0.09313725490173251,104.144607842882,6450.736298769326
2025-01-20,google,외부,GGL_CMP_01_플러스가입,플러스가입,논타겟,VID_플러스멤버십_겨울_A_v1,68043,2099,413526,251,79,4886163,1805,177,68,4207175,VID,플러스멤버십,겨울,A,v1,False,False,10.173906840198658,2336.3050847325635,0.0308481401466715,0.08432586946160824,197.01095759876273,6077.421630439486
2025-01-20,google,외부,GGL_CMP_01_플러스가입,플러스가입,논타겟,IMG_플러스멤버십_겨울_B_v1,60684,1521,375520,212,52,2541376,1444,180,35,2076724,IMG,플러스멤버십,겨울,B,v1,False,False,5.530262036642508,2086.222222210632,0.02506426735218468,0.11834319526619438,246.8902038131184,6188.1220750114335
2025-01-20,google,외부,GGL_CMP_01_플러스가입,플러스가입,논타겟,CRS_플러스멤버십_겨울_v1,69396,1844,339162,153,35,2426846,1653,110,28,1901840,CRS,플러스멤버십,겨울,N,v1,False,False,5.607467817738999,3083.290909062879,0.026572136722577286,0.05965292841645355,183.92733188710199,4887.342209925573
2025-01-20,google,외부,GGL_CMP_01_플러스가입,플러스가입,논타겟,IMG_적립혜택_겨울_v2,62187,1437,341181,154,36,2479462,1353,114,26,2212760,IMG,적립혜택,겨울,N,v2,False,False,6.485589760273854,2992.815789447431,0.02310772347918338,0.07933194154482998,237.42588726497047,5486.371749722523
2025-01-20,google,외부,GGL_CMP_01_플러스가입,플러스가입,유사타겟,VID_플러스멤버십_겨울_A_v1,51570,1732,291475,201,55,3418005,1599,170,44,2507878,VID,플러스멤버십,겨울,A,v1,False,False,8.604092975383795,1714.5588235193263,0.03358541787861095,0.0981524249422066,168.28810623546866,5652.026371921551
2025-01-20,google,외부,GGL_CMP_01_플러스가입,플러스가입,유사타겟,IMG_플러스멤버십_겨울_B_v1,42732,868,212428,105,23,1342848,826,77,19,1246578,IMG,플러스멤버십,겨울,B,v1,False,False,5.868237708776594,2758.805194769366,0.020312646260413268,0.08870967741925263,244.73271889372728,4971.169147243168
2025-01-20,google,외부,GGL_CMP_01_플러스가입,플러스가입,유사타겟,CRS_플러스멤버십_겨울_v1,61368,1720,304166,208,54,3768767,1605,188,37,3456484,CRS,플러스멤버십,겨울,N,v1,False,False,11.363807920674857,1617.9042553105432,0.028027636553252053,0.10930232558133181,176.8406976743158,4956.42680224213
2025-01-20,google,외부,GGL_CMP_01_플러스가입,플러스가입,유사타겟,IMG_적립혜택_겨울_v2,52774,1882,264022,243,64,3452190,1785,217,46,2687067,IMG,적립혜택,겨울,N,v2,False,False,10.177435971244781,1216.6912442340245,0.0356614999810506,0.11530286928793024,140.28799149833142,5002.880206162031
2025-01-20,google,외부,GGL_CMP_02_리타겟팅,리타겟팅,리마케팅,VID_할인쿠폰_겨울_A_v1,31417,1065,138591,93,31,1851476,908,80,27,1497848,VID,할인쿠폰,겨울,A,v1,False,False,10.807685924771373,1732.387499978345,0.033898844574592295,0.07511737089194825,130.132394366075,4411.337810739268
2025-01-20,google,외부,GGL_CMP_02_리타겟팅,리타겟팅,리마케팅,IMG_할인쿠폰_겨울_B_v1,24573,731,117013,69,33,1539778,666,60,26,1311155,IMG,할인쿠폰,겨울,B,v1,False,False,11.2052079683453,1950.2166666341632,0.029748097505390887,0.08207934336514079,160.07250341975367,4761.852439669363
2025-01-20,google,외부,GGL_CMP_02_리타겟팅,리타겟팅,리마케팅,CRS_특가_겨울_v1,29719,884,137814,80,32,1455900,789,69,28,1285424,CRS,특가,겨울,N,v1,False,False,9.327238161580034,1997.3043477971405,0.02974528079679566,0.07805429864244565,155.8981900450725,4637.2354386081415
2025-01-20,google,외부,GGL_CMP_03_첫구매,첫구매,논타겟,VID_적립혜택_겨울_A_v1,58945,1707,340453,160,46,2310845,1458,123,39,1695365,VID,적립혜택,겨울,A,v1,False,False,4.979732885302803,2767.9105690831875,0.028959199253540947,0.07205623901577501,199.4452255417695,5775.774026634901
2025-01-20,google,외부,GGL_CMP_03_첫구매,첫구매,논타겟,IMG_적립혜택_겨울_B_v1,42708,1336,229437,105,44,2217166,1253,86,32,1773967,IMG,적립혜택,겨울,B,v1,False,False,7.731826165788396,2667.872092992234,0.03128219537323145,0.06437125748498176,171.7342814369972,5372.225344197683
2025-01-20,google,외부,GGL_CMP_03_첫구매,첫구매,논타겟,CRS_할인쿠폰_겨울_v1,41662,1199,204679,114,48,2338600,1078,99,41,1987899,CRS,할인쿠폰,겨울,N,v1,False,False,9.712276296053775,2067.464646443763,0.02877922327300589,0.08256880733938067,170.70809007492016,4912.846238778626
2025-01-20,google,외부,GGL_CMP_03_첫구매,첫구매,유사타겟,VID_적립혜택_겨울_A_v1,49707,1568,304328,137,47,2548460,1353,113,32,2257368,VID,적립혜택,겨울,A,v1,False,False,7.417549486080784,2693.168141569087,0.03154485283762787,0.07206632653056629,194.08673469375378,6122.437483654091
2025-01-20,google,외부,GGL_CMP_03_첫구매,첫구매,유사타겟,IMG_적립혜택_겨울_B_v1,44889,1171,260455,89,33,2320554,1063,67,28,1700277,IMG,적립혜택,겨울,B,v1,False,False,6.528102743276165,3887.3880596434715,0.026086569092650183,0.0572160546540929,222.42100768554874,5802.2009846509
2025-01-20,google,외부,GGL_CMP_03_첫구매,첫구매,유사타겟,CRS_할인쿠폰_겨울_v1,48785,1172,317660,121,41,3082296,1114,88,30,2441206,CRS,할인쿠폰,겨울,N,v1,False,False,7.684965056979136,3609.772727231707,0.024023777800552957,0.07508532423201784,271.04095563116806,6511.4276929382695
2025-01-20,meta,외부,META_CMP_01_신규유저,신규유저,논타겟,VID_플러스멤버십_겨울_A_v1,38694,441,168134,34,5,240210,422,30,3,182808,VID,플러스멤버십,겨울,A,v1,False,False,1.0872756253940246,5604.4666664798515,0.011397115831911631,0.06802721088419948,381.25623582679987,4345.221481366508
2025-01-20,meta,외부,META_CMP_01_신규유저,신규유저,논타겟,IMG_적립혜택_겨울_B_v1,34449,694,161195,43,10,523210,678,35,7,440263,IMG,적립혜택,겨울,B,v1,False,False,2.7312447656564864,4605.571428439841,0.02014572266248599,0.05043227665698785,232.26945244923306,4679.235972016469
2025-01-20,meta,외부,META_CMP_01_신규유저,신규유저,논타겟,CRS_플러스멤버십_겨울_v1,53669,930,218079,51,11,599209,795,38,7,459494,CRS,플러스멤버십,겨울,N,v1,False,False,2.1070070937595915,5738.921052480555,0.017328439136186303,0.040860215053719506,234.49354838684462,4063.4071810541645
2025-01-20,meta,외부,META_CMP_02_룩얼라이크,룩얼라이크,유사타겟,VID_플러스멤버십_겨울_A_v1,35202,680,132414,59,18,834414,643,43,12,774231,VID,플러스멤버십,겨울,A,v1,False,False,5.84704789523762,3079.395348765596,0.019317084256575783,0.06323529411755406,194.72647058794894,3761.5476393385675
2025-01-20,meta,외부,META_CMP_02_룩얼라이크,룩얼라이크,유사타겟,IMG_할인쿠폰_겨울_B_v1,38542,516,131445,30,6,258394,477,26,4,187654,IMG,할인쿠폰,겨울,B,v1,False,False,1.4276237209479143,5055.576922882477,0.013387992320066074,0.050387596899127154,254.73837209252957,3410.4353692075297
2025-01-20,meta,외부,META_CMP_02_룩얼라이크,룩얼라이크,유사타겟,CRS_특가_겨울_v1,34385,497,166679,43,9,465373,433,30,7,424064,CRS,특가,겨울,N,v1,False,False,2.5441957295160007,5555.966666481468,0.014453977024865075,0.060362173038107925,335.37022132729305,4847.433473898362
2025-01-20,meta,외부,META_CMP_03_재구매,재구매,VIP,IMG_배송혜택_겨울_A_v1,8978,232,35881,15,5,426067,206,11,4,365902,IMG,배송혜택,겨울,A,v1,False,False,10.197653354142577,3261.909090612554,0.025840944531073082,0.04741379310324391,154.65948275795407,3996.547115169971
2025-01-20,meta,외부,META_CMP_03_재구매,재구매,VIP,VID_적립혜택_겨울_B_v1,15935,479,80251,32,19,1063177,416,28,16,808283,VID,적립혜택,겨울,B,v1,False,False,10.071936798295223,2866.1071427547818,0.030059617194852208,0.058455114822424936,167.53862212908655,5036.146846563851
2025-01-20,meta,외부,META_CMP_03_재구매,재구매,VIP,CRS_신상품_겨울_v1,11679,252,51005,18,7,387185,234,13,5,342973,CRS,신상품,겨울,N,v1,False,False,6.724301539064666,3923.4615381597337,0.021577189827894375,0.05158730158709688,202.40079364999048,4367.240345919654
2025-01-20,meta,외부,META_CMP_03_재구매,재구매,윈백,IMG_배송혜택_겨울_A_v1,18828,322,88428,22,13,1121870,310,16,9,918632,IMG,배송혜택,겨울,A,v1,False,False,10.388474238928728,5526.7499996545785,0.017102188230294395,0.04968944099363451,274.62111801156954,4696.622052262338
2025-01-20,meta,외부,META_CMP_03_재구매,재구매,윈백,VID_적립혜택_겨울_B_v1,23060,398,97186,25,13,921280,364,20,9,735655,VID,적립혜택,겨울,B,v1,False,False,7.569557343650242,4859.299999757035,0.017259323503902115,0.05025125628128078,244.1859296476277,4214.483954900078
2025-01-20,meta,외부,META_CMP_03_재구매,재구매,윈백,CRS_신상품_겨울_v1,23450,619,98285,29,13,1101253,573,20,9,839848,CRS,신상품,겨울,N,v1,False,False,8.545027216767476,4914.249999754287,0.0263965884861396,0.03231017770592519,158.78029079134285,4191.257995735428
2025-01-20,naver,자체,NVR_CMP_01_브랜드KW,브랜드KW,논타겟,TXT_플러스멤버십_겨울_A_v1,10961,1387,80883,410,224,19367154,1246,336,158,14286101,TXT,플러스멤버십,겨울,A,v1,False,False,176.6267448042212,240.72321428499785,0.1265395493111827,0.2422494592644252,58.31506849310864,7379.162485174037
2025-01-20,naver,자체,NVR_CMP_02_일반KW,일반KW,논타겟,TXT_할인쿠폰_겨울_A_v1,12180,898,100713,137,56,3517313,817,108,47,2766627,TXT,할인쿠폰,겨울,A,v1,False,False,27.47040600518277,932.5277777691432,0.07372742200327802,0.12026726057893067,112.15256124709114,8268.719211821981
2025-01-20,naver,자체,NVR_CMP_02_일반KW,일반KW,논타겟,TXT_플러스멤버십_겨울_B_v1,11710,766,83705,129,45,2346973,735,104,36,2077149,TXT,플러스멤버십,겨울,B,v1,False,False,24.815112597813453,804.8557692230302,0.0654141759180132,0.13577023498676793,109.2754569189174,7148.163962424666
2025-01-20,naver,자체,NVR_CMP_03_재구매,재구매,VIP,IMG_배송혜택_겨울_A_v1,6782,301,44953,20,11,857718,268,15,9,740676,IMG,배송혜택,겨울,A,v1,False,False,16.47667563900037,2996.8666664668754,0.0443821881450834,0.04983388704302381,149.34551494966996,6628.280743142637
2025-01-20,naver,자체,NVR_CMP_03_재구매,재구매,VIP,VID_적립혜택_겨울_B_v1,4669,306,44792,38,30,3046446,296,26,22,2719516,VID,적립혜택,겨울,B,v1,False,False,60.714323986424795,1722.7692307029704,0.06553865924179363,0.08496732026116025,146.3790849668419,9593.488969798758
2025-01-20,naver,자체,NVR_CMP_03_재구매,재구매,VIP,CRS_신상품_겨울_v1,6317,348,48631,35,26,2338049,318,30,18,1878566,CRS,신상품,겨울,N,v1,False,False,38.6289815138484,1621.0333332792989,0.05508944119042977,0.08620689655147643,139.74425287316166,7698.432800378708
2025-01-20,naver,자체,NVR_CMP_03_재구매,재구매,윈백,IMG_배송혜택_겨울_A_v1,7525,506,59584,49,40,4092830,477,39,34,3215923,IMG,배송혜택,겨울,A,v1,False,False,53.972928974220366,1527.7948717556976,0.06724252491693458,0.07707509881407693,117.75494071122974,7918.139534882668
2025-01-20,naver,자체,NVR_CMP_03_재구매,재구매,윈백,VID_적립혜택_겨울_B_v1,7314,497,63145,39,26,2435591,446,32,18,2236126,VID,적립혜택,겨울,B,v1,False,False,35.4125583973389,1973.2812499383351,0.06795187312003445,0.06438631790731512,127.05231388304416,8633.442712604781
2025-01-20,naver,자체,NVR_CMP_03_재구매,재구매,윈백,CRS_신상품_겨울_v1,6352,440,57611,38,25,2480052,397,33,19,1955463,CRS,신상품,겨울,N,v1,False,False,33.9425283366018,1745.7878787349764,0.06926952141056844,0.07499999999982955,130.93409090879334,9069.741813600587
2025-01-21,google,외부,GGL_CMP_01_플러스가입,플러스가입,논타겟,VID_플러스멤버십_겨울_A_v1,39266,1264,252430,117,40,2123275,1177,97,32,1915318,VID,플러스멤버십,겨울,A,v1,False,False,7.587521293031702,2602.37113399379,0.03219069933275526,0.07674050632905322,199.70727848085465,6428.716956145102
2025-01-21,google,외부,GGL_CMP_01_플러스가입,플러스가입,논타겟,IMG_플러스멤버십_겨울_B_v1,70845,1602,372602,191,41,1926489,1480,152,35,1424794,IMG,플러스멤버십,겨울,B,v1,False,False,3.823903253337331,2451.328947352294,0.022612746135930232,0.09488139825212555,232.58551810222684,5259.397275742744
2025-01-21,google,외부,GGL_CMP_01_플러스가입,플러스가입,논타겟,CRS_플러스멤버십_겨울_v1,41942,1190,187503,155,41,2014495,1022,141,30,1549022,CRS,플러스멤버십,겨울,N,v1,False,False,8.261318485570854,1329.8085106288668,0.028372514424681028,0.11848739495788363,157.565546218355,4470.530732916779
2025-01-21,google,외부,GGL_CMP_01_플러스가입,플러스가입,논타겟,IMG_적립혜택_겨울_v2,60265,1229,272783,145,31,2096900,1110,106,21,1745994,IMG,적립혜택,겨울,N,v2,False,False,6.400670129736801,2573.424528277609,0.02039326308802754,0.08624898291286717,221.95524816906268,4526.391769683821
2025-01-21,google,외부,GGL_CMP_01_플러스가입,플러스가입,유사타겟,VID_플러스멤버십_겨울_A_v1,54282,1106,352899,157,32,1588995,1002,134,25,1345527,VID,플러스멤버십,겨울,A,v1,False,False,3.8127821274642213,2633.5746268460184,0.020375078294830325,0.12115732368885972,319.0768535259321,6501.215872664852
2025-01-21,google,외부,GGL_CMP_01_플러스가입,플러스가입,유사타겟,IMG_플러스멤버십_겨울_B_v1,69492,2011,382584,261,60,2652281,1746,186,46,2359439,IMG,플러스멤버십,겨울,B,v1,False,False,6.167113627334112,2056.903225795393,0.02893858285845811,0.09249129786171432,190.24564893078556,5505.4394750474075
2025-01-21,google,외부,GGL_CMP_01_플러스가입,플러스가입,유사타겟,CRS_플러스멤버십_겨울_v1,55853,1914,353791,218,61,3920805,1698,194,47,3399598,CRS,플러스멤버십,겨울,N,v1,False,False,9.60905732480473,1823.664948444208,0.034268526310134925,0.10135841170318634,184.84378265403092,6334.324029147829
2025-01-21,google,외부,GGL_CMP_01_플러스가입,플러스가입,유사타겟,IMG_적립혜택_겨울_v2,61984,1497,356325,207,44,2237453,1447,178,34,2038934,IMG,적립혜택,겨울,N,v2,False,False,5.722118852171457,2001.8258426853831,0.024151393908104928,0.11890447561782304,238.02605210404943,5748.660944759846
2025-01-21,google,외부,GGL_CMP_02_리타겟팅,리타겟팅,리마케팅,VID_할인쿠폰_겨울_A_v1,26732,974,140766,133,50,3396991,862,111,37,3099490,VID,할인쿠폰,겨울,A,v1,False,False,22.01874032081595,1268.1621621507372,0.0364357324554827,0.11396303901425671,144.52361396289064,5265.8237318567535
2025-01-21,google,외부,GGL_CMP_02_리타겟팅,리타겟팅,리마케팅,IMG_할인쿠폰_겨울_B_v1,36921,1464,180099,157,91,5387441,1433,112,63,4746191,IMG,할인쿠폰,겨울,B,v1,False,False,26.35323349935299,1608.0267856999283,0.03965223043796107,0.0765027322403849,123.01844262286679,4877.955635004337
2025-01-21,google,외부,GGL_CMP_02_리타겟팅,리타겟팅,리마케팅,CRS_특가_겨울_v1,29555,1003,146477,108,47,2162605,943,93,35,1895849,CRS,특가,겨울,N,v1,False,False,12.942980809273724,1575.0215053594084,0.033936728133986335,0.09272183449641802,146.03888334980454,4956.081881238201
2025-01-21,google,외부,GGL_CMP_03_첫구매,첫구매,논타겟,VID_적립혜택_겨울_A_v1,66740,1565,295233,108,52,3031344,1482,87,36,2531687,VID,적립혜택,겨울,A,v1,False,False,8.575216862613567,3393.482758581684,0.023449205873538752,0.05559105431306352,188.64728434492739,4423.629008091034
2025-01-21,google,외부,GGL_CMP_03_첫구매,첫구매,논타겟,IMG_적립혜택_겨울_B_v1,46495,1476,218925,158,74,3963463,1258,114,55,3298700,IMG,적립혜택,겨울,B,v1,False,False,15.067717254767546,1920.3947368252595,0.031745348962253325,0.07723577235767125,148.32317073160684,4708.570814065927
2025-01-21,google,외부,GGL_CMP_03_첫구매,첫구매,논타겟,CRS_할인쿠폰_겨울_v1,51398,959,312494,95,29,1717731,842,67,24,1314742,CRS,할인쿠폰,겨울,N,v1,False,False,4.2072551792994295,4664.089552169193,0.018658313553056177,0.069864442127143,325.85401459820037,6079.886376901707
2025-01-21,google,외부,GGL_CMP_03_첫구매,첫구매,유사타겟,VID_적립혜택_겨울_A_v1,61492,1847,380348,180,79,5967229,1663,138,54,4302251,VID,적립혜택,겨울,A,v1,False,False,11.311354338658251,2756.14492751626,0.0300364275027641,0.07471575527879008,205.92744991867573,6185.324920314738
2025-01-21,google,외부,GGL_CMP_03_첫구매,첫구매,유사타겟,IMG_적립혜택_겨울_B_v1,63989,1856,412307,154,50,2558221,1679,141,37,1945148,IMG,적립혜택,겨울,B,v1,False,False,4.717717623033311,2924.1631205466374,0.02900498523183627,0.07596982758616597,222.14816810332857,6443.404335119999
2025-01-21,google,외부,GGL_CMP_03_첫구매,첫구매,유사타겟,CRS_할인쿠폰_겨울_v1,60575,1260,384108,133,62,3315664,1098,105,43,2615063,CRS,할인쿠폰,겨울,N,v1,False,False,6.808145105022528,3658.171428536589,0.0208006603384231,0.0833333333332672,304.8476190473771,6341.031778786524
2025-01-21,meta,외부,META_CMP_01_신규유저,신규유저,논타겟,VID_플러스멤버십_겨울_A_v1,43563,574,161530,41,11,431577,503,31,7,347181,VID,플러스멤버십,겨울,A,v1,False,False,2.1493282981489377,5210.645161122237,0.01317631935357957,0.05400696864102089,281.4111498252937,3707.9631797625575
2025-01-21,meta,외부,META_CMP_01_신규유저,신규유저,논타겟,IMG_적립혜택_겨울_B_v1,37369,565,154362,29,7,359091,507,20,5,281283,IMG,적립혜택,겨울,B,v1,False,False,1.8222295642709876,7718.099999614095,0.015119484064330994,0.03539823008843292,273.2070796455342,4130.750086970373
2025-01-21,meta,외부,META_CMP_01_신규유저,신규유저,논타겟,CRS_플러스멤버십_겨울_v1,44491,929,157100,66,19,1061541,810,60,15,983090,CRS,플러스멤버십,겨울,N,v1,False,False,6.257733927434716,2618.3333332896946,0.02088062754264861,0.06458557588798215,169.10656620003326,3531.051223842945
2025-01-21,meta,외부,META_CMP_02_룩얼라이크,룩얼라이크,유사타겟,VID_플러스멤버십_겨울_A_v1,46947,935,234433,80,17,912024,902,61,14,748997,VID,플러스멤버십,겨울,A,v1,False,False,3.194929894682049,3843.163934363227,0.01991607557458368,0.06524064171116017,250.7304812831543,4993.567214092382
2025-01-21,meta,외부,META_CMP_02_룩얼라이크,룩얼라이크,유사타겟,IMG_할인쿠폰_겨울_B_v1,37844,725,164351,51,13,571716,671,46,9,485634,IMG,할인쿠폰,겨울,B,v1,False,False,2.954858808282256,3572.847826009286,0.019157594334636426,0.06344827586198146,226.69103448244596,4342.854877919767
2025-01-21,meta,외부,META_CMP_02_룩얼라이크,룩얼라이크,유사타겟,CRS_특가_겨울_v1,51998,828,239175,73,19,756924,744,55,13,577473,CRS,특가,겨울,N,v1,False,False,2.414437127626205,4348.636363557298,0.015923689372667874,0.06642512077286664,288.85869565182503,4599.696142159226
2025-01-21,meta,외부,META_CMP_03_재구매,재구매,VIP,IMG_배송혜택_겨울_A_v1,9106,267,39746,18,10,648039,236,15,8,537472,IMG,배송혜택,겨울,A,v1,False,False,13.522668947818309,2649.7333331566842,0.029321326597844352,0.05617977528068847,148.86142322041624,4364.814408082103
2025-01-21,meta,외부,META_CMP_03_재구매,재구매,VIP,VID_적립혜택_겨울_B_v1,16210,413,62321,16,9,584016,364,13,7,502050,VID,적립혜택,겨울,B,v1,False,False,8.05587201745787,4793.923076554313,0.025478099938308112,0.03147699757861628,150.89830508438038,3844.6020974704597
2025-01-21,meta,외부,META_CMP_03_재구매,재구매,VIP,CRS_신상품_겨울_v1,10697,278,48872,16,7,451969,252,11,6,332060,CRS,신상품,겨울,N,v1,False,False,6.794483548862195,4442.90909050519,0.0259885949331564,0.03956834532359867,175.79856115044677,4568.757595587121
2025-01-21,meta,외부,META_CMP_03_재구매,재구매,윈백,IMG_배송혜택_겨울_A_v1,17125,433,61612,19,7,515706,414,17,5,379773,IMG,배송혜택,겨울,A,v1,False,False,6.163945335324188,3624.2352939044567,0.02528467153284524,0.03926096997681464,142.29099307126492,3597.7810218976
2025-01-21,meta,외부,META_CMP_03_재구매,재구매,윈백,VID_적립혜택_겨울_B_v1,23834,494,108979,23,9,559128,438,18,7,434493,VID,적립혜택,겨울,B,v1,False,False,3.986942438451408,6054.388888552534,0.02072669295963662,0.036437246963488996,220.60526315744818,4572.4175547535215
2025-01-21,meta,외부,META_CMP_03_재구매,재구매,윈백,CRS_신상품_겨울_v1,24544,429,122570,22,8,548721,392,18,6,489523,CRS,신상품,겨울,N,v1,False,False,3.9938239373418942,6809.444444066142,0.01747881355932132,0.041958041957944156,285.71095571028974,4993.888526727306
2025-01-21,naver,자체,NVR_CMP_01_브랜드KW,브랜드KW,논타겟,TXT_플러스멤버십_겨울_A_v1,10585,1017,80663,295,178,15305197,943,216,149,11846700,TXT,플러스멤버십,겨울,A,v1,False,False,146.86659310960232,373.43981481308595,0.09607935758147415,0.21238938053076462,79.31465093404198,7620.500708549114
2025-01-21,naver,자체,NVR_CMP_02_일반KW,일반KW,논타겟,TXT_할인쿠폰_겨울_A_v1,12325,970,93676,160,45,2422635,883,117,32,1750826,TXT,할인쿠폰,겨울,A,v1,False,False,18.690230155002148,800.6495726427295,0.07870182555780295,0.12061855670090658,96.5731958761891,7600.486815415205
2025-01-21,naver,자체,NVR_CMP_02_일반KW,일반KW,논타겟,TXT_플러스멤버십_겨울_B_v1,12605,1159,100495,226,109,8685694,1041,182,89,7326772,TXT,플러스멤버십,겨울,B,v1,False,False,72.9068311856304,552.1703296672958,0.09194763982545878,0.1570319240723408,86.70836928379059,7972.62990876573
2025-01-21,naver,자체,NVR_CMP_03_재구매,재구매,VIP,IMG_배송혜택_겨울_A_v1,5104,215,47718,19,13,1012303,194,14,11,882395,IMG,배송혜택,겨울,A,v1,False,False,18.491868896432827,3408.428571185112,0.0421238244514024,0.06511627906946457,221.94418604547934,9349.13793103265
2025-01-21,naver,자체,NVR_CMP_03_재구매,재구매,VIP,VID_적립혜택_겨울_B_v1,5431,315,46724,33,25,2741272,297,24,17,2441805,VID,적립혜택,겨울,B,v1,False,False,52.26018748394718,1946.8333332522152,0.058000368256295703,0.07619047619023432,148.33015872968784,8603.203829864002
2025-01-21,naver,자체,NVR_CMP_03_재구매,재구매,VIP,CRS_신상품_겨울_v1,5824,376,50272,39,23,2051770,352,29,18,1887368,CRS,신상품,겨울,N,v1,False,False,37.54312539783503,1733.517241319534,0.06456043956042846,0.07712765957426296,133.7021276592189,8631.86813186665
2025-01-21,naver,자체,NVR_CMP_03_재구매,재구매,윈백,IMG_배송혜택_겨울_A_v1,10844,448,96155,46,40,3467949,414,41,31,2634437,IMG,배송혜택,겨울,A,v1,False,False,27.397816026207398,2345.2439023818233,0.041313168572478666,0.09151785714265287,214.63169642809234,8867.115455550638
2025-01-21,naver,자체,NVR_CMP_03_재구매,재구매,윈백,VID_적립혜택_겨울_B_v1,8583,601,61876,50,44,4312804,540,38,33,3898965,VID,적립혜택,겨울,B,v1,False,False,63.01255737280912,1628.315789430834,0.0700221367820028,0.06322795341087649,102.95507487503669,7209.134335313152
2025-01-21,naver,자체,NVR_CMP_03_재구매,재구매,윈백,CRS_신상품_겨울_v1,10229,450,86290,50,31,2344646,426,45,23,1839846,CRS,신상품,겨울,N,v1,False,False,21.32165952022226,1917.5555555129433,0.04399257014370476,0.09999999999977778,191.75555555512943,8435.819728222854
2025-01-22,google,외부,GGL_CMP_01_플러스가입,플러스가입,논타겟,VID_플러스멤버십_겨울_A_v1,71071,2325,312959,201,60,3506187,2174,173,43,2800310,VID,플러스멤버십,겨울,A,v1,False,False,8.94784939880301,1809.011560683185,0.03271376510813084,0.07440860215050563,134.60602150531844,4403.469769666891
2025-01-22,google,외부,GGL_CMP_01_플러스가입,플러스가입,논타겟,IMG_플러스멤버십_겨울_B_v1,61733,1390,296341,206,53,3518944,1215,146,38,3094645,IMG,플러스멤버십,겨울,B,v1,False,False,10.442851309808598,2029.7328766984267,0.022516320282506563,0.10503597122294601,213.19496402862362,4800.366092689407
2025-01-22,google,외부,GGL_CMP_01_플러스가입,플러스가입,논타겟,CRS_플러스멤버십_겨울_v1,47058,1606,249376,202,58,3937037,1399,154,44,3063487,CRS,플러스멤버십,겨울,N,v1,False,False,12.28461038752722,1619.3246753141602,0.03412809724170101,0.0958904109588444,155.2777085926804,5299.332738322809
2025-01-22,google,외부,GGL_CMP_01_플러스가입,플러스가입,논타겟,IMG_적립혜택_겨울_v2,49791,1439,271429,185,37,1690124,1363,129,29,1567420,IMG,적립혜택,겨울,N,v2,False,False,5.774696145216592,2104.100775177488,0.028900805366431106,0.08964558721328031,188.62334954816635,5451.366712859644
2025-01-22,google,외부,GGL_CMP_01_플러스가입,플러스가입,유사타겟,VID_플러스멤버십_겨울_A_v1,41695,1161,184124,144,50,3246875,1127,115,37,2630570,VID,플러스멤버십,겨울,A,v1,False,False,14.286947926397351,1601.0782608556428,0.027845065355557554,0.09905254091292072,158.59086993957055,4415.973138265874
2025-01-22,google,외부,GGL_CMP_01_플러스가입,플러스가입,유사타겟,IMG_플러스멤버십_겨울_B_v1,50735,1721,334789,239,81,5045461,1547,170,61,3982652,IMG,플러스멤버십,겨울,B,v1,False,False,11.896006141181426,1969.347058811945,0.0339213560658316,0.09877977919808321,194.53166763498285,6598.777963930096
2025-01-22,google,외부,GGL_CMP_01_플러스가입,플러스가입,유사타겟,CRS_플러스멤버십_겨울_v1,41805,1119,248166,148,49,2343117,1038,131,36,2031120,CRS,플러스멤버십,겨울,N,v1,False,False,8.18452165083046,1894.3969465504247,0.026767133118047442,0.11706881143868002,221.77479892741576,5936.2755651236475
2025-01-22,google,외부,GGL_CMP_01_플러스가입,플러스가입,유사타겟,IMG_적립혜택_겨울_v2,65396,1656,376705,212,56,3100214,1448,194,49,2761205,IMG,적립혜택,겨울,N,v2,False,False,7.3298867814337285,1941.778350505455,0.025322649703345385,0.11714975845403554,227.47886473416216,5760.367606581354
2025-01-22,google,외부,GGL_CMP_02_리타겟팅,리타겟팅,리마케팅,VID_할인쿠폰_겨울_A_v1,23429,751,105446,96,38,2136299,697,75,30,1574639,VID,할인쿠폰,겨울,A,v1,False,False,14.933131650323245,1405.9466666479207,0.03205429168978479,0.09986684420759005,140.40745672418055,4500.661573263711
2025-01-22,google,외부,GGL_CMP_02_리타겟팅,리타겟팅,리마케팅,IMG_할인쿠폰_겨울_B_v1,31572,1391,203572,194,106,7302666,1315,148,76,5477466,IMG,할인쿠폰,겨울,B,v1,False,False,26.90677499852619,1375.4864864771928,0.044058026099073735,0.1063982746224972,146.34938892872296,6447.865197009804
2025-01-22,google,외부,GGL_CMP_02_리타겟팅,리타겟팅,리마케팅,CRS_특가_겨울_v1,33397,1219,209899,132,46,3031978,1083,111,36,2740013,CRS,특가,겨울,N,v1,False,False,13.053959285179953,1890.981981964946,0.036500284456686634,0.09105824446259962,172.18949958968648,6284.965715483239
2025-01-22,google,외부,GGL_CMP_03_첫구매,첫구매,논타겟,VID_적립혜택_겨울_A_v1,44045,1065,205007,105,34,1863272,1009,88,23,1511724,VID,적립혜택,겨울,A,v1,False,False,7.374011619115409,2329.624999973527,0.024179816097172797,0.08262910798114308,192.49483568057042,4654.48972641606
2025-01-22,google,외부,GGL_CMP_03_첫구매,첫구매,논타겟,IMG_적립혜택_겨울_B_v1,62120,1236,400284,138,62,3414115,1091,111,54,2546419,IMG,적립혜택,겨울,B,v1,False,False,6.361530813122667,3606.162162129674,0.019896973599484547,0.08980582524264578,323.85436893177683,6443.721828718505
2025-01-22,google,외부,GGL_CMP_03_첫구매,첫구매,논타겟,CRS_할인쿠폰_겨울_v1,42979,1096,257698,74,32,2392838,1064,64,25,2046444,CRS,할인쿠폰,겨울,N,v1,False,False,7.9412490589759805,4026.5312499370852,0.025500825984782673,0.05839416058388833,235.1259124085446,5995.9049768490195
2025-01-22,google,외부,GGL_CMP_03_첫구매,첫구매,유사타겟,VID_적립혜택_겨울_A_v1,50941,1439,306624,120,50,3269873,1383,105,36,2433749,VID,적립혜택,겨울,A,v1,False,False,7.9372423554581255,2920.22857140076,0.028248365756462807,0.0729673384294142,213.08130646267333,6019.198680826721
2025-01-22,google,외부,GGL_CMP_03_첫구매,첫구매,유사타겟,IMG_적립혜택_겨울_B_v1,41393,779,249570,88,39,2024576,699,78,34,1702977,IMG,적립혜택,겨울,B,v1,False,False,6.823644668830362,3199.615384574364,0.01881960717995751,0.10012836970462115,320.3722721433628,6029.280313096272
2025-01-22,google,외부,GGL_CMP_03_첫구매,첫구매,유사타겟,CRS_할인쿠폰_겨울_v1,38555,710,215072,77,38,2206629,637,65,32,1829621,CRS,할인쿠폰,겨울,N,v1,False,False,8.507016255021535,3308.7999999490953,0.0184152509402148,0.09154929577451895,302.91830985872826,5578.316690442081
2025-01-22,meta,외부,META_CMP_01_신규유저,신규유저,논타겟,VID_플러스멤버십_겨울_A_v1,44560,601,179315,43,9,358012,584,38,7,292035,VID,플러스멤버십,겨울,A,v1,False,False,1.6286144494325538,4718.815789349505,0.013487432675044582,0.06322795341087649,298.3610648913505,4024.124775583393
2025-01-22,meta,외부,META_CMP_01_신규유저,신규유저,논타겟,IMG_적립혜택_겨울_B_v1,44556,568,199512,46,11,551479,505,42,7,512510,IMG,적립혜택,겨울,B,v1,False,False,2.5688179157143303,4750.285714172613,0.012748002513690352,0.07394366197170081,351.2535211261422,4477.78077026653
2025-01-22,meta,외부,META_CMP_01_신규유저,신규유저,논타겟,CRS_플러스멤버십_겨울_v1,47204,754,224323,52,13,585896,737,40,11,447758,CRS,플러스멤버십,겨울,N,v1,False,False,1.996041422413208,5608.0749998597985,0.0159732226082532,0.05305039787791373,297.51061007918105,4752.203203118279
2025-01-22,meta,외부,META_CMP_02_룩얼라이크,룩얼라이크,유사타겟,VID_플러스멤버십_겨울_A_v1,47862,1021,217135,57,17,725840,932,44,15,623091,VID,플러스멤버십,겨울,A,v1,False,False,2.869601860593627,4934.886363524208,0.021332163302828524,0.04309500489711744,212.66895200762715,4536.688813672547
2025-01-22,meta,외부,META_CMP_02_룩얼라이크,룩얼라이크,유사타겟,IMG_할인쿠폰_겨울_B_v1,50782,1183,217375,82,22,1367685,1122,64,17,1066026,IMG,할인쿠폰,겨울,B,v1,False,False,4.904087406555469,3396.4843749469296,0.023295655941081028,0.054099746407392985,183.74894336417265,4280.552164152568
2025-01-22,meta,외부,META_CMP_02_룩얼라이크,룩얼라이크,유사타겟,CRS_특가_겨울_v1,46948,690,225280,49,9,508089,638,42,7,441536,CRS,특가,겨울,N,v1,False,False,1.9599431818181732,5363.809523681814,0.014697111698048593,0.060869565217303086,326.4927536227152,4798.50046860346
2025-01-22,meta,외부,META_CMP_03_재구매,재구매,VIP,IMG_배송혜택_겨울_A_v1,12278,229,44092,14,6,351756,201,12,5,253938,IMG,배송혜택,겨울,A,v1,False,False,5.759276059148922,3674.333333027139,0.01865124613129022,0.052401746724662,192.54148471531641,3591.1386219251026
2025-01-22,meta,외부,META_CMP_03_재구매,재구매,VIP,VID_적립혜택_겨울_B_v1,14308,350,64380,25,9,771240,316,22,7,570848,VID,적립혜택,겨울,B,v1,False,False,8.866853059956371,2926.3636362306197,0.02446183953033097,0.06285714285696327,183.9428571423316,4499.580654179165
2025-01-22,meta,외부,META_CMP_03_재구매,재구매,VIP,CRS_신상품_겨울_v1,16184,305,55805,22,11,810677,297,18,8,589474,CRS,신상품,겨울,N,v1,False,False,10.563103664545999,3100.27777760554,0.018845773603557905,0.059016393442429455,182.96721311415422,3448.1586752345866
2025-01-22,meta,외부,META_CMP_03_재구매,재구매,윈백,IMG_배송혜택_겨울_A_v1,17734,412,80083,29,15,995587,387,25,12,879425,IMG,배송혜택,겨울,A,v1,False,False,10.981419277499457,3203.3199998718674,0.023232209315437957,0.06067961165033816,194.37621359176123,4515.788880117034
2025-01-22,meta,외부,META_CMP_03_재구매,재구매,윈백,VID_적립혜택_겨울_B_v1,25597,652,97841,39,17,982464,561,31,14,812544,VID,적립혜택,겨울,B,v1,False,False,8.304739321961057,3156.161290220769,0.025471734968940677,0.047546012269865726,150.06288343535266,3822.3619955462036
2025-01-22,meta,외부,META_CMP_03_재구매,재구매,윈백,CRS_신상품_겨울_v1,14990,366,64787,17,9,724049,319,13,7,587252,CRS,신상품,겨울,N,v1,False,False,9.064349329340624,4983.615384232029,0.024416277518343934,0.03551912568296307,177.01366120170215,4322.014676450679
2025-01-22,naver,자체,NVR_CMP_01_브랜드KW,브랜드KW,논타겟,TXT_플러스멤버십_겨울_A_v1,9385,962,61971,287,177,10773059,919,202,142,8970160,TXT,플러스멤버십,겨울,A,v1,False,False,144.7477045714908,306.7871287113526,0.10250399573786867,0.20997920997899172,64.41891891885196,6603.196590302972
2025-01-22,naver,자체,NVR_CMP_02_일반KW,일반KW,논타겟,TXT_할인쿠폰_겨울_A_v1,14960,1203,120585,197,85,6297828,1041,170,75,5721554,TXT,할인쿠폰,겨울,A,v1,False,False,47.44830617406769,709.3235294075922,0.08041443850266843,0.1413133832085276,100.23690773058999,8060.494652405879
2025-01-22,naver,자체,NVR_CMP_02_일반KW,일반KW,논타겟,TXT_플러스멤버십_겨울_B_v1,10185,874,71049,140,63,3365107,757,104,45,2820377,TXT,플러스멤버십,겨울,B,v1,False,False,39.69622373291616,683.1634615318926,0.08581246931761553,0.1189931350113055,81.29176201363697,6975.846833578107
2025-01-22,naver,자체,NVR_CMP_03_재구매,재구매,VIP,IMG_배송혜택_겨울_A_v1,6538,275,62345,26,16,1489090,248,23,10,1166145,IMG,배송혜택,겨울,A,v1,False,False,18.704707675033784,2710.652173795189,0.042061792597118064,0.0836363636360595,226.70909090826652,9535.790761699367
2025-01-22,naver,자체,NVR_CMP_03_재구매,재구매,VIP,VID_적립혜택_겨울_B_v1,6845,405,60954,42,28,2645577,380,34,25,2100441,VID,적립혜택,겨울,B,v1,False,False,34.459444827246216,1792.7647058296247,0.05916727538348295,0.08395061728374334,150.5037037033321,8904.89408327116
2025-01-22,naver,자체,NVR_CMP_03_재구매,재구매,VIP,CRS_신상품_겨울_v1,5523,266,37097,30,17,1319240,236,26,15,1116671,CRS,신상품,겨울,N,v1,False,False,30.10138286114699,1426.807692252815,0.04816223067172765,0.09774436090188818,139.4624060145133,6716.820568530378
2025-01-22,naver,자체,NVR_CMP_03_재구매,재구매,윈백,IMG_배송혜택_겨울_A_v1,7466,399,50852,41,21,1690617,358,36,16,1246801,IMG,배송혜택,겨울,A,v1,False,False,24.518229371508998,1412.555555516318,0.0534422716313885,0.0902255639095483,127.44862155356529,6811.143852128742
2025-01-22,naver,자체,NVR_CMP_03_재구매,재구매,윈백,VID_적립혜택_겨울_B_v1,7672,428,66151,41,21,2125999,419,34,15,1696865,VID,적립혜택,겨울,B,v1,False,False,25.651388489969527,1945.6176470015996,0.055787278415008364,0.07943925233626299,154.55841121459216,8622.39311782995
2025-01-22,naver,자체,NVR_CMP_03_재구매,재구매,윈백,CRS_신상품_겨울_v1,9849,686,82100,62,34,3825417,621,43,27,2816578,CRS,신상품,겨울,N,v1,False,False,34.306674786844894,1909.302325536993,0.06965174129352526,0.06268221574334885,119.67930029137074,8335.871662096828
2025-01-23,google,외부,GGL_CMP_01_플러스가입,플러스가입,논타겟,VID_플러스멤버십_겨울_A_v1,42612,897,238900,77,22,1187505,801,58,19,911304,VID,플러스멤버십,겨울,A,v1,False,False,3.81458350774381,4118.965517170363,0.0210504083356796,0.06465997770338389,266.33221850583465,5606.401952501511
2025-01-23,google,외부,GGL_CMP_01_플러스가입,플러스가입,논타겟,IMG_플러스멤버십_겨울_B_v1,38825,988,253578,107,22,1528009,862,92,16,1363720,IMG,플러스멤버십,겨울,B,v1,False,False,5.377911333002054,2756.2826086656924,0.02544752092723695,0.09311740890678834,256.6578947365823,6531.307147456368
2025-01-23,google,외부,GGL_CMP_01_플러스가입,플러스가입,논타겟,CRS_플러스멤버십_겨울_v1,54657,1529,324717,218,60,3642320,1477,160,53,2920442,CRS,플러스멤버십,겨울,N,v1,False,False,8.99380691494437,2029.4812499873158,0.027974458898219298,0.10464355788089952,212.3721386525753,5940.995663867283
2025-01-23,google,외부,GGL_CMP_01_플러스가입,플러스가입,논타겟,IMG_적립혜택_겨울_v2,49890,1570,325762,187,53,3570335,1431,136,36,2955697,IMG,적립혜택,겨울,N,v2,False,False,9.073179192170944,2395.3088235117993,0.031469232311083756,0.08662420382160088,207.49171974509076,6529.605131288706
2025-01-23,google,외부,GGL_CMP_01_플러스가입,플러스가입,유사타겟,VID_플러스멤버십_겨울_A_v1,43631,930,228337,124,24,1534776,908,106,17,1301225,VID,플러스멤버십,겨울,A,v1,False,False,5.698704108401154,2154.122641489112,0.021315119983497485,0.11397849462353336,245.5236559137145,5233.366184593403
2025-01-23,google,외부,GGL_CMP_01_플러스가입,플러스가입,유사타겟,IMG_플러스멤버십_겨울_B_v1,61823,1376,406161,189,51,2630841,1246,171,44,2343934,IMG,플러스멤버십,겨울,B,v1,False,False,5.770947973833023,2375.2105263018993,0.022257088785726634,0.12427325581386317,295.1751453486227,6569.739417368834
2025-01-23,google,외부,GGL_CMP_01_플러스가입,플러스가입,유사타겟,CRS_플러스멤버십_겨울_v1,48571,1622,314954,179,42,1952112,1395,154,37,1473207,CRS,플러스멤버십,겨울,N,v1,False,False,4.677530687020947,2045.155844142564,0.03339441230363729,0.09494451294692051,194.17632552392467,6484.404274155227
2025-01-23,google,외부,GGL_CMP_01_플러스가입,플러스가입,유사타겟,IMG_적립혜택_겨울_v2,40394,1273,226980,148,48,3382059,1152,120,40,2775749,IMG,적립혜택,겨울,N,v2,False,False,12.22904661203625,1891.4999999842375,0.03151458137347053,0.0942655145325261,178.30322073827313,5619.1513591126
2025-01-23,google,외부,GGL_CMP_02_리타겟팅,리타겟팅,리마케팅,VID_할인쿠폰_겨울_A_v1,33297,1513,211562,182,77,4692986,1465,157,64,4071373,VID,할인쿠폰,겨울,A,v1,False,False,19.24434917423725,1347.5286624117994,0.04543952908670315,0.10376734963641522,139.82947785846673,6353.785626332512
2025-01-23,google,외부,GGL_CMP_02_리타겟팅,리타겟팅,리마케팅,IMG_할인쿠폰_겨울_B_v1,37943,1124,228636,154,82,5593148,1032,128,66,5160103,IMG,할인쿠폰,겨울,B,v1,False,False,22.56907486135157,1786.2187499860454,0.0296233824420834,0.11387900355861755,203.4128113877194,6025.77550536315
2025-01-23,google,외부,GGL_CMP_02_리타겟팅,리타겟팅,리마케팅,CRS_특가_겨울_v1,36455,1568,202389,141,47,3152936,1437,128,36,2521118,CRS,특가,겨울,N,v1,False,False,12.456793600442651,1581.1640624876472,0.043011932519543467,0.08163265306117243,129.07461734685646,5551.748731312426
2025-01-23,google,외부,GGL_CMP_03_첫구매,첫구매,논타겟,VID_적립혜택_겨울_A_v1,50818,975,325789,74,29,2075936,843,56,21,1587559,VID,적립혜택,겨울,A,v1,False,False,4.872966858917874,5817.660714181828,0.019186115156046693,0.057435897435838525,334.1425641022214,6410.897713408509
2025-01-23,google,외부,GGL_CMP_03_첫구매,첫구매,논타겟,IMG_적립혜택_겨울_B_v1,62854,1636,306628,129,63,4274547,1566,91,49,3632198,IMG,적립혜택,겨울,B,v1,False,False,11.845617490900988,3369.5384615014336,0.026028574155980113,0.055623471882606586,187.42542787274607,4878.416648105055
2025-01-23,google,외부,GGL_CMP_03_첫구매,첫구매,논타겟,CRS_할인쿠폰_겨울_v1,54612,1247,314247,100,35,1699457,1204,74,26,1259775,CRS,할인쿠폰,겨울,N,v1,False,False,4.008868819750057,4246.581081023694,0.022833809419174855,0.05934242181230205,252.00240577365517,5754.174906613825
2025-01-23,google,외부,GGL_CMP_03_첫구매,첫구매,유사타겟,VID_적립혜택_겨울_A_v1,54737,1027,302778,73,22,1389172,893,61,16,1115540,VID,적립혜택,겨울,A,v1,False,False,3.6843495894681793,4963.573770410433,0.018762445877559628,0.059396299902571184,294.8179162606672,5531.50519758106
2025-01-23,google,외부,GGL_CMP_03_첫구매,첫구매,유사타겟,IMG_적립혜택_겨울_B_v1,48376,1157,232244,123,36,2220004,1109,90,27,1800715,IMG,적립혜택,겨울,B,v1,False,False,7.75354799262841,2580.488888860217,0.023916818256986442,0.07778738115810044,200.7294727742431,4800.8103191664295
2025-01-23,google,외부,GGL_CMP_03_첫구매,첫구매,유사타겟,CRS_할인쿠폰_겨울_v1,50354,1538,243543,112,31,1870385,1456,100,22,1424837,CRS,할인쿠폰,겨울,N,v1,False,False,5.85045351334259,2435.4299999756454,0.030543750248241838,0.06501950585171325,158.350455136438,4836.616753385931
2025-01-23,meta,외부,META_CMP_01_신규유저,신규유저,논타겟,VID_플러스멤버십_겨울_A_v1,41478,738,157888,49,11,601874,695,37,9,544798,VID,플러스멤버십,겨울,A,v1,False,False,3.4505345561410405,4267.243243127913,0.0177925647331111,0.050135501354945614,213.94037940350415,3806.5480495683546
2025-01-23,meta,외부,META_CMP_01_신규유저,신규유저,논타겟,IMG_적립혜택_겨울_B_v1,42046,854,200826,55,9,350456,728,40,7,308804,IMG,적립혜택,겨울,B,v1,False,False,1.5376694252736123,5020.649999874484,0.02031108785615706,0.04683840749409035,235.15925058520475,4776.340198829739
2025-01-23,meta,외부,META_CMP_01_신규유저,신규유저,논타겟,CRS_플러스멤버십_겨울_v1,35359,634,139130,57,14,649357,562,45,11,501321,CRS,플러스멤버십,겨울,N,v1,False,False,3.603255947674811,3091.777777709072,0.017930371334030436,0.0709779179809606,219.44794952646774,3934.783223507341
2025-01-23,meta,외부,META_CMP_02_룩얼라이크,룩얼라이크,유사타겟,VID_플러스멤버십_겨울_A_v1,33242,602,125625,53,16,996194,531,46,11,865051,VID,플러스멤버십,겨울,A,v1,False,False,6.885978109452681,2730.9782608101964,0.01810962035978527,0.07641196013276344,208.67940199300884,3779.104747006685
2025-01-23,meta,외부,META_CMP_02_룩얼라이크,룩얼라이크,유사타겟,IMG_할인쿠폰_겨울_B_v1,49810,1004,209397,62,20,1051774,936,46,14,765751,IMG,할인쿠폰,겨울,B,v1,False,False,3.656933957984099,4552.1086955532155,0.020156595061232283,0.04581673306768345,208.56274900377633,4203.914876530733
2025-01-23,meta,외부,META_CMP_02_룩얼라이크,룩얼라이크,유사타겟,CRS_특가_겨울_v1,54358,1230,221573,101,19,752835,1110,77,15,578628,CRS,특가,겨울,N,v1,False,False,2.611455366854253,2877.5714285340573,0.02262776408256333,0.06260162601620926,180.14065040635762,4076.1801390778896
2025-01-23,meta,외부,META_CMP_03_재구매,재구매,VIP,IMG_배송혜택_겨울_A_v1,11361,262,47904,15,6,376840,232,11,4,296635,IMG,배송혜택,겨울,A,v1,False,False,6.192280394121448,4354.90909051319,0.023061350233252086,0.041984732824267235,182.8396946557907,4216.530235014152
2025-01-23,meta,외부,META_CMP_03_재구매,재구매,VIP,VID_적립혜택_겨울_B_v1,9179,155,31645,9,3,208863,150,6,2,191976,VID,적립혜택,겨울,B,v1,False,False,6.066550797914171,5274.1666657876385,0.01688637106438426,0.0387096774191051,204.1612903212635,3447.5433053705797
2025-01-23,meta,외부,META_CMP_03_재구매,재구매,VIP,CRS_신상품_겨울_v1,11568,238,40751,9,4,330889,212,7,3,292356,CRS,신상품,겨울,N,v1,False,False,7.174204314004389,5821.571427739776,0.02057399723374649,0.029411764705758774,171.22268907491085,3522.735131396653
2025-01-23,meta,외부,META_CMP_03_재구매,재구매,윈백,IMG_배송혜택_겨울_A_v1,21363,461,95117,21,9,752127,399,18,6,634176,IMG,배송혜택,겨울,A,v1,False,False,6.667325504378748,5284.277777484207,0.021579366193885615,0.03904555314525153,206.32754880649387,4452.417731591797
2025-01-23,meta,외부,META_CMP_03_재구매,재구매,윈백,VID_적립혜택_겨울_B_v1,26193,669,96388,42,26,1463174,616,32,21,1357569,VID,적립혜택,겨울,B,v1,False,False,14.084419222309684,3012.1249999058714,0.025541175123123525,0.04783258594910638,144.07772795195206,3679.914480968057
2025-01-23,meta,외부,META_CMP_03_재구매,재구매,윈백,CRS_신상품_겨울_v1,17245,456,59212,20,10,622448,439,17,8,575625,CRS,신상품,겨울,N,v1,False,False,9.721424711207025,3483.0588233245257,0.026442447086110384,0.03728070175430421,129.8508771926977,3433.574949260456
2025-01-23,naver,자체,NVR_CMP_01_브랜드KW,브랜드KW,논타겟,TXT_플러스멤버십_겨울_A_v1,11132,1456,96798,435,169,11635319,1413,352,115,9841411,TXT,플러스멤버십,겨울,A,v1,False,False,101.66956961920596,274.99431818103693,0.1307941070786803,0.24175824175807573,66.4821428570972,8695.472511677264
2025-01-23,naver,자체,NVR_CMP_02_일반KW,일반KW,논타겟,TXT_할인쿠폰_겨울_A_v1,14087,887,92205,143,64,4550905,839,112,53,4108346,TXT,할인쿠폰,겨울,A,v1,False,False,44.55665094083786,823.258928564078,0.0629658550436528,0.12626832018024095,103.95152198409927,6545.396464825261
2025-01-23,naver,자체,NVR_CMP_02_일반KW,일반KW,논타겟,TXT_플러스멤버십_겨울_B_v1,16164,1046,142281,151,67,4155763,926,111,47,3182232,TXT,플러스멤버십,겨울,B,v1,False,False,22.365825373732108,1281.810810799263,0.06471170502350503,0.10611854684502284,136.02390057348373,8802.33853006627
2025-01-23,naver,자체,NVR_CMP_03_재구매,재구매,VIP,IMG_배송혜택_겨울_A_v1,6037,433,53911,40,31,2859073,385,29,25,2390046,IMG,배송혜택,겨울,A,v1,False,False,44.33317875758112,1858.9999999358965,0.07172436640714398,0.06697459584280145,124.50577367176788,8930.097730659443
2025-01-23,naver,자체,NVR_CMP_03_재구매,재구매,VIP,VID_적립혜택_겨울_B_v1,4334,184,31041,12,6,646730,178,9,5,552893,VID,적립혜택,겨울,B,v1,False,False,17.8117006539732,3448.9999996167776,0.0424550069220022,0.04891304347799504,168.7010869556049,7162.205814488425
2025-01-23,naver,자체,NVR_CMP_03_재구매,재구매,VIP,CRS_신상품_겨울_v1,4586,320,37196,21,13,1244151,287,15,10,1039298,CRS,신상품,겨울,N,v1,False,False,27.94112270136499,2479.733333168018,0.06977758395114046,0.04687499999985352,116.23749999963677,8110.77191452069
2025-01-23,naver,자체,NVR_CMP_03_재구매,재구매,윈백,IMG_배송혜택_겨울_A_v1,10199,563,85230,48,24,2516424,538,35,21,1905220,IMG,배송혜택,겨울,A,v1,False,False,22.353866009620763,2435.142857073282,0.055201490342184995,0.06216696269971196,151.38543516847002,8356.701637414613
2025-01-23,naver,자체,NVR_CMP_03_재구매,재구매,윈백,VID_적립혜택_겨울_B_v1,11546,690,110057,77,62,4591696,653,60,51,4144948,VID,적립혜택,겨울,B,v1,False,False,37.661829779114115,1834.283333302762,0.059760956175293624,0.08695652173900441,159.50289855049348,9532.04573012216
2025-01-23,naver,자체,NVR_CMP_03_재구매,재구매,윈백,CRS_신상품_겨울_v1,9725,586,87660,46,27,2556473,559,39,19,1965063,CRS,신상품,겨울,N,v1,False,False,22.416872005475444,2247.6923076346748,0.06025706940873416,0.06655290102377721,149.59044368575155,9013.881748071051
2025-01-24,google,외부,GGL_CMP_01_플러스가입,플러스가입,논타겟,VID_플러스멤버십_겨울_A_v1,62467,1582,398837,139,30,1472648,1522,103,23,1285902,VID,플러스멤버십,겨울,A,v1,False,False,3.2241291555196656,3872.2038834575515,0.025325371796308047,0.0651074589127275,252.10935524636403,6384.763154945709
2025-01-24,google,외부,GGL_CMP_01_플러스가입,플러스가입,논타겟,IMG_플러스멤버십_겨울_B_v1,59869,1173,284882,110,27,1639307,1007,78,19,1493273,IMG,플러스멤버십,겨울,B,v1,False,False,5.241724643887626,3652.333333286508,0.0195927775643485,0.06649616368280777,242.86615515750822,4758.422555913666
2025-01-24,google,외부,GGL_CMP_01_플러스가입,플러스가입,논타겟,CRS_플러스멤버십_겨울_v1,70522,1474,392026,195,62,3756615,1325,137,53,3307036,CRS,플러스멤버십,겨울,N,v1,False,False,8.43575681204816,2861.5036496141497,0.020901279033492797,0.092944369063709,265.96065128882907,5558.917784521063
2025-01-24,google,외부,GGL_CMP_01_플러스가입,플러스가입,논타겟,IMG_적립혜택_겨울_v2,59767,1193,295629,104,22,1347567,1016,94,19,1000340,IMG,적립혜택,겨울,N,v2,False,False,3.383768168887344,3144.9893616686704,0.019960847959576023,0.07879295892700856,247.8030176024746,4946.3583582912825
2025-01-24,google,외부,GGL_CMP_01_플러스가입,플러스가입,유사타겟,VID_플러스멤버십_겨울_A_v1,62792,1559,374014,149,39,2319657,1415,109,29,1745420,VID,플러스멤버십,겨울,A,v1,False,False,4.666723705529727,3431.321100885951,0.024828003567333026,0.06991661321355361,239.906350224349,5956.395719199803
2025-01-24,google,외부,GGL_CMP_01_플러스가입,플러스가입,유사타겟,IMG_플러스멤버십_겨울_B_v1,40343,1237,233201,111,35,1638959,1099,90,30,1228867,IMG,플러스멤버십,겨울,B,v1,False,False,5.269561451280204,2591.1222221934318,0.030662072726370608,0.0727566693612993,188.52142279693734,5780.457576283227
2025-01-24,google,외부,GGL_CMP_01_플러스가입,플러스가입,유사타겟,CRS_플러스멤버십_겨울_v1,68601,1347,366309,124,36,1807625,1298,97,31,1613820,CRS,플러스멤버십,겨울,N,v1,False,False,4.405624759424408,3776.381443260037,0.019635282284514517,0.07201187824790496,271.944320712493,5339.703502864311
2025-01-24,google,외부,GGL_CMP_01_플러스가입,플러스가입,유사타겟,IMG_적립혜택_겨울_v2,42209,930,195947,82,28,1507127,864,59,24,1376268,IMG,적립혜택,겨울,N,v2,False,False,7.023674769197758,3321.1355931640487,0.022033215664905067,0.06344086021498554,210.69569892450463,4642.3037740765085
2025-01-24,google,외부,GGL_CMP_02_리타겟팅,리타겟팅,리마케팅,VID_할인쿠폰_겨울_A_v1,40832,1518,195657,166,79,4952068,1319,140,58,4415700,VID,할인쿠폰,겨울,A,v1,False,False,22.568576641776055,1397.5499999900176,0.03717672413793013,0.09222661396568364,128.89130434774117,4791.7564655171245
2025-01-24,google,외부,GGL_CMP_02_리타겟팅,리타겟팅,리마케팅,IMG_할인쿠폰_겨울_B_v1,29998,800,192459,94,53,3513623,753,67,36,3218302,IMG,할인쿠폰,겨울,B,v1,False,False,16.722013519762566,2872.522388016828,0.026668444562969976,0.08374999999989531,240.5737499996993,6415.727715180798
2025-01-24,google,외부,GGL_CMP_02_리타겟팅,리타겟팅,리마케팅,CRS_특가_겨울_v1,26043,996,132938,100,50,3280125,908,71,40,3022677,CRS,특가,겨울,N,v1,False,False,22.737494170214518,1872.3661971567271,0.03824444188457404,0.07128514056217743,133.4718875500668,5104.557846638057
2025-01-24,google,외부,GGL_CMP_03_첫구매,첫구매,논타겟,VID_적립혜택_겨울_A_v1,47689,899,314199,65,23,1335363,813,55,17,1183980,VID,적립혜택,겨울,A,v1,False,False,3.768248785005669,5712.709090805224,0.018851307429385837,0.06117908787534908,349.4983314790328,6588.500492775975
2025-01-24,google,외부,GGL_CMP_03_첫구매,첫구매,논타겟,IMG_적립혜택_겨울_B_v1,49504,1461,289039,111,41,2600931,1343,90,35,2082751,IMG,적립혜택,겨울,B,v1,False,False,7.205778458962261,3211.5444444087607,0.029512766645118992,0.061601642710430116,197.83641341533345,5838.69990303802
2025-01-24,google,외부,GGL_CMP_03_첫구매,첫구매,논타겟,CRS_할인쿠폰_겨울_v1,57671,1374,327071,138,61,4249782,1209,96,54,3075152,CRS,할인쿠폰,겨울,N,v1,False,False,9.40209312351138,3406.9895832978436,0.0238247992925383,0.06986899563313692,238.04294032005964,5671.3252761352205
2025-01-24,google,외부,GGL_CMP_03_첫구매,첫구매,유사타겟,VID_적립혜택_겨울_A_v1,56926,1813,365806,120,42,3111138,1745,105,31,2334191,VID,적립혜택,겨울,A,v1,False,False,6.380953292182178,3483.866666633487,0.03184836454344181,0.05791505791502597,201.7683397682285,6425.991638267112
2025-01-24,google,외부,GGL_CMP_03_첫구매,첫구매,유사타겟,IMG_적립혜택_겨울_B_v1,66659,2138,427184,162,75,3756745,1855,147,62,3002641,IMG,적립혜택,겨울,B,v1,False,False,7.028917281546109,2906.013605422408,0.03207368847417405,0.06875584658556186,199.80542563133778,6408.496977152276
2025-01-24,google,외부,GGL_CMP_03_첫구매,첫구매,유사타겟,CRS_할인쿠폰_겨울_v1,39369,1258,205416,126,53,2683472,1206,112,36,2137925,CRS,할인쿠폰,겨울,N,v1,False,False,10.40778225649409,1834.0714285550528,0.031954075541669034,0.08903020667719473,163.28775834645208,5217.709365236475
2025-01-24,meta,외부,META_CMP_01_신규유저,신규유저,논타겟,VID_플러스멤버십_겨울_A_v1,31390,379,135486,31,5,203196,358,26,4,159081,VID,플러스멤버십,겨울,A,v1,False,False,1.1741508347725877,5210.9999997995765,0.012073908888180565,0.06860158311327547,357.4828496032784,4316.215355208528
2025-01-24,meta,외부,META_CMP_01_신규유저,신규유저,논타겟,IMG_적립혜택_겨울_B_v1,39770,581,185835,45,8,320273,560,31,6,264446,IMG,적립혜택,겨울,B,v1,False,False,1.4230150402238468,5994.677419161462,0.014609001760120328,0.05335628227185309,319.8537005158006,4672.743273824373
2025-01-24,meta,외부,META_CMP_01_신규유저,신규유저,논타겟,CRS_플러스멤버십_겨울_v1,29673,576,133595,49,11,609323,558,39,9,492924,CRS,플러스멤버십,겨울,N,v1,False,False,3.6896889853661916,3425.5128204249872,0.019411586290566527,0.06770833333321578,231.93576388848624,4502.241094597631
2025-01-24,meta,외부,META_CMP_02_룩얼라이크,룩얼라이크,유사타겟,VID_플러스멤버십_겨울_A_v1,33351,770,141279,76,14,608786,716,56,10,533697,VID,플러스멤버십,겨울,A,v1,False,False,3.77761026054825,2522.8392856692353,0.023087763485352072,0.07272727272717827,183.4792207789825,4236.124853827345
2025-01-24,meta,외부,META_CMP_02_룩얼라이크,룩얼라이크,유사타겟,IMG_할인쿠폰_겨울_B_v1,43494,943,205806,71,15,807080,902,52,12,690695,IMG,할인쿠폰,겨울,B,v1,False,False,3.3560489004207685,3957.807692231581,0.02168115142318431,0.05514316012719497,218.24602332956707,4731.825079321177
2025-01-24,meta,외부,META_CMP_02_룩얼라이크,룩얼라이크,유사타겟,CRS_특가_겨울_v1,34307,472,119756,38,11,429804,418,31,7,363353,CRS,특가,겨울,N,v1,False,False,3.034111025752338,3863.0967740689325,0.013758125163960308,0.06567796610155577,253.7203389825133,3490.716180371251
2025-01-24,meta,외부,META_CMP_03_재구매,재구매,VIP,IMG_배송혜택_겨울_A_v1,14539,301,62326,18,6,376824,294,14,4,333846,IMG,배송혜택,겨울,A,v1,False,False,5.356448352212474,4451.857142539153,0.02070293692826049,0.04651162790682222,207.06312292290013,4286.814774055692
2025-01-24,meta,외부,META_CMP_03_재구매,재구매,VIP,VID_적립혜택_겨울_B_v1,9165,190,45322,7,3,189746,171,5,2,165533,VID,적립혜택,겨울,B,v1,False,False,3.6523763293763816,9064.39999818712,0.020731042007635488,0.02631578947354571,238.53684210400772,4945.117294052925
2025-01-24,meta,외부,META_CMP_03_재구매,재구매,VIP,CRS_신상품_겨울_v1,16182,424,57019,22,12,685844,404,16,9,548842,CRS,신상품,겨울,N,v1,False,False,9.625598484715454,3563.6874997772693,0.026201952787045717,0.037735849056514774,134.4787735845885,3523.606476331509
2025-01-24,meta,외부,META_CMP_03_재구매,재구매,윈백,IMG_배송혜택_겨울_A_v1,22088,626,84981,27,13,1085537,539,23,11,965661,IMG,배송혜택,겨울,A,v1,False,False,11.363257669361252,3694.826086795877,0.028341180731617694,0.036741214057449297,135.75239616591733,3847.383194494574
2025-01-24,meta,외부,META_CMP_03_재구매,재구매,윈백,VID_적립혜택_겨울_B_v1,22943,623,83296,44,22,1721390,582,39,16,1523299,VID,적립혜택,겨울,B,v1,False,False,18.287780925854562,2135.794871740108,0.027154251841519105,0.06260032102718684,133.70144462257832,3630.56269886224
2025-01-24,meta,외부,META_CMP_03_재구매,재구매,윈백,CRS_신상품_겨울_v1,18971,406,91023,21,12,957267,365,15,9,704308,CRS,신상품,겨울,N,v1,False,False,7.737692671083048,6068.199999595453,0.021401085867902514,0.03694581280779077,224.19458128023598,4798.007485108597
2025-01-24,naver,자체,NVR_CMP_01_브랜드KW,브랜드KW,논타겟,TXT_플러스멤버십_겨울_A_v1,7122,1035,56920,293,120,10109112,953,267,102,7463610,TXT,플러스멤버십,겨울,A,v1,False,False,131.12456078706728,213.1835205984525,0.14532434709349265,0.25797101449250437,54.99516908207247,7992.137040156137
2025-01-24,naver,자체,NVR_CMP_02_일반KW,일반KW,논타겟,TXT_할인쿠폰_겨울_A_v1,9531,685,89486,85,28,1704168,590,62,23,1319312,TXT,할인쿠폰,겨울,A,v1,False,False,14.743222403504294,1443.322580621882,0.07187073759310965,0.09051094890497735,130.63649635017427,9388.941349280307
2025-01-24,naver,자체,NVR_CMP_02_일반KW,일반KW,논타겟,TXT_플러스멤버십_겨울_B_v1,12397,857,114118,145,43,2298046,791,102,37,1848082,TXT,플러스멤버십,겨울,B,v1,False,False,16.19448290366098,1118.8039215576587,0.06912962813583373,0.11901983663930103,133.1598599765074,9205.291602806388
2025-01-24,naver,자체,NVR_CMP_03_재구매,재구매,VIP,IMG_배송혜택_겨울_A_v1,6556,479,44664,42,35,3876556,430,35,27,3005082,IMG,배송혜택,겨울,A,v1,False,False,67.28197205803181,1276.1142856778254,0.07306284319706023,0.07306889352803117,93.2442588724567,6812.690665038619
2025-01-24,naver,자체,NVR_CMP_03_재구매,재구매,VIP,VID_적립혜택_겨울_B_v1,6616,429,55482,44,35,2802276,410,30,30,2188686,VID,적립혜택,겨울,B,v1,False,False,39.448577917161614,1849.3999999383534,0.06484280532042551,0.06993006992990693,129.32867132836986,8386.03385731433
2025-01-24,naver,자체,NVR_CMP_03_재구매,재구매,VIP,CRS_신상품_겨울_v1,4292,235,28471,21,14,1028972,213,17,12,841307,CRS,신상품,겨울,N,v1,False,False,29.549611885777473,1674.7647057838374,0.054753028890947165,0.07234042553160706,121.15319148884616,6633.504193847475
2025-01-24,naver,자체,NVR_CMP_03_재구매,재구매,윈백,IMG_배송혜택_겨울_A_v1,6763,450,63139,54,43,3358172,401,41,38,2760826,IMG,배송혜택,겨울,A,v1,False,False,43.72615974278903,1539.9756097185373,0.06653851840898024,0.09111111111090864,140.3088888885771,9335.945586276897
2025-01-24,naver,자체,NVR_CMP_03_재구매,재구매,윈백,VID_적립혜택_겨울_B_v1,10092,581,73579,40,22,1976405,542,30,15,1672485,VID,적립혜택,겨울,B,v1,False,False,22.73046657334263,2452.6333332515787,0.057570352754651444,0.05163511187598686,126.64199655744123,7290.824415377795
2025-01-24,naver,자체,NVR_CMP_03_재구매,재구매,윈백,CRS_신상품_겨울_v1,8353,616,63122,56,38,2727904,593,50,31,2118676,CRS,신상품,겨울,N,v1,False,False,33.564779316244206,1262.4399999747513,0.07374595953548739,0.0811688311686994,102.47077922061287,7556.805937985448
2025-01-25,google,외부,GGL_CMP_01_플러스가입,플러스가입,논타겟,VID_플러스멤버십_겨울_A_v1,44608,920,203072,101,33,2098327,886,82,27,1625120,VID,플러스멤버십,겨울,A,v1,False,False,8.002678852820635,2476.4878048478477,0.02062410329985607,0.08913043478251181,220.73043478236877,4552.367288378664
2025-01-25,google,외부,GGL_CMP_01_플러스가입,플러스가입,논타겟,IMG_플러스멤버십_겨울_B_v1,49431,1026,315548,108,47,2280659,918,85,36,1971981,IMG,플러스멤버십,겨울,B,v1,False,False,6.24938519654694,3712.329411721031,0.02075620561995467,0.08284600389855473,307.5516569197782,6383.605429790893
2025-01-25,google,외부,GGL_CMP_01_플러스가입,플러스가입,논타겟,CRS_플러스멤버십_겨울_v1,32852,1010,170184,131,46,2036563,961,108,32,1751998,CRS,플러스멤버십,겨울,N,v1,False,False,10.294728059041919,1575.7777777631873,0.030743942530134218,0.10693069306920105,168.49900990082327,5180.323876780556
2025-01-25,google,외부,GGL_CMP_01_플러스가입,플러스가입,논타겟,IMG_적립혜택_겨울_v2,44133,1085,289954,160,69,4433924,966,117,53,3329753,IMG,적립혜택,겨울,N,v2,False,False,11.483728453478788,2478.2393162181347,0.024584777830647712,0.1078341013823891,267.23870967717306,6570.00430516832
2025-01-25,google,외부,GGL_CMP_01_플러스가입,플러스가입,유사타겟,VID_플러스멤버십_겨울_A_v1,50266,1061,328435,117,44,1940449,963,103,31,1580222,VID,플러스멤버십,겨울,A,v1,False,False,4.81136906846102,3188.6893203573914,0.021107706998766143,0.09707822808661916,309.55230914202684,6533.939442167538
2025-01-25,google,외부,GGL_CMP_01_플러스가입,플러스가입,유사타겟,IMG_플러스멤버십_겨울_B_v1,52869,1102,258052,165,59,3482024,960,129,44,3203459,IMG,플러스멤버십,겨울,B,v1,False,False,12.41400570427661,2000.403100759687,0.02084397283852502,0.11705989110697182,234.16696914679295,4880.969944579908
2025-01-25,google,외부,GGL_CMP_01_플러스가입,플러스가입,유사타겟,CRS_플러스멤버십_겨울_v1,52925,1522,234543,211,56,3844848,1393,187,46,3292233,CRS,플러스멤버십,겨울,N,v1,False,False,14.036799222317384,1254.240641704523,0.028757675956541735,0.12286465177390088,154.10183968452424,4431.610769957404
2025-01-25,google,외부,GGL_CMP_01_플러스가입,플러스가입,유사타겟,IMG_적립혜택_겨울_v2,40160,1045,207823,125,47,3056867,903,92,36,2314500,IMG,적립혜택,겨울,N,v2,False,False,11.136880903461066,2258.9456521493594,0.02602091633466071,0.08803827751187748,198.873684210336,5174.875498007839
2025-01-25,google,외부,GGL_CMP_02_리타겟팅,리타겟팅,리마케팅,VID_할인쿠폰_겨울_A_v1,26159,939,137058,122,85,4762641,832,102,75,4286231,VID,할인쿠폰,겨울,A,v1,False,False,31.27311795006471,1343.7058823397676,0.03589586757903452,0.10862619808295142,145.9616613416976,5239.420467143039
2025-01-25,google,외부,GGL_CMP_02_리타겟팅,리타겟팅,리마케팅,IMG_할인쿠폰_겨울_B_v1,32106,1329,148599,156,105,5807570,1215,134,92,4303046,IMG,할인쿠폰,겨울,B,v1,False,False,28.957435783551514,1108.9477611857542,0.041394131937954236,0.10082768999239967,111.81264108343731,4628.387217342409
2025-01-25,google,외부,GGL_CMP_02_리타겟팅,리타겟팅,리마케팅,CRS_특가_겨울_v1,23919,877,106961,82,49,2456329,797,64,35,2010776,CRS,특가,겨울,N,v1,False,False,18.799151092454082,1671.2656249738864,0.036665412433628634,0.07297605473195784,121.96237172163973,4471.800660562545
2025-01-25,google,외부,GGL_CMP_03_첫구매,첫구매,논타겟,VID_적립혜택_겨울_A_v1,31954,1022,204853,87,56,3902696,967,61,42,2993471,VID,적립혜택,겨울,A,v1,False,False,14.612775990588302,3358.2459015842915,0.031983476247104216,0.05968688845395334,200.4432485320935,6410.871878324891
2025-01-25,google,외부,GGL_CMP_03_첫구매,첫구매,논타겟,IMG_적립혜택_겨울_B_v1,35894,1101,178820,119,76,4631833,970,106,58,3350025,IMG,적립혜택,겨울,B,v1,False,False,18.734062185437768,1686.9811320595568,0.030673650192231835,0.09627611262479903,162.41598546760906,4981.891123864575
2025-01-25,google,외부,GGL_CMP_03_첫구매,첫구매,논타겟,CRS_할인쿠폰_겨울_v1,32671,755,202454,80,46,2692677,735,73,33,2489199,CRS,할인쿠폰,겨울,N,v1,False,False,12.295133709385775,2773.3424657154337,0.023109179394569402,0.09668874172172624,268.15099337712826,6196.749410792256
2025-01-25,google,외부,GGL_CMP_03_첫구매,첫구매,유사타겟,VID_적립혜택_겨울_A_v1,33643,913,209354,97,55,2876408,851,88,39,2617174,VID,적립혜택,겨울,A,v1,False,False,12.501189373023623,2379.0227272456927,0.027137889011086196,0.09638554216856914,229.3033953995298,6222.810094224468
2025-01-25,google,외부,GGL_CMP_03_첫구매,첫구매,유사타겟,IMG_적립혜택_겨울_B_v1,41677,1002,192509,106,58,3915063,953,93,47,3032796,IMG,적립혜택,겨울,B,v1,False,False,15.754047862697247,2069.98924728957,0.024042037574680902,0.0928143712573924,192.12475049881024,4619.0704705232
2025-01-25,google,외부,GGL_CMP_03_첫구매,첫구매,유사타겟,CRS_할인쿠폰_겨울_v1,42559,1350,206338,91,47,3168930,1251,64,39,2894262,CRS,할인쿠폰,겨울,N,v1,False,False,14.026800686252587,3224.0312499496245,0.031720670128526716,0.047407407407372294,152.84296296284975,4848.281209614774
2025-01-25,meta,외부,META_CMP_01_신규유저,신규유저,논타겟,VID_플러스멤버십_겨울_A_v1,23538,354,108443,19,5,254391,317,14,4,199023,VID,플러스멤버십,겨울,A,v1,False,False,1.8352775190652983,7745.9285708752905,0.015039510578638157,0.03954802259875834,306.336158191225,4607.1458917493155
2025-01-25,meta,외부,META_CMP_01_신규유저,신규유저,논타겟,IMG_적립혜택_겨울_B_v1,32169,441,150244,36,13,669643,390,32,10,571916,IMG,적립혜택,겨울,B,v1,False,False,3.8065812944277058,4695.124999853278,0.013708850135222925,0.07256235827647946,340.6893424028556,4670.459137678987
2025-01-25,meta,외부,META_CMP_01_신규유저,신규유저,논타겟,CRS_플러스멤버십_겨울_v1,32999,407,136330,30,7,300441,393,21,5,239119,CRS,플러스멤버십,겨울,N,v1,False,False,1.7539719797549935,6491.904761595623,0.012333707082032417,0.05159705159692483,334.96314496232196,4131.337313251792
2025-01-25,meta,외부,META_CMP_02_룩얼라이크,룩얼라이크,유사타겟,VID_플러스멤버십_겨울_A_v1,37894,637,158584,34,8,491369,547,28,6,386143,VID,플러스멤버십,겨울,A,v1,False,False,2.4349429955102506,5663.71428551201,0.016810049084287307,0.04395604395597495,248.95447409694043,4184.936929329071
2025-01-25,meta,외부,META_CMP_02_룩얼라이크,룩얼라이크,유사타겟,IMG_할인쿠폰_겨울_B_v1,39216,836,143612,45,12,624180,776,31,10,579666,IMG,할인쿠폰,겨울,B,v1,False,False,4.036334011085397,4632.645161140882,0.0213178294573638,0.037081339712874306,171.78468899500982,3662.07670338628
2025-01-25,meta,외부,META_CMP_02_룩얼라이크,룩얼라이크,유사타겟,CRS_특가_겨울_v1,31195,599,133455,36,14,848931,524,25,9,702461,CRS,특가,겨울,N,v1,False,False,5.2636544153459575,5338.199999786472,0.01920179515948007,0.04173622704500545,222.79632721164808,4278.089437409704
2025-01-25,meta,외부,META_CMP_03_재구매,재구매,VIP,IMG_배송혜택_겨울_A_v1,7478,213,26568,9,5,305719,201,8,3,251035,IMG,배송혜택,겨울,A,v1,False,False,9.448772959951466,3320.999999584875,0.028483551751801485,0.03755868544583306,124.7323943656116,3552.8216100556892
2025-01-25,meta,외부,META_CMP_03_재구매,재구매,VIP,VID_적립혜택_겨울_B_v1,12019,255,51520,12,9,633770,233,9,6,479333,VID,적립혜택,겨울,B,v1,False,False,9.303823757763794,5724.444443808395,0.02121640735501945,0.03529411764692042,202.03921568548222,4286.546301688635
2025-01-25,meta,외부,META_CMP_03_재구매,재구매,VIP,CRS_신상품_겨울_v1,10510,303,40277,15,11,874639,269,13,9,719342,CRS,신상품,겨울,N,v1,False,False,17.859870397496888,3098.2307689924437,0.028829686013317903,0.04290429042890131,132.92739273883524,3832.2549952422614
2025-01-25,meta,외부,META_CMP_03_재구매,재구매,윈백,IMG_배송혜택_겨울_A_v1,19368,432,89385,28,21,1557467,391,23,16,1328311,IMG,배송혜택,겨울,A,v1,False,False,14.860558259215585,3886.304347657117,0.022304832713753494,0.0532407407406175,206.90972222174327,4615.086741015871
2025-01-25,meta,외부,META_CMP_03_재구매,재구매,윈백,VID_적립혜택_겨울_B_v1,11632,217,39743,12,8,508965,207,10,7,404104,VID,적립혜택,겨울,B,v1,False,False,10.167928943461487,3974.29999960257,0.0186554332874812,0.0460829493085434,183.14746543694403,3416.6953232459236
2025-01-25,meta,외부,META_CMP_03_재구매,재구매,윈백,CRS_신상품_겨울_v1,11307,213,44121,14,8,449605,199,10,6,335263,CRS,신상품,겨울,N,v1,False,False,7.598717164162019,4412.09999955879,0.018837888033959596,0.04694835680729133,207.14084506945005,3902.0960466963916
2025-01-25,naver,자체,NVR_CMP_01_브랜드KW,브랜드KW,논타겟,TXT_플러스멤버십_겨울_A_v1,6015,573,44826,134,115,9798824,528,105,93,8140129,TXT,플러스멤버십,겨울,A,v1,False,False,181.5939187078887,426.9142857102199,0.09526184538651782,0.18324607329810952,78.23036649201008,7452.369077305493
2025-01-25,naver,자체,NVR_CMP_02_일반KW,일반KW,논타겟,TXT_할인쿠폰_겨울_A_v1,7198,505,60069,96,62,3219012,487,76,52,2532507,TXT,할인쿠폰,겨울,A,v1,False,False,42.15996603905439,790.3815789369686,0.07015837732702554,0.15049504950465248,118.94851485124961,8345.234787439796
2025-01-25,naver,자체,NVR_CMP_02_일반KW,일반KW,논타겟,TXT_플러스멤버십_겨울_B_v1,8430,558,75606,86,59,3696842,483,63,44,2958952,TXT,플러스멤버십,겨울,B,v1,False,False,39.13647065047696,1200.095238076189,0.06619217081849749,0.11290322580624929,135.49462365567115,8968.683274020288
2025-01-25,naver,자체,NVR_CMP_03_재구매,재구매,VIP,IMG_배송혜택_겨울_A_v1,4235,215,35827,25,31,3379164,190,22,23,3068700,IMG,배송혜택,겨울,A,v1,False,False,85.65327825382853,1628.4999999259774,0.050767414403766045,0.10232558139487291,166.63720930155054,8459.74025973826
2025-01-25,naver,자체,NVR_CMP_03_재구매,재구매,VIP,VID_적립혜택_겨울_B_v1,5065,214,42867,15,11,1146959,202,11,9,922237,VID,적립혜택,겨울,B,v1,False,False,21.513915132852276,3896.9999996457273,0.04225074037511505,0.051401869158638314,200.3130841112135,8463.376110561014
2025-01-25,naver,자체,NVR_CMP_03_재구매,재구매,VIP,CRS_신상품_겨울_v1,4187,217,35001,19,20,1783376,208,17,14,1424061,CRS,신상품,겨울,N,v1,False,False,40.68629467729377,2058.8823528200655,0.0518270838308928,0.07834101382452378,161.29493087483274,8359.445903986538
2025-01-25,naver,자체,NVR_CMP_03_재구매,재구매,윈백,IMG_배송혜택_겨울_A_v1,7227,303,47359,20,14,1168329,284,15,10,888097,IMG,배송혜택,겨울,A,v1,False,False,18.752444097214497,3157.266666456182,0.0419261104192553,0.049504950494886124,156.30033003248747,6553.064895529742
2025-01-25,naver,자체,NVR_CMP_03_재구매,재구매,윈백,VID_적립혜택_겨울_B_v1,8379,451,77834,56,69,7390717,398,48,48,6791332,VID,적립혜택,겨울,B,v1,False,False,87.25405349846999,1621.5416666328847,0.05382503878743838,0.10643015521040704,172.58093126347543,9289.175319249398
2025-01-25,naver,자체,NVR_CMP_03_재구매,재구매,윈백,CRS_신상품_겨울_v1,5028,264,42038,30,25,1920817,229,24,17,1730652,CRS,신상품,겨울,N,v1,False,False,41.16875208144914,1751.5833332603506,0.05250596658710172,0.09090909090874656,159.23484848424533,8360.77963404766
2025-01-26,google,외부,GGL_CMP_01_플러스가입,플러스가입,논타겟,VID_플러스멤버십_겨울_A_v1,47512,1610,310008,178,46,2178802,1478,147,37,2015464,VID,플러스멤버십,겨울,A,v1,False,False,6.5013289979613225,2108.8979591693274,0.033886176123925874,0.09130434782603025,192.55155279491146,6524.835830947834
2025-01-26,google,외부,GGL_CMP_01_플러스가입,플러스가입,논타겟,IMG_플러스멤버십_겨울_B_v1,36842,1153,180409,115,27,1249474,1063,102,22,1092547,IMG,플러스멤버십,겨울,B,v1,False,False,6.0559451025170254,1768.7156862571694,0.03129580370229545,0.08846487424103343,156.46921075441765,4896.829705227597
2025-01-26,google,외부,GGL_CMP_01_플러스가입,플러스가입,논타겟,CRS_플러스멤버십_겨울_v1,33970,697,222092,60,11,549380,666,44,7,419626,CRS,플러스멤버십,겨울,N,v1,False,False,1.889424202582705,5047.545454430738,0.0205181042095961,0.06312769010033985,318.6398852219245,6537.886370326567
2025-01-26,google,외부,GGL_CMP_01_플러스가입,플러스가입,논타겟,IMG_적립혜택_겨울_v2,43490,1215,273492,164,39,2202938,1057,133,34,1687328,IMG,적립혜택,겨울,N,v2,False,False,6.16956985944742,2056.3308270522084,0.027937456886639966,0.1094650205760416,225.09629629611103,6288.618073120113
2025-01-26,google,외부,GGL_CMP_01_플러스가입,플러스가입,유사타겟,VID_플러스멤버십_겨울_A_v1,37875,1338,238964,157,49,2409267,1185,115,36,2174760,VID,플러스멤버십,겨울,A,v1,False,False,9.100785055489492,2077.9478260688875,0.035326732673266394,0.08594917787736477,178.59790732423124,6309.280528052639
2025-01-26,google,외부,GGL_CMP_01_플러스가입,플러스가입,유사타겟,IMG_플러스멤버십_겨울_B_v1,44922,973,284250,130,29,1989043,850,91,23,1621178,IMG,플러스멤버십,겨울,B,v1,False,False,5.703352682497782,3123.626373592048,0.021659765816303335,0.09352517985601899,292.13771839641095,6327.634566581935
2025-01-26,google,외부,GGL_CMP_01_플러스가입,플러스가입,유사타겟,CRS_플러스멤버십_겨울_v1,35448,1224,162527,137,29,1676496,1121,97,21,1241513,CRS,플러스멤버십,겨울,N,v1,False,False,7.638810782208448,1675.5360824569532,0.034529451591061994,0.07924836601300715,132.78349673191767,4584.941322500435
2025-01-26,google,외부,GGL_CMP_01_플러스가입,플러스가입,유사타겟,IMG_적립혜택_겨울_v2,44928,1407,239453,144,36,2172108,1292,116,27,1874624,IMG,적립혜택,겨울,N,v2,False,False,7.828776419589616,2064.249999982205,0.03131677350427281,0.08244491826575519,170.18692253008516,5329.705306267689
2025-01-26,google,외부,GGL_CMP_02_리타겟팅,리타겟팅,리마케팅,VID_할인쿠폰_겨울_A_v1,26923,1201,131467,94,30,1539597,1031,67,21,1309036,VID,할인쿠폰,겨울,A,v1,False,False,9.957145139084258,1962.1940298214597,0.044608698881995146,0.0557868442963732,109.46461282255665,4883.073951639681
2025-01-26,google,외부,GGL_CMP_02_리타겟팅,리타겟팅,리마케팅,IMG_할인쿠폰_겨울_B_v1,27954,914,129228,112,61,3134017,801,97,46,2446032,IMG,할인쿠폰,겨울,B,v1,False,False,18.928034172160686,1332.2474226666777,0.03269657294125947,0.1061269146607154,141.38730853376217,4622.88044644757
2025-01-26,google,외부,GGL_CMP_02_리타겟팅,리타겟팅,리마케팅,CRS_특가_겨울_v1,26180,1044,120620,112,56,3198207,928,100,41,2514345,CRS,특가,겨울,N,v1,False,False,20.845174929530586,1206.1999999879379,0.039877769289532475,0.09578544061293508,115.53639846732229,4607.333842627784
2025-01-26,google,외부,GGL_CMP_03_첫구매,첫구매,논타겟,VID_적립혜택_겨울_A_v1,30594,621,195181,43,11,690323,554,31,8,508191,VID,적립혜택,겨울,A,v1,False,False,2.603690933031378,6296.1612901194785,0.0202980976662084,0.04991948470201301,314.3011272136646,6379.714976792627
2025-01-26,google,외부,GGL_CMP_03_첫구매,첫구매,논타겟,IMG_적립혜택_겨울_B_v1,45685,1384,260716,159,65,4106134,1220,115,55,3445563,IMG,적립혜택,겨울,B,v1,False,False,13.215771183970247,2267.095652154199,0.03029440735471095,0.0830924855490729,188.3786127166269,5706.818430556951
2025-01-26,google,외부,GGL_CMP_03_첫구매,첫구매,논타겟,CRS_할인쿠폰_겨울_v1,53387,1603,296596,115,35,1793427,1426,99,27,1568013,CRS,할인쿠폰,겨울,N,v1,False,False,5.286696381609984,2995.91919188893,0.030026036300971587,0.061759201497154234,185.02557704292886,5555.584692902663
2025-01-26,google,외부,GGL_CMP_03_첫구매,첫구매,유사타겟,VID_적립혜택_겨울_A_v1,53372,1140,291960,94,25,1476673,1074,84,21,1328947,VID,적립혜택,겨울,A,v1,False,False,4.55181189203999,3475.714285672908,0.021359514352094332,0.07368421052625115,256.1052631576701,5470.284044067948
2025-01-26,google,외부,GGL_CMP_03_첫구매,첫구매,유사타겟,IMG_적립혜택_겨울_B_v1,51203,1353,237995,135,59,2892593,1322,119,48,2168701,IMG,적립혜택,겨울,B,v1,False,False,9.112380512195596,1999.9579831764709,0.026424232955099772,0.08795269770873027,175.90169992596017,4648.067496045063
2025-01-26,google,외부,GGL_CMP_03_첫구매,첫구매,유사타겟,CRS_할인쿠폰_겨울_v1,41196,871,248421,100,35,2482096,762,91,28,2290342,CRS,할인쿠폰,겨울,N,v1,False,False,9.219598987203138,2729.9010988710997,0.021142829400912198,0.10447761194017856,285.21354764605604,6030.221380716428
2025-01-26,meta,외부,META_CMP_01_신규유저,신규유저,논타겟,VID_플러스멤버십_겨울_A_v1,38628,692,188145,46,13,630415,612,39,11,505665,VID,플러스멤버십,겨울,A,v1,False,False,2.687634537192045,4824.230769107072,0.017914466190327796,0.05635838150280873,271.88583814989613,4870.689655172288
2025-01-26,meta,외부,META_CMP_01_신규유저,신규유저,논타겟,IMG_적립혜택_겨울_B_v1,29936,628,116142,31,7,310146,583,24,5,286361,IMG,적립혜택,겨울,B,v1,False,False,2.465611062320242,4839.249999798364,0.020978086584713354,0.038216560509493284,184.93949044556538,3879.6766435060167
2025-01-26,meta,외부,META_CMP_01_신규유저,신규유저,논타겟,CRS_플러스멤버십_겨울_v1,37025,523,184707,36,9,424008,454,32,7,364437,CRS,플러스멤버십,겨울,N,v1,False,False,1.9730546216439986,5772.093749819623,0.01412559081701515,0.061185468451125845,353.16826003756563,4988.710330857394
2025-01-26,meta,외부,META_CMP_02_룩얼라이크,룩얼라이크,유사타겟,VID_플러스멤버십_겨울_A_v1,27788,436,130705,23,4,180769,404,16,2,146489,VID,플러스멤버십,겨울,A,v1,False,False,1.1207604911824252,8169.062499489433,0.0156902259968326,0.03669724770633785,299.78211009105553,4703.6490571468
2025-01-26,meta,외부,META_CMP_02_룩얼라이크,룩얼라이크,유사타겟,IMG_할인쿠폰_겨울_B_v1,34528,435,130599,30,6,354097,407,26,4,261345,IMG,할인쿠폰,겨울,B,v1,False,False,2.0011255828911247,5023.038461345268,0.012598470806301767,0.05977011494239134,300.22758620620635,3782.408480074034
2025-01-26,meta,외부,META_CMP_02_룩얼라이크,룩얼라이크,유사타겟,CRS_특가_겨울_v1,27165,634,100252,51,9,392873,577,39,7,335426,CRS,특가,겨울,N,v1,False,False,3.34582851214935,2570.564102498191,0.023338855144486532,0.06151419558349919,158.12618296505028,3690.484078777703
2025-01-26,meta,외부,META_CMP_03_재구매,재구매,VIP,IMG_배송혜택_겨울_A_v1,9010,269,31759,12,5,321003,248,10,3,270096,IMG,배송혜택,겨울,A,v1,False,False,8.504549891369107,3175.89999968241,0.029855715871250847,0.037174721189452885,118.0631970255834,3524.86126526043
2025-01-26,meta,외부,META_CMP_03_재구매,재구매,VIP,VID_적립혜택_겨울_B_v1,10489,201,37634,11,4,226544,185,9,3,180997,VID,적립혜택,겨울,B,v1,False,False,4.809401073497242,4181.5555550909385,0.01916293259605118,0.04477611940276231,187.23383084483964,3587.949280197961
2025-01-26,meta,외부,META_CMP_03_재구매,재구매,VIP,CRS_신상품_겨울_v1,11581,260,41609,14,6,511031,245,11,4,413069,CRS,신상품,겨울,N,v1,False,False,9.927395515393066,3782.6363632924877,0.022450565581554057,0.042307692307529586,160.03461538399986,3592.8676280110876
2025-01-26,meta,외부,META_CMP_03_재구매,재구매,윈백,IMG_배송혜택_겨울_A_v1,14901,249,64059,17,8,633254,231,13,5,524057,IMG,배송혜택,겨울,A,v1,False,False,8.180848904915653,4927.615384236337,0.016710287900139807,0.05220883534115579,257.2650602399307,4298.973223273318
2025-01-26,meta,외부,META_CMP_03_재구매,재구매,윈백,VID_적립혜택_겨울_B_v1,12227,293,52700,14,8,535626,264,9,6,484061,VID,적립혜택,겨울,B,v1,False,False,9.185218216318612,5855.555554904939,0.023963359777539547,0.03071672354938322,179.8634812280551,4310.133311523324
2025-01-26,meta,외부,META_CMP_03_재구매,재구매,윈백,CRS_신상품_겨울_v1,15374,263,53069,17,9,584685,226,12,7,461652,CRS,신상품,겨울,N,v1,False,False,8.699089864138976,4422.4166662981315,0.017106803694548124,0.04562737642568203,201.78326996120995,3451.866788083553
2025-01-26,naver,자체,NVR_CMP_01_브랜드KW,브랜드KW,논타겟,TXT_플러스멤버십_겨울_A_v1,4971,767,42542,210,80,4924215,666,181,63,3776597,TXT,플러스멤버십,겨울,A,v1,False,False,88.77337689812212,235.03867403185063,0.15429491048075752,0.23598435462811476,55.46544980436054,8558.036612349917
2025-01-26,naver,자체,NVR_CMP_02_일반KW,일반KW,논타겟,TXT_할인쿠폰_겨울_A_v1,10446,1024,76912,141,70,3485998,934,120,49,2509944,TXT,할인쿠폰,겨울,A,v1,False,False,32.633971291865606,640.9333333279922,0.09802795328354412,0.11718749999988556,75.10937499992666,7362.818303656197
2025-01-26,naver,자체,NVR_CMP_02_일반KW,일반KW,논타겟,TXT_플러스멤버십_겨울_B_v1,10038,628,67355,80,30,2262435,570,56,21,1821162,TXT,플러스멤버십,겨울,B,v1,False,False,27.03825996585217,1202.7678571213792,0.06256226339907725,0.089171974522151,107.25318471320502,6710.001992428101
2025-01-26,naver,자체,NVR_CMP_03_재구매,재구매,VIP,IMG_배송혜택_겨울_A_v1,5222,364,47486,35,29,2871269,350,29,22,2450919,IMG,배송혜택,겨울,A,v1,False,False,51.61350713894513,1637.4482758056051,0.0697050938337668,0.0796703296701108,130.45604395568557,9093.450785138051
2025-01-26,naver,자체,NVR_CMP_03_재구매,재구매,VIP,VID_적립혜택_겨울_B_v1,3284,228,27927,17,13,1211157,207,12,10,1115971,VID,적립혜택,겨울,B,v1,False,False,39.96028932574068,2327.2499998060625,0.06942752740558178,0.05263157894713758,122.48684210472594,8503.958587086327
2025-01-26,naver,자체,NVR_CMP_03_재구매,재구매,VIP,CRS_신상품_겨울_v1,4032,259,30852,27,14,1225466,234,19,10,1027533,CRS,신상품,겨울,N,v1,False,False,33.305231427459056,1623.789473598748,0.06423611111109517,0.07335907335879012,119.1196911192312,7651.785714283817
2025-01-26,naver,자체,NVR_CMP_03_재구매,재구매,윈백,IMG_배송혜택_겨울_A_v1,4769,245,40366,29,21,1497094,237,26,16,1305231,IMG,배송혜택,겨울,A,v1,False,False,32.33491056829926,1552.5384614787486,0.05137345355419346,0.10612244897915869,164.75918367279692,8464.248270075808
2025-01-26,naver,자체,NVR_CMP_03_재구매,재구매,윈백,VID_적립혜택_겨울_B_v1,5846,440,44107,51,35,2960278,414,40,24,2539157,VID,적립혜택,겨울,B,v1,False,False,57.56811843924871,1102.6749999724332,0.07526513855626492,0.0909090909088843,100.243181817954,7544.816968866311
2025-01-26,naver,자체,NVR_CMP_03_재구매,재구매,윈백,CRS_신상품_겨울_v1,6150,407,46037,44,36,2934718,386,33,27,2677617,CRS,신상품,겨울,N,v1,False,False,58.16228251189135,1395.0606060183316,0.06617886178860712,0.08108108108088187,113.11302211274419,7485.691056909351
2025-01-27,google,외부,GGL_CMP_01_플러스가입,플러스가입,논타겟,VID_플러스멤버십_겨울_A_v1,59789,1522,325124,195,55,3822711,1447,159,38,3012510,VID,플러스멤버십,겨울,A,v1,False,False,9.26572630750111,2044.8050314336806,0.025456187593035084,0.10446780551898524,213.61629434939974,5437.856461890893
2025-01-27,google,외부,GGL_CMP_01_플러스가입,플러스가입,논타겟,IMG_플러스멤버십_겨울_B_v1,70021,1750,403212,192,37,2494941,1523,138,26,2285837,IMG,플러스멤버십,겨울,B,v1,False,False,5.669069868952299,2921.8260869353494,0.024992502249324845,0.0788571428570978,230.40685714272547,5758.4438954027255
2025-01-27,google,외부,GGL_CMP_01_플러스가입,플러스가입,논타겟,CRS_플러스멤버십_겨울_v1,54221,1723,355631,238,73,3687009,1666,175,63,3239851,CRS,플러스멤버십,겨울,N,v1,False,False,9.110147877997113,2032.1771428455306,0.03177735563711419,0.10156703424254117,206.4022054554809,6558.916287047334
2025-01-27,google,외부,GGL_CMP_01_플러스가입,플러스가입,논타겟,IMG_적립혜택_겨울_v2,52361,1063,300876,95,30,1380127,1009,79,25,1261361,IMG,적립혜택,겨울,N,v2,False,False,4.192295164785479,3808.5569619771068,0.020301369339775402,0.07431796801498183,283.04421448703386,5746.185137793286
2025-01-27,google,외부,GGL_CMP_01_플러스가입,플러스가입,유사타겟,VID_플러스멤버십_겨울_A_v1,49098,1511,256821,228,64,3167532,1333,181,47,2414452,VID,플러스멤버십,겨울,A,v1,False,False,9.401302852959807,1418.9005524783488,0.03077518432522647,0.1197882197219591,169.96757114482463,5230.783331296484
2025-01-27,google,외부,GGL_CMP_01_플러스가입,플러스가입,유사타겟,IMG_플러스멤버십_겨울_B_v1,43848,1432,270940,136,38,2329425,1341,101,32,2114165,IMG,플러스멤버십,겨울,B,v1,False,False,7.803074481434976,2682.5742573991824,0.03265827403758364,0.07053072625693399,189.203910614393,6179.073161831642
2025-01-27,google,외부,GGL_CMP_01_플러스가입,플러스가입,유사타겟,CRS_플러스멤버십_겨울_v1,50365,1308,282169,113,24,1537784,1266,95,18,1376016,CRS,플러스멤버십,겨울,N,v1,False,False,4.876566880132103,2970.1999999687346,0.02597041596346618,0.07262996941890472,215.7255351680308,5602.481882259394
2025-01-27,google,외부,GGL_CMP_01_플러스가입,플러스가입,유사타겟,IMG_적립혜택_겨울_v2,57322,1551,296620,194,54,2580742,1331,154,41,1896541,IMG,적립혜택,겨울,N,v2,False,False,6.393840604139956,1926.103896091389,0.027057674191409458,0.09929078014177996,191.24435847827772,5174.62754265369
2025-01-27,google,외부,GGL_CMP_02_리타겟팅,리타겟팅,리마케팅,VID_할인쿠폰_겨울_A_v1,24647,1008,124618,83,31,1876769,900,62,27,1714761,VID,할인쿠폰,겨울,A,v1,False,False,13.760138984737246,2009.9677419030652,0.04089747230900147,0.06150793650787549,123.62896825384561,5056.112305757088
2025-01-27,google,외부,GGL_CMP_02_리타겟팅,리타겟팅,리마케팅,IMG_할인쿠폰_겨울_B_v1,28077,1102,127736,145,83,3822678,1019,128,73,3153747,IMG,할인쿠폰,겨울,B,v1,False,False,24.689570677021162,997.9374999922037,0.03924920753641631,0.1161524500906387,115.91288566232676,4549.488905509686
2025-01-27,google,외부,GGL_CMP_02_리타겟팅,리타겟팅,리마케팅,CRS_특가_겨울_v1,31004,796,183994,65,28,1938391,703,45,21,1501836,CRS,특가,겨울,N,v1,False,False,8.162418339728426,4088.7555554646947,0.025674106566893767,0.0565326633165119,231.14824120573977,5934.524577473683
2025-01-27,google,외부,GGL_CMP_03_첫구매,첫구매,논타겟,VID_적립혜택_겨울_A_v1,49539,1435,233152,132,58,4428663,1343,117,42,3256446,VID,적립혜택,겨울,A,v1,False,False,13.96705153719456,1992.7521367351046,0.028967076444820668,0.08153310104523935,162.47526132392858,4706.433315165734
2025-01-27,google,외부,GGL_CMP_03_첫구매,첫구매,논타겟,IMG_적립혜택_겨울_B_v1,69783,2167,414986,226,63,4918847,2109,187,51,3624819,IMG,적립혜택,겨울,B,v1,False,False,8.734798282351672,2219.176470576368,0.031053408423254502,0.086294416243615,191.5025380709776,5946.806528810656
2025-01-27,google,외부,GGL_CMP_03_첫구매,첫구매,논타겟,CRS_할인쿠폰_겨울_v1,56697,1797,283208,117,32,2040160,1679,93,23,1833012,CRS,할인쿠폰,겨울,N,v1,False,False,6.472317166181724,3045.247311795212,0.03169479866659556,0.05175292153586435,157.6004451863341,4995.1143799494685
2025-01-27,google,외부,GGL_CMP_03_첫구매,첫구매,유사타겟,VID_적립혜택_겨울_A_v1,70558,1257,319048,131,60,3873547,1209,111,50,3238378,VID,적립혜택,겨울,A,v1,False,False,10.150127880444291,2874.3063062804117,0.017815130814365233,0.08830548926007295,253.81702466169148,4521.783497264598
2025-01-27,google,외부,GGL_CMP_03_첫구매,첫구매,유사타겟,IMG_적립혜택_겨울_B_v1,40220,1165,238503,100,37,1944999,1056,89,33,1550589,IMG,적립혜택,겨울,B,v1,False,False,6.501339605791095,2679.8089887339347,0.028965688712082823,0.07639484978534215,204.72360515003888,5929.960218796472
2025-01-27,google,외부,GGL_CMP_03_첫구매,첫구매,유사타겟,CRS_할인쿠폰_겨울_v1,44890,1079,203236,81,33,1823928,1021,72,28,1530804,CRS,할인쿠폰,겨울,N,v1,False,False,7.532149815977448,2822.7222221830175,0.02403653374916409,0.0667284522705591,188.35588507860209,4527.422588549688
2025-01-27,meta,외부,META_CMP_01_신규유저,신규유저,논타겟,VID_플러스멤버십_겨울_A_v1,54371,624,248438,51,8,314952,545,36,6,270100,VID,플러스멤버십,겨울,A,v1,False,False,1.087192780492513,6901.055555363861,0.011476706332419645,0.057692307692215235,398.1378205121825,4569.310845855243
2025-01-27,meta,외부,META_CMP_01_신규유저,신규유저,논타겟,IMG_적립혜택_겨울_B_v1,35554,504,155666,34,5,191155,444,27,3,167145,IMG,적립혜택,겨울,B,v1,False,False,1.0737412151657968,5765.407407193874,0.014175620183382625,0.05357142857132228,308.8611111104983,4378.29780052865
2025-01-27,meta,외부,META_CMP_01_신규유저,신규유저,논타겟,CRS_플러스멤버십_겨울_v1,38395,776,143217,61,17,922568,689,51,13,716081,CRS,플러스멤버십,겨울,N,v1,False,False,4.999972070354742,2808.1764705331734,0.020210964969396533,0.06572164948445139,184.55798969048382,3730.0950644614213
2025-01-27,meta,외부,META_CMP_02_룩얼라이크,룩얼라이크,유사타겟,VID_플러스멤버십_겨울_A_v1,46983,847,162125,80,22,1173148,750,59,15,1085099,VID,플러스멤버십,겨울,A,v1,False,False,6.692977640709288,2747.881355885629,0.018027797288380523,0.06965761511207832,191.41086186518135,3450.7162165037685
2025-01-27,meta,외부,META_CMP_02_룩얼라이크,룩얼라이크,유사타겟,IMG_할인쿠폰_겨울_B_v1,35209,725,130769,51,15,627106,708,43,12,511273,IMG,할인쿠폰,겨울,B,v1,False,False,3.9097416054263325,3041.139534812997,0.020591326081399058,0.0593103448275044,180.37103448250983,3714.0787866737564
2025-01-27,meta,외부,META_CMP_02_룩얼라이크,룩얼라이크,유사타겟,CRS_특가_겨울_v1,32278,580,110285,38,8,466018,499,28,6,384010,CRS,특가,겨울,N,v1,False,False,3.48197851022348,3938.7499998593303,0.01796889522275178,0.048275862068882285,190.1465517238101,3416.723464898587
2025-01-27,meta,외부,META_CMP_03_재구매,재구매,VIP,IMG_배송혜택_겨울_A_v1,15342,334,52694,15,6,409466,286,11,4,324722,IMG,배송혜택,겨울,A,v1,False,False,6.162409382472271,4790.363635928149,0.021770303741362157,0.03293413173642834,157.76646706539591,3434.6239082255615
2025-01-27,meta,외부,META_CMP_03_재구매,재구매,VIP,VID_적립혜택_겨울_B_v1,9016,224,43822,15,9,728857,207,12,6,651700,VID,적립혜택,겨울,B,v1,False,False,14.871525717675715,3651.833333029014,0.024844720496891654,0.05357142857118941,195.6339285705552,4860.470275066009
2025-01-27,meta,외부,META_CMP_03_재구매,재구매,VIP,CRS_신상품_겨울_v1,12101,270,55484,17,6,344576,243,14,4,310217,CRS,신상품,겨울,N,v1,False,False,5.591107346261885,3963.1428568597753,0.022312205602840897,0.05185185185165981,205.49629629553522,4585.075613585275
2025-01-27,meta,외부,META_CMP_03_재구매,재구매,윈백,IMG_배송혜택_겨울_A_v1,26518,606,114610,35,17,1006767,545,30,15,752752,IMG,배송혜택,겨울,A,v1,False,False,6.567943460430969,3820.3333332059888,0.02285240214194046,0.049504950494967816,189.12541254094205,4321.969982653129
2025-01-27,meta,외부,META_CMP_03_재구매,재구매,윈백,VID_적립혜택_겨울_B_v1,14891,411,73824,17,7,503987,367,13,5,401151,VID,적립혜택,겨울,B,v1,False,False,5.433883289986922,5678.769230332402,0.02760056409911842,0.03163017031622475,179.62043795576736,4957.625411321942
2025-01-27,meta,외부,META_CMP_03_재구매,재구매,윈백,CRS_신상품_겨울_v1,23006,629,108617,37,14,1020034,560,28,10,833543,CRS,신상품,겨울,N,v1,False,False,7.674148613936974,3879.178571290029,0.027340693732068707,0.04451510333856198,172.68203497587808,4721.246631313365
2025-01-27,naver,자체,NVR_CMP_01_브랜드KW,브랜드KW,논타겟,TXT_플러스멤버십_겨울_A_v1,8675,1147,82333,272,172,10662009,983,246,127,9043185,TXT,플러스멤버십,겨울,A,v1,False,False,109.83669974372232,334.6869918685582,0.1322190201728954,0.21447253705299524,71.78116826497666,9490.835734869223
2025-01-27,naver,자체,NVR_CMP_02_일반KW,일반KW,논타겟,TXT_할인쿠폰_겨울_A_v1,11194,669,78082,121,40,3061628,579,101,28,2601677,TXT,할인쿠폰,겨울,A,v1,False,False,33.31980482057281,773.0891089032367,0.05976415937108631,0.15097159940186702,116.71449925244139,6975.343934249869
2025-01-27,naver,자체,NVR_CMP_02_일반KW,일반KW,논타겟,TXT_플러스멤버십_겨울_B_v1,9194,572,59974,99,46,3108524,489,84,31,2704588,TXT,플러스멤버십,겨울,B,v1,False,False,45.09600827024969,713.9761904676907,0.06221448770936891,0.1468531468528901,104.84965034946705,6523.16728300995
2025-01-27,naver,자체,NVR_CMP_03_재구매,재구매,VIP,IMG_배송혜택_겨울_A_v1,4619,230,39589,26,16,1609840,213,20,11,1309122,IMG,배송혜택,겨울,A,v1,False,False,33.06782186971045,1979.4499999010275,0.04979432777656423,0.08695652173875237,172.12608695577336,8570.90279281044
2025-01-27,naver,자체,NVR_CMP_03_재구매,재구매,VIP,VID_적립혜택_겨울_B_v1,5435,267,40450,23,19,1662368,249,20,13,1310899,VID,적립혜택,겨울,B,v1,False,False,32.40788627935643,2022.499999898875,0.049126034958592614,0.07490636704091795,151.49812734025656,7442.502299906634
2025-01-27,naver,자체,NVR_CMP_03_재구매,재구매,VIP,CRS_신상품_겨울_v1,6333,333,48802,34,23,2568868,309,24,15,2351451,CRS,신상품,겨울,N,v1,False,False,48.18349657800811,2033.416666581941,0.05258171482708786,0.07207207207185565,146.55255255211247,7705.9845255001255
2025-01-27,naver,자체,NVR_CMP_03_재구매,재구매,윈백,IMG_배송혜택_겨울_A_v1,11224,469,93708,53,37,3823207,429,43,27,2925221,IMG,배송혜택,겨울,A,v1,False,False,31.21634225466309,2179.2558139028083,0.04178545972914809,0.09168443496782157,199.80383795266567,8348.895224518143
2025-01-27,naver,자체,NVR_CMP_03_재구매,재구매,윈백,VID_적립혜택_겨울_B_v1,10785,453,94089,40,36,2622402,389,36,26,2165406,VID,적립혜택,겨울,B,v1,False,False,23.01444377132265,2613.583333260734,0.042002781641164395,0.07947019867532126,207.7019867545084,8724.061196104893
2025-01-27,naver,자체,NVR_CMP_03_재구매,재구매,윈백,CRS_신상품_겨울_v1,9401,565,72744,61,51,4709576,484,49,40,3827065,CRS,신상품,겨울,N,v1,False,False,52.61004344000807,1484.5714285411314,0.060099989362827344,0.08672566371666067,128.75044247764822,7737.900223379668
2025-01-28,google,외부,GGL_CMP_01_플러스가입,플러스가입,논타겟,VID_플러스멤버십_겨울_A_v1,47383,1565,239035,154,35,2278856,1403,123,29,1696010,VID,플러스멤버십,겨울,A,v1,False,False,7.095237099169548,1943.3739837240375,0.033028723381802905,0.07859424920122773,152.73801916923148,5044.74178502828
2025-01-28,google,외부,GGL_CMP_01_플러스가입,플러스가입,논타겟,IMG_플러스멤버십_겨울_B_v1,46454,1455,294356,156,38,2200397,1409,131,30,1791746,IMG,플러스멤버십,겨울,B,v1,False,False,6.087003492369763,2246.9923663950613,0.031321307099495606,0.0900343642611065,202.30652920948296,6336.504929607649
2025-01-28,google,외부,GGL_CMP_01_플러스가입,플러스가입,논타겟,CRS_플러스멤버십_겨울_v1,52322,1498,325387,135,37,2418036,1352,111,26,1873152,CRS,플러스멤버십,겨울,N,v1,False,False,5.7566897263873305,2931.4144143880053,0.0286304040365424,0.07409879839781436,217.21428571414071,6218.93276250896
2025-01-28,google,외부,GGL_CMP_01_플러스가입,플러스가입,논타겟,IMG_적립혜택_겨울_v2,47967,1171,219656,130,45,2692814,1091,113,39,2434425,IMG,적립혜택,겨울,N,v2,False,False,11.08289780383868,1943.8584070624436,0.0244126170075255,0.09649871904347011,187.5798462850661,4579.3149456917345
2025-01-28,google,외부,GGL_CMP_01_플러스가입,플러스가입,유사타겟,VID_플러스멤버십_겨울_A_v1,39011,828,194252,100,33,2126139,717,70,25,1838918,VID,플러스멤버십,겨울,A,v1,False,False,9.466661861911284,2775.028571388928,0.02122478275358178,0.08454106280183027,234.60386473401618,4979.416062136193
2025-01-28,google,외부,GGL_CMP_01_플러스가입,플러스가입,유사타겟,IMG_플러스멤버십_겨울_B_v1,71167,1525,448860,223,74,3977138,1376,183,61,2962952,IMG,플러스멤버십,겨울,B,v1,False,False,6.601060464287291,2452.7868852324987,0.021428471061025172,0.11999999999992131,294.33442622931517,6307.136734722465
2025-01-28,google,외부,GGL_CMP_01_플러스가입,플러스가입,유사타겟,CRS_플러스멤버십_겨울_v1,68115,2320,388341,290,101,4569647,2194,225,78,3682512,CRS,플러스멤버십,겨울,N,v1,False,False,9.482676307678021,1725.9599999923291,0.034060045511267206,0.09698275862064785,167.38836206889337,5701.255230125439
2025-01-28,google,외부,GGL_CMP_01_플러스가입,플러스가입,유사타겟,IMG_적립혜택_겨울_v2,53341,1761,268649,203,42,2059885,1672,183,37,1519362,IMG,적립혜택,겨울,N,v2,False,False,5.655565440407351,1468.0273223963497,0.03301400423689033,0.1039182282793277,152.5547984099077,5036.4447610655025
2025-01-28,google,외부,GGL_CMP_02_리타겟팅,리타겟팅,리마케팅,VID_할인쿠폰_겨울_A_v1,40832,1509,212887,177,73,4092463,1382,146,64,3029849,VID,할인쿠폰,겨울,A,v1,False,False,14.232193605058017,1458.1301369763144,0.036956308777428566,0.09675281643466087,141.0781974816825,5213.72942789956
2025-01-28,google,외부,GGL_CMP_02_리타겟팅,리타겟팅,리마케팅,IMG_할인쿠폰_겨울_B_v1,28987,917,163518,122,57,3831072,830,94,42,2901911,IMG,할인쿠폰,겨울,B,v1,False,False,17.746737362247472,1739.5531914708558,0.0316348708041525,0.10250817884394492,178.31842966174665,5641.08048435486
2025-01-28,google,외부,GGL_CMP_02_리타겟팅,리타겟팅,리마케팅,CRS_특가_겨울_v1,25935,1078,156030,150,55,3205191,996,125,38,2499427,CRS,특가,겨울,N,v1,False,False,16.018887393449877,1248.239999990014,0.04156545209176628,0.11595547309822268,144.74025974012548,6016.194331983574
2025-01-28,google,외부,GGL_CMP_03_첫구매,첫구매,논타겟,VID_적립혜택_겨울_A_v1,42412,916,227567,101,34,2589447,896,87,30,2226797,VID,적립혜택,겨울,A,v1,False,False,9.785236875293826,2615.7126436480953,0.021597661039327986,0.09497816593876095,248.43558951937945,5365.627652551039
2025-01-28,google,외부,GGL_CMP_03_첫구매,첫구매,논타겟,IMG_적립혜택_겨울_B_v1,43153,889,269505,92,25,1892546,866,75,21,1365282,IMG,적립혜택,겨울,B,v1,False,False,5.065887460343945,3593.399999952088,0.020601116955946967,0.0843644544430997,303.1552305958345,6245.336361318883
2025-01-28,google,외부,GGL_CMP_03_첫구매,첫구매,논타겟,CRS_할인쿠폰_겨울_v1,65972,1180,319760,134,54,3809468,1082,118,40,2830507,CRS,할인쿠폰,겨울,N,v1,False,False,8.851973355016234,2709.8305084516114,0.017886376038319014,0.09999999999991525,270.98305084722796,4846.904747468549
2025-01-28,google,외부,GGL_CMP_03_첫구매,첫구매,유사타겟,VID_적립혜택_겨울_A_v1,61808,1864,332384,160,53,3951214,1825,137,37,3138375,VID,적립혜택,겨울,A,v1,False,False,9.442015861172592,2426.160583923897,0.030157908361376683,0.07349785407721379,178.31759656642794,5377.685736474156
2025-01-28,google,외부,GGL_CMP_03_첫구매,첫구매,유사타겟,IMG_적립혜택_겨울_B_v1,41109,1208,246662,97,37,2099833,1125,78,31,1823558,IMG,적립혜택,겨울,B,v1,False,False,7.392942569183711,3162.3333332927905,0.029385292758276064,0.06456953642378761,204.19039735082436,6000.1946045876575
2025-01-28,google,외부,GGL_CMP_03_첫구매,첫구매,유사타겟,CRS_할인쿠폰_겨울_v1,48888,1533,261719,173,79,4582410,1470,146,68,3333628,CRS,할인쿠폰,겨울,N,v1,False,False,12.737432131408065,1792.595890398681,0.031357388316150564,0.09523809523803312,170.72341813426567,5353.440517100202
2025-01-28,meta,외부,META_CMP_01_신규유저,신규유저,논타겟,VID_플러스멤버십_겨울_A_v1,45389,518,162944,33,9,466490,458,24,7,407734,VID,플러스멤버십,겨울,A,v1,False,False,2.5022952670856093,6789.333333050445,0.011412456762651494,0.04633204633195689,314.5637065630993,3589.9447002576926
2025-01-28,meta,외부,META_CMP_01_신규유저,신규유저,논타겟,IMG_적립혜택_겨울_B_v1,36521,484,176449,43,11,589241,411,30,8,450059,IMG,적립혜택,겨울,B,v1,False,False,2.5506463624049864,5881.633333137279,0.013252649160756464,0.0619834710742521,364.56404958602366,4831.439445798176
2025-01-28,meta,외부,META_CMP_01_신규유저,신규유저,논타겟,CRS_플러스멤버십_겨울_v1,33888,522,128841,33,7,357139,476,27,5,279647,CRS,플러스멤버십,겨울,N,v1,False,False,2.1704814461234996,4771.888888712152,0.015403682719546289,0.051724137930935395,246.82183907998694,3801.9652974503133
2025-01-28,meta,외부,META_CMP_02_룩얼라이크,룩얼라이크,유사타겟,VID_플러스멤버십_겨울_A_v1,35243,555,147136,50,11,516681,506,36,7,467590,VID,플러스멤버십,겨울,A,v1,False,False,3.1779442148760118,4087.1111109975805,0.015747808075362038,0.06486486486474799,265.10990990943225,4174.899980137781
2025-01-28,meta,외부,META_CMP_02_룩얼라이크,룩얼라이크,유사타겟,IMG_할인쿠폰_겨울_B_v1,48425,760,241569,52,14,576515,691,40,9,499471,IMG,할인쿠폰,겨울,B,v1,False,False,2.06761215222151,6039.22499984902,0.015694372741352283,0.05263157894729917,317.8539473680028,4988.518327310171
2025-01-28,meta,외부,META_CMP_02_룩얼라이크,룩얼라이크,유사타겟,CRS_특가_겨울_v1,47161,988,196788,89,22,1062337,869,67,17,963391,CRS,특가,겨울,N,v1,False,False,4.895577982397276,2937.134328314371,0.020949513369096905,0.0678137651821176,199.17813765162026,4172.685057568666
2025-01-28,meta,외부,META_CMP_03_재구매,재구매,VIP,IMG_배송혜택_겨울_A_v1,14738,253,68629,12,5,334551,229,9,4,259727,IMG,배송혜택,겨울,A,v1,False,False,3.784508006819219,7625.444443597173,0.017166508345771665,0.03557312252950366,271.26086956414525,4656.601981272584
2025-01-28,meta,외부,META_CMP_03_재구매,재구매,VIP,VID_적립혜택_겨울_B_v1,14325,302,67831,14,6,437977,263,10,4,402524,VID,적립혜택,겨울,B,v1,False,False,5.934218867479383,6783.09999932169,0.0210820244328083,0.03311258278134731,224.60596026415695,4735.148342059006
2025-01-28,meta,외부,META_CMP_03_재구매,재구매,VIP,CRS_신상품_겨울_v1,13456,282,58888,11,6,484326,243,9,5,426709,CRS,신상품,겨울,N,v1,False,False,7.2461112620566634,6543.1111103840985,0.020957193816883102,0.03191489361690811,208.82269503472048,4376.337693222029
2025-01-28,meta,외부,META_CMP_03_재구매,재구매,윈백,IMG_배송혜택_겨울_A_v1,21666,554,91676,28,11,649384,509,24,8,576828,IMG,배송혜택,겨울,A,v1,False,False,6.2920284480124975,3819.8333331741737,0.02557001753900002,0.04332129963891097,165.48014440403344,4231.330194775029
2025-01-28,meta,외부,META_CMP_03_재구매,재구매,윈백,VID_적립혜택_겨울_B_v1,26174,550,97426,35,22,1209386,468,31,15,971822,VID,적립혜택,겨울,B,v1,False,False,9.974975879128673,3142.7741934470073,0.021013219225184496,0.056363636363533885,177.13818181785976,3722.2434476960448
2025-01-28,meta,외부,META_CMP_03_재구매,재구매,윈백,CRS_신상품_겨울_v1,20809,386,80457,18,10,620695,341,13,8,532312,CRS,신상품,겨울,N,v1,False,False,6.616105497346326,6188.999999523923,0.01854966600989867,0.03367875647659669,208.4378238336569,3866.452015954449
2025-01-28,naver,자체,NVR_CMP_01_브랜드KW,브랜드KW,논타겟,TXT_플러스멤버십_겨울_A_v1,7008,1082,50906,195,76,6017987,1026,154,51,5382203,TXT,플러스멤버십,겨울,A,v1,False,False,105.72826385887508,330.5584415562951,0.15439497716892772,0.14232902033258565,47.048059149679254,7263.984018263804
2025-01-28,naver,자체,NVR_CMP_02_일반KW,일반KW,논타겟,TXT_할인쿠폰_겨울_A_v1,13392,858,117244,157,49,3350445,764,121,38,2428806,TXT,할인쿠폰,겨울,A,v1,False,False,20.71582341100593,968.9586776779424,0.06406810035841816,0.14102564102547666,136.64801864785937,8754.778972520255
2025-01-28,naver,자체,NVR_CMP_02_일반KW,일반KW,논타겟,TXT_플러스멤버십_겨울_B_v1,10891,724,78913,123,46,2696906,624,112,36,2215517,TXT,플러스멤버십,겨울,B,v1,False,False,28.075437507127745,704.5803571365662,0.0664769075383283,0.15469613259647141,108.99585635344062,7245.707464878593
2025-01-28,naver,자체,NVR_CMP_03_재구매,재구매,VIP,IMG_배송혜택_겨울_A_v1,6720,400,48268,27,18,1557435,359,22,12,1194634,IMG,배송혜택,겨울,A,v1,False,False,24.750020717659222,2193.9999999002725,0.05952380952380066,0.0549999999998625,120.66999999969833,7182.738095237026
2025-01-28,naver,자체,NVR_CMP_03_재구매,재구매,VIP,VID_적립혜택_겨울_B_v1,6939,380,49564,33,23,2238781,339,28,20,1656768,VID,적립혜택,겨울,B,v1,False,False,33.42684206278683,1770.1428570796377,0.054762934140358155,0.07368421052612188,130.43157894702517,7142.815967717661
2025-01-28,naver,자체,NVR_CMP_03_재구매,재구매,VIP,CRS_신상품_겨울_v1,4328,308,34483,25,13,1250542,280,21,10,961429,CRS,신상품,겨울,N,v1,False,False,27.881245831278374,1642.0476189694264,0.07116451016634215,0.06818181818159681,111.95779220742871,7967.421441772651
2025-01-28,naver,자체,NVR_CMP_03_재구매,재구매,윈백,IMG_배송혜택_겨울_A_v1,10444,520,77251,45,24,2001375,480,35,16,1731156,IMG,배송혜택,겨울,A,v1,False,False,22.409496317199487,2207.1714285083667,0.049789352738409634,0.06730769230756287,148.5596153843297,7396.687093067081
2025-01-28,naver,자체,NVR_CMP_03_재구매,재구매,윈백,VID_적립혜택_겨울_B_v1,10377,714,84530,60,45,3753349,672,48,39,3484904,VID,적립혜택,겨울,B,v1,False,False,41.22683071098969,1761.0416666299784,0.06880601329863459,0.06722689075620837,118.38935574213112,8145.899585621263
2025-01-28,naver,자체,NVR_CMP_03_재구매,재구매,윈백,CRS_신상품_겨울_v1,6739,300,58209,26,21,1605971,284,19,16,1484081,CRS,신상품,겨울,N,v1,False,False,25.495730900719384,3063.6315787861245,0.04451699065142536,0.06333333333312223,194.02999999935324,8637.631696096061
2025-01-29,google,외부,GGL_CMP_01_플러스가입,플러스가입,논타겟,VID_플러스멤버십_겨울_A_v1,39789,1044,190016,144,38,2454698,961,113,28,1991866,VID,플러스멤버십,겨울,A,v1,False,False,10.482622515998598,1681.5575221090128,0.02623840760008982,0.10823754789261664,182.0076628350747,4775.591243810984
2025-01-29,google,외부,GGL_CMP_01_플러스가입,플러스가입,논타겟,IMG_플러스멤버십_겨울_B_v1,48209,1661,283888,196,56,3036312,1552,143,44,2316514,IMG,플러스멤버십,겨울,B,v1,False,False,8.159957448007637,1985.2307692168868,0.0344541475658065,0.08609271523173624,170.91390728466533,5888.692982637976
2025-01-29,google,외부,GGL_CMP_01_플러스가입,플러스가입,논타겟,CRS_플러스멤버십_겨울_v1,58761,1823,325691,181,47,3278041,1769,155,40,2453355,CRS,플러스멤버십,겨울,N,v1,False,False,7.532768790049441,2101.23225805096,0.031023978489133422,0.08502468458580087,178.6566099834456,5542.638825070957
2025-01-29,google,외부,GGL_CMP_01_플러스가입,플러스가입,논타겟,IMG_적립혜택_겨울_v2,55804,1837,246743,204,43,1971284,1794,156,31,1706638,IMG,적립혜택,겨울,N,v2,False,False,6.916662276133439,1581.6858974257586,0.03291878718371384,0.08492106695694887,134.31845400101562,4421.600602107297
2025-01-29,google,외부,GGL_CMP_01_플러스가입,플러스가입,유사타겟,VID_플러스멤버십_겨울_A_v1,56245,1389,255039,159,34,1823673,1281,119,27,1668395,VID,플러스멤버십,겨울,A,v1,False,False,6.541724991079771,2143.1848739315697,0.024695528491421023,0.08567314614824646,183.6133909285935,4534.429727086772
2025-01-29,google,외부,GGL_CMP_01_플러스가입,플러스가입,유사타겟,IMG_플러스멤버십_겨울_B_v1,47561,1559,300101,191,45,2752819,1406,144,35,2363204,IMG,플러스멤버십,겨울,B,v1,False,False,7.874695519175185,2084.03472220775,0.03277895754925185,0.09236690186010753,192.49583066055646,6309.812661634401
2025-01-29,google,외부,GGL_CMP_01_플러스가입,플러스가입,유사타겟,CRS_플러스멤버십_겨울_v1,41056,893,246642,90,20,936277,851,74,16,739034,CRS,플러스멤버십,겨울,N,v1,False,False,2.996383422125984,3332.999999954959,0.021750779423226285,0.08286674132129579,276.19484882387883,6007.453234606245
2025-01-29,google,외부,GGL_CMP_01_플러스가입,플러스가입,유사타겟,IMG_적립혜택_겨울_v2,63975,1856,320510,257,84,5240227,1691,189,71,4861402,IMG,적립혜택,겨울,N,v2,False,False,15.167707715827852,1695.8201058111333,0.029011332551777586,0.10183189655166927,172.68857758611387,5009.925752246893
2025-01-29,google,외부,GGL_CMP_02_리타겟팅,리타겟팅,리마케팅,VID_할인쿠폰_겨울_A_v1,24908,1030,117623,88,48,2538805,995,62,38,2062359,VID,할인쿠폰,겨울,A,v1,False,False,17.533637128792687,1897.1451612597236,0.04135217600770671,0.060194174757223114,114.1970873785299,4722.298056849016
2025-01-29,google,외부,GGL_CMP_02_리타겟팅,리타겟팅,리마케팅,IMG_할인쿠폰_겨울_B_v1,36263,1137,199476,94,43,2338168,1023,75,32,1939783,IMG,할인쿠폰,겨울,B,v1,False,False,9.724392909422638,2659.6799999645373,0.031354272950389346,0.06596306068595782,175.4406332452283,5500.813501364877
2025-01-29,google,외부,GGL_CMP_02_리타겟팅,리타겟팅,리마케팅,CRS_특가_겨울_v1,33607,1446,210139,198,112,7495503,1362,175,89,6168196,CRS,특가,겨울,N,v1,False,False,29.35293305859441,1200.794285707424,0.04302675037938397,0.12102351313961202,145.3243430151139,6252.834230963602
2025-01-29,google,외부,GGL_CMP_03_첫구매,첫구매,논타겟,VID_적립혜택_겨울_A_v1,64535,1792,363164,155,54,2654920,1608,124,44,2317700,VID,적립혜택,겨울,A,v1,False,False,6.381965172759397,2928.741935460252,0.027767877895715075,0.06919642857138995,202.65848214274405,5627.395986673811
2025-01-29,google,외부,GGL_CMP_03_첫구매,첫구매,논타겟,IMG_적립혜택_겨울_B_v1,45554,1179,300446,134,48,2583116,1116,94,37,2145175,IMG,적립혜택,겨울,B,v1,False,False,7.139968580044311,3196.2340425191887,0.02588137155902828,0.07972858354530982,254.83121289206545,6595.381305702977
2025-01-29,google,외부,GGL_CMP_03_첫구매,첫구매,논타겟,CRS_할인쿠폰_겨울_v1,38685,857,178223,71,23,1754378,796,50,17,1439527,CRS,할인쿠폰,겨울,N,v1,False,False,8.07711125948947,3564.459999928711,0.02215328938865136,0.058343057176127956,207.96149358202106,4607.031149024051
2025-01-29,google,외부,GGL_CMP_03_첫구매,첫구매,유사타겟,VID_적립혜택_겨울_A_v1,39949,1115,198015,107,53,3885196,1072,96,47,3313180,VID,적립혜택,겨울,A,v1,False,False,16.731964750145107,2062.656249978514,0.027910585997145666,0.08609865470844297,177.59192825096181,4956.694785851838
2025-01-29,google,외부,GGL_CMP_03_첫구매,첫구매,유사타겟,IMG_적립혜택_겨울_B_v1,54679,1345,345837,139,64,3171542,1148,124,45,2773834,IMG,적립혜택,겨울,B,v1,False,False,8.020639781168562,2789.008064493637,0.024598108963221264,0.09219330855011733,257.127881040701,6324.859635326061
2025-01-29,google,외부,GGL_CMP_03_첫구매,첫구매,유사타겟,CRS_할인쿠폰_겨울_v1,67240,1309,357923,142,40,2707348,1123,102,31,2508397,CRS,할인쿠폰,겨울,N,v1,False,False,7.008202881625358,3509.0490195734405,0.019467578822129395,0.0779220779220184,273.4323911380646,5323.066627007654
2025-01-29,meta,외부,META_CMP_01_신규유저,신규유저,논타겟,VID_플러스멤버십_겨울_A_v1,34293,593,116185,49,13,568044,558,44,10,521636,VID,플러스멤버십,겨울,A,v1,False,False,4.489701768730865,2640.568181758169,0.01729215874959854,0.0741989881954904,195.9274873521148,3388.0092147084424
2025-01-29,meta,외부,META_CMP_01_신규유저,신규유저,논타겟,IMG_적립혜택_겨울_B_v1,42411,868,171227,73,18,683297,830,59,15,504022,IMG,적립혜택,겨울,B,v1,False,False,2.94358950399176,2902.1525423236926,0.02046638843696163,0.06797235023033643,197.2661290320308,4037.3252222299875
2025-01-29,meta,외부,META_CMP_01_신규유저,신규유저,논타겟,CRS_플러스멤버십_겨울_v1,40573,568,149868,39,7,374553,544,27,5,297261,CRS,플러스멤버십,겨울,N,v1,False,False,1.9834854672111326,5550.666666461087,0.013999457767480492,0.04753521126752194,263.8521126755918,3693.786508268955
2025-01-29,meta,외부,META_CMP_02_룩얼라이크,룩얼라이크,유사타겟,VID_플러스멤버십_겨울_A_v1,38004,712,172149,57,13,535473,613,49,9,452014,VID,플러스멤버십,겨울,A,v1,False,False,2.625713771209809,3513.244897887485,0.018734870013682278,0.06882022471900447,241.78230337044693,4529.76002526038
2025-01-29,meta,외부,META_CMP_02_룩얼라이크,룩얼라이크,유사타겟,IMG_할인쿠폰_겨울_B_v1,53737,1122,251762,71,16,645609,1059,53,13,551922,IMG,할인쿠폰,겨울,B,v1,False,False,2.1922371128287743,4750.226415004713,0.020879468522619037,0.04723707664879925,224.38680926896222,4685.077321026393
2025-01-29,meta,외부,META_CMP_02_룩얼라이크,룩얼라이크,유사타겟,CRS_특가_겨울_v1,52117,764,241291,45,8,442735,667,32,5,339777,CRS,특가,겨울,N,v1,False,False,1.4081627578318239,7540.343749764365,0.014659324212828548,0.04188481675387188,315.8259162299531,4629.794500834571
2025-01-29,meta,외부,META_CMP_03_재구매,재구매,VIP,IMG_배송혜택_겨울_A_v1,10243,294,37464,14,7,438541,268,11,5,374857,IMG,배송혜택,겨울,A,v1,False,False,10.005792227204518,3405.818181508562,0.02870252855608428,0.0374149659862673,127.428571428138,3657.522210289597
2025-01-29,meta,외부,META_CMP_03_재구매,재구매,VIP,VID_적립혜택_겨울_B_v1,12219,308,58130,12,7,467032,283,8,5,370287,VID,적립혜택,겨울,B,v1,False,False,6.369981076896502,7266.249999091719,0.025206645388327585,0.025974025973941644,188.73376623315346,4757.34511825806
2025-01-29,meta,외부,META_CMP_03_재구매,재구매,VIP,CRS_신상품_겨울_v1,14950,412,55442,25,12,979718,392,17,10,758522,CRS,신상품,겨울,N,v1,False,False,13.681360701273157,3261.294117455218,0.0275585284280918,0.04126213592222995,134.56796116472194,3708.494983277344
2025-01-29,meta,외부,META_CMP_03_재구매,재구매,윈백,IMG_배송혜택_겨울_A_v1,20592,346,73178,21,8,467662,320,16,6,394501,IMG,배송혜택,겨울,A,v1,False,False,5.390978162835751,4573.6249997141485,0.016802641802640985,0.04624277456634034,211.49710982597833,3553.710178710006
2025-01-29,meta,외부,META_CMP_03_재구매,재구매,윈백,VID_적립혜택_겨울_B_v1,15126,396,66819,27,9,611273,353,22,6,557335,VID,적립혜택,겨울,B,v1,False,False,8.34096589293452,3037.227272589217,0.026180087266955823,0.05555555555541526,168.7348484844224,4417.493058309902
2025-01-29,meta,외부,META_CMP_03_재구매,재구매,윈백,CRS_신상품_겨울_v1,18559,425,68163,16,9,621869,393,12,6,556672,CRS,신상품,겨울,N,v1,False,False,8.166776697034928,5680.249999526646,0.022899940729563938,0.028235294117580623,160.38352941138734,3672.7733175276862
2025-01-29,naver,자체,NVR_CMP_01_브랜드KW,브랜드KW,논타겟,TXT_플러스멤버십_겨울_A_v1,7663,955,57329,253,116,10168920,920,219,101,8404223,TXT,플러스멤버십,겨울,A,v1,False,False,146.59636484152617,261.77625570656727,0.12462482056634155,0.22931937172750858,60.030366492083736,7481.273652615492
2025-01-29,naver,자체,NVR_CMP_02_일반KW,일반KW,논타겟,TXT_할인쿠폰_겨울_A_v1,12002,1132,113452,166,45,2946525,1097,148,40,2704903,TXT,할인쿠폰,겨울,A,v1,False,False,23.841827380742306,766.5675675623881,0.09431761373103696,0.13074204946984916,100.22261484090086,9452.75787368693
2025-01-29,naver,자체,NVR_CMP_02_일반KW,일반KW,논타겟,TXT_플러스멤버십_겨울_B_v1,10320,1072,90877,130,45,3571079,1046,99,38,3172235,TXT,플러스멤버십,겨울,B,v1,False,False,34.9069071382194,917.9494949402227,0.10387596899223799,0.09235074626857057,84.7733208954433,8805.910852712324
2025-01-29,naver,자체,NVR_CMP_03_재구매,재구매,VIP,IMG_배송혜택_겨울_A_v1,5266,246,33717,18,15,1237734,211,13,10,914605,IMG,배송혜택,겨울,A,v1,False,False,27.125930539489662,2593.6153844158757,0.04671477402201923,0.052845528455069735,137.06097560919895,6402.772502847245
2025-01-29,naver,자체,NVR_CMP_03_재구매,재구매,VIP,VID_적립혜택_겨울_B_v1,4572,297,41633,26,17,1434808,270,22,14,1308107,VID,적립혜택,겨울,B,v1,False,False,31.41995532390096,1892.4090908230723,0.06496062992124563,0.07407407407382467,140.1784511779792,9106.080489936765
2025-01-29,naver,자체,NVR_CMP_03_재구매,재구매,VIP,CRS_신상품_겨울_v1,5945,416,51483,46,24,1800408,394,33,20,1635822,CRS,신상품,겨울,N,v1,False,False,31.774022492861107,1560.0909090436337,0.0699747687131926,0.07932692307673239,123.75721153816404,8659.882253993495
2025-01-29,naver,자체,NVR_CMP_03_재구매,재구매,윈백,IMG_배송혜택_겨울_A_v1,10726,714,83220,64,33,2990876,675,53,24,2535633,IMG,배송혜택,겨울,A,v1,False,False,30.46903388608471,1570.188679215657,0.06656721983963579,0.07422969187664674,116.55462184857626,7758.717135930658
2025-01-29,naver,자체,NVR_CMP_03_재구매,재구매,윈백,VID_적립혜택_겨울_B_v1,10446,563,78215,64,47,4796965,545,53,33,3643169,VID,적립혜택,겨울,B,v1,False,False,46.57890430224322,1475.7547169532877,0.053896228221323575,0.09413854351670668,138.92539964451345,7487.555044992581
2025-01-29,naver,자체,NVR_CMP_03_재구매,재구매,윈백,CRS_신상품_겨울_v1,7440,418,55701,43,28,2290608,376,37,19,2110308,CRS,신상품,겨울,N,v1,False,False,37.88635751602237,1505.4324323917451,0.056182795698917175,0.0885167464112715,133.25598086092523,7486.69354838609
2025-01-30,google,외부,GGL_CMP_01_플러스가입,플러스가입,논타겟,VID_플러스멤버십_겨울_A_v1,52417,1150,309320,161,42,1943449,1080,116,36,1727231,VID,플러스멤버십,겨울,A,v1,False,False,5.583961593172102,2666.551724114943,0.02193944712593201,0.10086956521730359,268.97391304324435,5901.138943472425
2025-01-30,google,외부,GGL_CMP_01_플러스가입,플러스가입,논타겟,IMG_플러스멤버십_겨울_B_v1,38903,953,220358,103,27,1548958,928,81,22,1213795,IMG,플러스멤버십,겨울,B,v1,False,False,5.508286515579169,2720.469135768883,0.02449682543762629,0.08499475341019413,231.22560335757478,5664.293242166269
2025-01-30,google,외부,GGL_CMP_01_플러스가입,플러스가입,논타겟,CRS_플러스멤버십_겨울_v1,47035,1397,269416,193,50,2712634,1273,149,39,2160941,CRS,플러스멤버십,겨울,N,v1,False,False,8.02083395195531,1808.1610738133681,0.029701286276176686,0.10665712240507755,192.85325697910318,5727.989794833513
2025-01-30,google,외부,GGL_CMP_01_플러스가입,플러스가입,논타겟,IMG_적립혜택_겨울_v2,64421,2282,358810,248,73,3513902,2039,224,59,2675831,IMG,적립혜택,겨울,N,v2,False,False,7.457515119422515,1601.8303571357062,0.035423231554927194,0.09815950920241097,157.23488168266553,5569.767622359082
2025-01-30,google,외부,GGL_CMP_01_플러스가입,플러스가입,유사타겟,VID_플러스멤버십_겨울_A_v1,65323,2041,352808,174,40,1893706,1864,135,35,1636429,VID,플러스멤버십,겨울,A,v1,False,False,4.63829901816284,2613.392592573234,0.031244737688103253,0.06614404703573437,172.86036256728426,5400.976685087866
2025-01-30,google,외부,GGL_CMP_01_플러스가입,플러스가입,유사타겟,IMG_플러스멤버십_겨울_B_v1,46826,1162,236542,161,44,2152261,1041,113,33,1837076,IMG,플러스멤버십,겨울,B,v1,False,False,7.766383982548521,2093.2920353797053,0.024815273565967095,0.0972461273665256,203.56454388966992,5051.509844957822
2025-01-30,google,외부,GGL_CMP_01_플러스가입,플러스가입,유사타겟,CRS_플러스멤버십_겨울_v1,58160,1462,260589,195,44,2037696,1260,167,36,1651616,CRS,플러스멤버십,겨울,N,v1,False,False,6.338011197709779,1560.413173643351,0.02513755158184276,0.1142270861832324,178.24145006827754,4480.553645116842
2025-01-30,google,외부,GGL_CMP_01_플러스가입,플러스가입,유사타겟,IMG_적립혜택_겨울_v2,47564,1678,281378,166,53,3548892,1586,135,41,2612242,IMG,적립혜택,겨울,N,v2,False,False,9.283746419407313,2084.2814814660424,0.03527878227230605,0.08045292014297947,167.68653158512058,5915.776637793165
2025-01-30,google,외부,GGL_CMP_02_리타겟팅,리타겟팅,리마케팅,VID_할인쿠폰_겨울_A_v1,30481,840,199622,98,54,2943140,821,70,47,2582152,VID,할인쿠폰,겨울,A,v1,False,False,12.935207542254798,2851.742857102118,0.027558150979297674,0.08333333333323413,237.64523809495518,6549.063350939715
2025-01-30,google,외부,GGL_CMP_02_리타겟팅,리타겟팅,리마케팅,IMG_할인쿠폰_겨울_B_v1,31466,785,204239,72,35,2389815,752,57,24,1816845,IMG,할인쿠폰,겨울,B,v1,False,False,8.895681040349743,3583.140350814331,0.024947562448356164,0.07261146496806037,260.17707006336286,6490.78370304435
2025-01-30,google,외부,GGL_CMP_02_리타겟팅,리타겟팅,리마케팅,CRS_특가_겨울_v1,28267,872,156342,114,43,2836763,783,91,36,2302766,CRS,특가,겨울,N,v1,False,False,14.729029947167016,1718.0439560250763,0.030848692822017517,0.10435779816501795,179.29128440346412,5530.9017582337865
2025-01-30,google,외부,GGL_CMP_03_첫구매,첫구매,논타겟,VID_적립혜택_겨울_A_v1,63146,1842,316303,182,75,5693987,1728,138,57,4122053,VID,적립혜택,겨울,A,v1,False,False,13.031975668899717,2292.0507246210723,0.029170493776327414,0.07491856677520363,171.71715526592197,5009.074208975945
2025-01-30,google,외부,GGL_CMP_03_첫구매,첫구매,논타겟,IMG_적립혜택_겨울_B_v1,52172,1014,260209,96,48,2785167,891,67,36,2042590,IMG,적립혜택,겨울,B,v1,False,False,7.849805348777299,3883.7164178524818,0.019435712642796532,0.06607495069027014,256.6163708084254,4987.522042474796
2025-01-30,google,외부,GGL_CMP_03_첫구매,첫구매,논타겟,CRS_할인쿠폰_겨울_v1,47998,1352,298516,128,53,3092271,1217,115,36,2447610,CRS,할인쿠폰,겨울,N,v1,False,False,8.199259001192539,2595.791304325254,0.028167840326679693,0.08505917159757022,220.79585798800238,6219.342472602895
2025-01-30,google,외부,GGL_CMP_03_첫구매,첫구매,유사타겟,VID_적립혜택_겨울_A_v1,49930,1206,270435,124,39,2710741,1130,93,26,2436905,VID,적립혜택,겨울,A,v1,False,False,9.01105626120876,2907.9032257751837,0.024153815341477588,0.07711442786063258,224.24129353215238,5416.282795914171
2025-01-30,google,외부,GGL_CMP_03_첫구매,첫구매,유사타겟,IMG_적립혜택_겨울_B_v1,70434,1899,396890,155,49,3831421,1705,118,36,3301325,IMG,적립혜택,겨울,B,v1,False,False,8.317984832069317,3363.4745762426824,0.02696141068234053,0.06213796735120477,208.9994734069463,5634.920634920554
2025-01-30,google,외부,GGL_CMP_03_첫구매,첫구매,유사타겟,CRS_할인쿠폰_겨울_v1,39475,1060,188170,86,32,2512759,904,78,25,2068148,CRS,할인쿠폰,겨울,N,v1,False,False,10.990848700642978,2412.4358974049687,0.026852438252057586,0.07358490566030794,177.51886792436082,4766.814439518562
2025-01-30,meta,외부,META_CMP_01_신규유저,신규유저,논타겟,VID_플러스멤버십_겨울_A_v1,35314,716,126468,53,14,541675,628,48,11,410324,VID,플러스멤버십,겨울,A,v1,False,False,3.244488724420381,2634.7499999451097,0.020275244945346882,0.06703910614515776,176.63128491595444,3581.242566687332
2025-01-30,meta,외부,META_CMP_01_신규유저,신규유저,논타겟,IMG_적립혜택_겨울_B_v1,33409,631,153477,41,8,428873,570,34,6,341497,IMG,적립혜택,겨울,B,v1,False,False,2.225069554395758,4514.029411631941,0.018887126223472155,0.05388272583192728,243.22820919137365,4593.881888113844
2025-01-30,meta,외부,META_CMP_01_신규유저,신규유저,논타겟,CRS_플러스멤버십_겨울_v1,32062,639,159451,51,10,486922,575,45,7,398020,CRS,플러스멤버십,겨울,N,v1,False,False,2.4961900521163085,3543.3555554768145,0.01993013536273408,0.0704225352111574,249.5320813767613,4973.208159191411
2025-01-30,meta,외부,META_CMP_02_룩얼라이크,룩얼라이크,유사타겟,VID_플러스멤버십_겨울_A_v1,50218,876,246679,54,11,563023,782,43,7,512648,VID,플러스멤버십,겨울,A,v1,False,False,2.078198792763056,5736.720930099146,0.017443944402405164,0.049086757990811546,281.5970319631489,4912.162969453087
2025-01-30,meta,외부,META_CMP_02_룩얼라이크,룩얼라이크,유사타겟,IMG_할인쿠폰_겨울_B_v1,39060,767,195172,55,14,745542,665,46,12,630660,IMG,할인쿠폰,겨울,B,v1,False,False,3.2313036706084723,4242.8695651251555,0.019636456733230424,0.05997392438062585,254.46153846120671,4996.72299027125
2025-01-30,meta,외부,META_CMP_02_룩얼라이크,룩얼라이크,유사타겟,CRS_특가_겨울_v1,47850,1091,186904,71,18,895066,940,55,15,810515,CRS,특가,겨울,N,v1,False,False,4.336531053374972,3398.254545392759,0.02280041797283129,0.050412465627818134,171.314390467304,3906.0397074189364
2025-01-30,meta,외부,META_CMP_03_재구매,재구매,VIP,IMG_배송혜택_겨울_A_v1,13765,332,66218,22,8,529284,319,16,7,483496,IMG,배송혜택,겨울,A,v1,False,False,7.301579630915954,4138.624999741336,0.02411914275335822,0.04819277108419219,199.45180722831492,4810.606610969501
2025-01-30,meta,외부,META_CMP_03_재구매,재구매,VIP,VID_적립혜택_겨울_B_v1,11259,230,54749,10,4,247974,213,9,3,229199,VID,적립혜택,겨울,B,v1,False,False,4.186359568211215,6083.222221546309,0.02042810196287233,0.039130434782438564,238.03913043374766,4862.6876276752055
2025-01-30,meta,외부,META_CMP_03_재구매,재구매,VIP,CRS_신상품_겨울_v1,12601,226,55126,11,6,354668,205,10,4,257768,CRS,신상품,겨울,N,v1,False,False,4.675978667053574,5512.59999944874,0.017935084517100394,0.04424778761042369,243.9203539812216,4374.732164113612
2025-01-30,meta,외부,META_CMP_03_재구매,재구매,윈백,IMG_배송혜택_겨울_A_v1,23228,663,116895,45,16,1084387,585,38,11,957606,IMG,배송혜택,겨울,A,v1,False,False,8.192018478121321,3076.184210445364,0.028543137592559473,0.057315233785735574,176.3122171943042,5032.503874633846
2025-01-30,meta,외부,META_CMP_03_재구매,재구매,윈백,VID_적립혜택_겨울_B_v1,22853,545,77697,30,17,1081260,491,26,14,861016,VID,적립혜택,겨울,B,v1,False,False,11.081714866725727,2988.3461537312173,0.023848072463132898,0.04770642201826109,142.563302752032,3399.859974620251
2025-01-30,meta,외부,META_CMP_03_재구매,재구매,윈백,CRS_신상품_겨울_v1,23729,559,105627,29,11,645315,494,25,9,479775,CRS,신상품,겨울,N,v1,False,False,4.54216251526594,4225.079999830997,0.023557672046861496,0.04472271914124379,188.9570661892863,4451.38859623227
2025-01-30,naver,자체,NVR_CMP_01_브랜드KW,브랜드KW,논타겟,TXT_플러스멤버십_겨울_A_v1,7212,922,54000,276,170,10493062,795,232,118,9536420,TXT,플러스멤버십,겨울,A,v1,False,False,176.6003703703671,232.75862068865192,0.12784248474762508,0.2516268980474494,58.56832971794081,7487.520798667846
2025-01-30,naver,자체,NVR_CMP_02_일반KW,일반KW,논타겟,TXT_할인쿠폰_겨울_A_v1,12536,859,90660,117,43,3182369,808,96,34,2800095,TXT,할인쿠폰,겨울,A,v1,False,False,30.885671740568817,944.3749999901627,0.06852265475430212,0.11175785797425872,105.54132712444058,7231.971920867323
2025-01-30,naver,자체,NVR_CMP_02_일반KW,일반KW,논타겟,TXT_플러스멤버십_겨울_B_v1,9939,702,70639,101,35,2051971,682,74,28,1682225,TXT,플러스멤버십,겨울,B,v1,False,False,23.814394314754967,954.5810810681813,0.07063084817385344,0.10541310541295526,100.62535612521279,7107.254250929961
2025-01-30,naver,자체,NVR_CMP_03_재구매,재구매,VIP,IMG_배송혜택_겨울_A_v1,5205,267,45700,28,15,1231908,240,23,10,941730,IMG,배송혜택,겨울,A,v1,False,False,20.606783369802613,1986.956521652741,0.051296829971171694,0.08614232209705565,171.16104868849754,8780.01921229418
2025-01-30,naver,자체,NVR_CMP_03_재구매,재구매,VIP,VID_적립혜택_겨울_B_v1,4761,292,34423,31,24,2704116,263,25,17,2142430,VID,적립혜택,겨울,B,v1,False,False,62.238329024197135,1376.9199999449231,0.06133165301405979,0.08561643835587118,117.88698630096614,7230.203738708836
2025-01-30,naver,자체,NVR_CMP_03_재구매,재구매,VIP,CRS_신상품_겨울_v1,4285,303,31734,26,22,1990992,264,21,15,1808613,CRS,신상품,겨울,N,v1,False,False,56.99290981281726,1511.142857070898,0.07071178529753308,0.06930693069284058,104.73267326698108,7405.83430571589
2025-01-30,naver,자체,NVR_CMP_03_재구매,재구매,윈백,IMG_배송혜택_겨울_A_v1,6376,473,47792,40,23,1874934,449,34,18,1490319,IMG,배송혜택,겨울,A,v1,False,False,31.183440743219972,1405.647058782187,0.07418444165619915,0.07188160676517573,101.04016913297878,7495.608531993806
2025-01-30,naver,자체,NVR_CMP_03_재구매,재구매,윈백,VID_적립혜택_겨울_B_v1,8780,640,81655,73,61,6308985,587,54,44,5422517,VID,적립혜택,겨울,B,v1,False,False,66.40765415467435,1512.1296296016274,0.07289293849657484,0.08437499999986817,127.58593749980065,9300.113895215341
2025-01-30,naver,자체,NVR_CMP_03_재구매,재구매,윈백,CRS_신상품_겨울_v1,8451,375,62998,26,18,1667669,354,23,16,1220324,CRS,신상품,겨울,N,v1,False,False,19.370837169433642,2739.0434781417807,0.04437344692935222,0.06133333333316978,167.99466666621868,7454.50242574755
2025-01-31,google,외부,GGL_CMP_01_플러스가입,플러스가입,논타겟,VID_플러스멤버십_겨울_A_v1,57201,1335,283909,178,53,3280551,1177,151,41,2389713,VID,플러스멤버십,겨울,A,v1,False,False,8.417179448344335,1880.1920529676809,0.023338752819006253,0.11310861423212501,212.66591760283697,4963.357283963481
2025-01-31,google,외부,GGL_CMP_01_플러스가입,플러스가입,논타겟,IMG_플러스멤버십_겨울_B_v1,58601,1661,269623,158,51,2333295,1606,128,35,1791487,IMG,플러스멤버십,겨울,B,v1,False,False,6.644414608545983,2106.4296874835436,0.028344226207743413,0.07706201083679888,162.32570740507987,4600.996570024324
2025-01-31,google,외부,GGL_CMP_01_플러스가입,플러스가입,논타겟,CRS_플러스멤버십_겨울_v1,57827,1667,313503,199,62,3271653,1554,147,43,2412880,CRS,플러스멤버십,겨울,N,v1,False,False,7.696513271005357,2132.6734693732474,0.028827364379960422,0.08818236352724164,188.06418716245466,5421.394850156408
2025-01-31,google,외부,GGL_CMP_01_플러스가입,플러스가입,논타겟,IMG_적립혜택_겨울_v2,45014,1269,219353,147,41,2459882,1220,106,35,2172698,IMG,적립혜택,겨울,N,v2,False,False,9.905029792161448,2069.3679245087797,0.028191229395298615,0.08353033884942196,172.85500393997413,4872.995068200896
2025-01-31,google,외부,GGL_CMP_01_플러스가입,플러스가입,유사타겟,VID_플러스멤버십_겨울_A_v1,44928,1462,258413,166,31,2007262,1356,134,22,1659065,VID,플러스멤버십,겨울,A,v1,False,False,6.42020718771886,1928.4552238662056,0.03254095441595369,0.09165526675780325,176.7530779752553,5751.713853276226
2025-01-31,google,외부,GGL_CMP_01_플러스가입,플러스가입,유사타겟,IMG_플러스멤버십_겨울_B_v1,55468,1938,280624,276,63,3248937,1788,211,48,3005975,IMG,플러스멤버십,겨울,B,v1,False,False,10.711753093106752,1329.9715639747396,0.034939063964807913,0.10887512899891183,144.80082559332052,5059.205307564631
2025-01-31,google,외부,GGL_CMP_01_플러스가입,플러스가입,유사타겟,CRS_플러스멤버십_겨울_v1,69708,1902,355668,285,75,3636457,1632,226,56,3324856,CRS,플러스멤버십,겨울,N,v1,False,False,9.348201131392171,1573.7522123824172,0.027285247030469566,0.11882229232380714,186.99684542576918,5102.255121363328
2025-01-31,google,외부,GGL_CMP_01_플러스가입,플러스가입,유사타겟,IMG_적립혜택_겨울_v2,53125,1581,296698,149,46,2989008,1387,120,34,2485013,IMG,적립혜택,겨울,N,v2,False,False,8.375563704507586,2472.4833333127294,0.029759999999999443,0.07590132827319677,187.66476913334114,5584.90352941166
2025-01-31,google,외부,GGL_CMP_02_리타겟팅,리타겟팅,리마케팅,VID_할인쿠폰_겨울_A_v1,25137,774,144310,87,31,1497320,735,75,26,1269915,VID,할인쿠폰,겨울,A,v1,False,False,8.799909916152666,1924.1333333076782,0.030791263873969417,0.09689922480607636,186.44702842353172,5740.939650713858
2025-01-31,google,외부,GGL_CMP_02_리타겟팅,리타겟팅,리마케팅,IMG_할인쿠폰_겨울_B_v1,26211,1168,171906,137,72,4711914,1033,124,56,4239826,IMG,할인쿠폰,겨울,B,v1,False,False,24.66363012343941,1386.338709666239,0.044561443668687015,0.10616438356155294,147.17979452042195,6558.544122696328
2025-01-31,google,외부,GGL_CMP_02_리타겟팅,리타겟팅,리마케팅,CRS_특가_겨울_v1,29111,801,149461,78,40,2254678,725,61,30,1984267,CRS,특가,겨울,N,v1,False,False,13.276152307290777,2450.1803278286857,0.027515372196076138,0.07615480649179007,186.5930087388432,5134.176084641368
2025-01-31,google,외부,GGL_CMP_03_첫구매,첫구매,논타겟,VID_적립혜택_겨울_A_v1,51834,1660,268394,176,88,6301083,1415,150,63,5485100,VID,적립혜택,겨울,A,v1,False,False,20.436745977927895,1789.2933333214048,0.032025311571554735,0.0903614457830781,161.68313253002307,5177.952695142085
2025-01-31,google,외부,GGL_CMP_03_첫구매,첫구매,논타겟,IMG_적립혜택_겨울_B_v1,48228,1114,246352,117,40,2613566,975,87,31,2351803,IMG,적립혜택,겨울,B,v1,False,False,9.546514743131741,2831.6321838754984,0.023098614912498486,0.07809694793529794,221.14183123858066,5108.070000829288
2025-01-31,google,외부,GGL_CMP_03_첫구매,첫구매,논타겟,CRS_할인쿠폰_겨울_v1,42025,888,215003,78,34,2128863,866,55,28,1840270,CRS,할인쿠폰,겨울,N,v1,False,False,8.559275917080187,3909.145454474379,0.02113027959547838,0.061936936936867186,242.12049549522283,5116.073765615583
2025-01-31,google,외부,GGL_CMP_03_첫구매,첫구매,유사타겟,VID_적립혜택_겨울_A_v1,68493,1699,343582,162,58,2985176,1585,123,44,2728323,VID,적립혜택,겨울,A,v1,False,False,7.940820531925398,2793.3495934732246,0.024805454571999695,0.07239552678041648,202.22601530300045,5016.308235878046
2025-01-31,google,외부,GGL_CMP_03_첫구매,첫구매,유사타겟,IMG_적립혜택_겨울_B_v1,42164,822,255076,66,29,1766586,714,48,21,1346136,IMG,적립혜택,겨울,B,v1,False,False,5.277391836158615,5314.083333222624,0.019495304050848605,0.05839416058387057,310.3114355227369,6049.615785978417
2025-01-31,google,외부,GGL_CMP_03_첫구매,첫구매,유사타겟,CRS_할인쿠폰_겨울_v1,41404,876,234347,91,30,1933907,777,64,25,1420030,CRS,할인쿠폰,겨울,N,v1,False,False,6.059518577152658,3661.671874942786,0.02115737609892713,0.07305936073051021,267.5194063923887,5660.00869481196
2025-01-31,meta,외부,META_CMP_01_신규유저,신규유저,논타겟,VID_플러스멤버십_겨울_A_v1,49204,898,191278,76,21,979548,866,56,16,800064,VID,플러스멤버십,겨울,A,v1,False,False,4.1827288031033145,3415.678571367577,0.018250548735874762,0.06236080178166775,213.0044543427472,3887.448174945048
2025-01-31,meta,외부,META_CMP_01_신규유저,신규유저,논타겟,IMG_적립혜택_겨울_B_v1,37791,677,171678,40,10,370075,585,31,7,304251,IMG,적립혜택,겨울,B,v1,False,False,1.772218921469252,5537.999999821355,0.017914318223915274,0.04579025110776102,253.58641063478052,4542.827657378621
2025-01-31,meta,외부,META_CMP_01_신규유저,신규유저,논타겟,CRS_플러스멤버십_겨울_v1,30610,504,149800,35,5,232241,430,28,4,205749,CRS,플러스멤버십,겨울,N,v1,False,False,1.3734913217623408,5349.999999808929,0.01646520744854569,0.05555555555544533,297.2222222216325,4893.825547206635
2025-01-31,meta,외부,META_CMP_02_룩얼라이크,룩얼라이크,유사타겟,VID_플러스멤버십_겨울_A_v1,41798,786,184987,69,17,1050284,747,56,14,942863,VID,플러스멤버십,겨울,A,v1,False,False,5.096914918345586,3303.3392856552978,0.018804727498922945,0.07124681933833175,235.35241730249956,4425.738073591932
2025-01-31,meta,외부,META_CMP_02_룩얼라이크,룩얼라이크,유사타겟,IMG_할인쿠폰_겨울_B_v1,31610,713,138605,71,20,1136215,645,54,15,1028176,IMG,할인쿠폰,겨울,B,v1,False,False,7.4180296526098815,2566.7592592117267,0.022556153116101787,0.07573632538558803,194.39691444573018,4384.846567541778
2025-01-31,meta,외부,META_CMP_02_룩얼라이크,룩얼라이크,유사타겟,CRS_특가_겨울_v1,48021,942,167242,78,17,868107,885,68,13,628953,CRS,특가,겨울,N,v1,False,False,3.760735939536697,2459.44117643442,0.019616417817204565,0.07218683651797007,177.53927813144634,3482.684658795038
2025-01-31,meta,외부,META_CMP_03_재구매,재구매,VIP,IMG_배송혜택_겨울_A_v1,13165,216,62552,8,3,204336,190,5,2,161137,IMG,배송혜택,겨울,A,v1,False,False,2.5760487274587134,12510.39999749792,0.01640714014432082,0.023148148148040983,289.5925925912519,4751.38625142387
2025-01-31,meta,외부,META_CMP_03_재구매,재구매,VIP,VID_적립혜택_겨울_B_v1,12280,315,57145,18,8,666707,303,13,6,508890,VID,적립혜택,겨울,B,v1,False,False,8.90524105346034,4395.769230431095,0.02565146579804351,0.041269841269710256,181.4126984121225,4653.501628664116
2025-01-31,meta,외부,META_CMP_03_재구매,재구매,VIP,CRS_신상품_겨울_v1,10192,170,44552,11,6,431439,165,8,4,331483,CRS,신상품,겨울,N,v1,False,False,7.440361824384822,5568.999999303875,0.01667974882260433,0.04705882352913495,262.0705882337525,4371.27158555687
2025-01-31,meta,외부,META_CMP_03_재구매,재구매,윈백,IMG_배송혜택_겨울_A_v1,17330,357,70582,17,10,610591,319,12,8,495998,IMG,배송혜택,겨울,A,v1,False,False,7.027259074551486,5881.833332843181,0.020600115406807812,0.033613445378057105,197.70868347283556,4072.821696479857
2025-01-31,meta,외부,META_CMP_03_재구매,재구매,윈백,VID_적립혜택_겨울_B_v1,25210,545,103508,34,19,1264297,494,26,13,1011318,VID,적립혜택,겨울,B,v1,False,False,9.770433203230573,3981.076922923805,0.02161840539468379,0.04770642201826109,189.92293577946805,4105.831019436569
2025-01-31,meta,외부,META_CMP_03_재구매,재구매,윈백,CRS_신상품_겨울_v1,24962,441,91215,30,17,983437,418,21,13,832989,CRS,신상품,겨울,N,v1,False,False,9.132149317546356,4343.571428364592,0.01766685361749789,0.04761904761893964,206.83673469340854,3654.154314557982
2025-01-31,naver,자체,NVR_CMP_01_브랜드KW,브랜드KW,논타겟,TXT_플러스멤버십_겨울_A_v1,10348,1243,72551,385,238,15905819,1097,278,185,11476424,TXT,플러스멤버십,겨울,A,v1,False,False,158.1842290250974,260.97482014294616,0.12011982991881329,0.2236524537407694,58.36765888973583,7011.113258600018
2025-01-31,naver,자체,NVR_CMP_02_일반KW,일반KW,논타겟,TXT_할인쿠폰_겨울_A_v1,14893,1134,136181,161,78,5891540,1027,142,58,5478769,TXT,할인쿠폰,겨울,A,v1,False,False,40.23152275280663,959.0211267538098,0.07614315450210997,0.12522045855368147,120.08906525562602,9143.960249781163
2025-01-31,naver,자체,NVR_CMP_02_일반KW,일반KW,논타겟,TXT_플러스멤버십_겨울_B_v1,9458,832,72325,127,62,3603204,777,97,44,2782716,TXT,플러스멤버십,겨울,B,v1,False,False,38.475160732802784,745.6185566933441,0.0879678578980664,0.11658653846139834,86.92908653835705,7646.965531824101
2025-01-31,naver,자체,NVR_CMP_03_재구매,재구매,VIP,IMG_배송혜택_겨울_A_v1,5609,254,38693,27,21,1514000,242,24,17,1208259,IMG,배송혜택,겨울,A,v1,False,False,31.22681105109371,1612.208333266158,0.045284364414326025,0.09448818897600596,152.3346456686916,6898.377607415421
2025-01-31,naver,자체,NVR_CMP_03_재구매,재구매,VIP,VID_적립혜택_겨울_B_v1,5124,238,35621,28,25,2541033,227,20,21,1887916,VID,적립혜택,겨울,B,v1,False,False,53.00008421998111,1781.0499999109475,0.04644808743168492,0.08403361344502508,149.6680672262619,6951.795472285919
2025-01-31,naver,자체,NVR_CMP_03_재구매,재구매,VIP,CRS_신상품_겨울_v1,4306,251,31776,25,21,1699926,223,21,15,1541241,CRS,신상품,겨울,N,v1,False,False,48.503304380663124,1513.1428570708026,0.05829075708312626,0.083665338645085,126.59760956124862,7379.470506268606
2025-01-31,naver,자체,NVR_CMP_03_재구매,재구매,윈백,IMG_배송혜택_겨울_A_v1,6484,463,60453,32,20,1908304,425,23,13,1733521,IMG,배송혜택,겨울,A,v1,False,False,28.675516516963118,2628.391304233548,0.07140653917333876,0.04967602591781928,130.56803455695342,9323.411474397082
2025-01-31,naver,자체,NVR_CMP_03_재구매,재구매,윈백,VID_적립혜택_겨울_B_v1,6797,514,45946,48,43,4583649,472,35,34,3913242,VID,적립혜택,겨울,B,v1,False,False,85.17046097592642,1312.7428571053504,0.07562159776370815,0.06809338521387531,89.38910505819184,6759.746947181586
2025-01-31,naver,자체,NVR_CMP_03_재구매,재구매,윈백,CRS_신상품_겨울_v1,7981,458,74137,34,26,2217963,425,29,20,1945665,CRS,신상품,겨울,N,v1,False,False,26.244183066484666,2556.4482757739156,0.057386292444548626,0.06331877729243816,161.87117903894787,9289.186818693235
2025-02-01,google,외부,GGL_CMP_01_플러스가입,플러스가입,논타겟,VID_플러스멤버십_겨울_A_v1,62451,1404,304916,127,43,2158715,1208,91,33,1956341,VID,플러스멤버십,겨울,A,v1,False,False,6.415999816342841,3350.7252746884533,0.022481625594465704,0.06481481481476865,217.1766381764835,4882.483867351926
2025-02-01,google,외부,GGL_CMP_01_플러스가입,플러스가입,논타겟,IMG_플러스멤버십_겨울_B_v1,39349,904,189118,115,27,1911162,846,93,21,1730657,IMG,플러스멤버십,겨울,B,v1,False,False,9.151201895113056,2033.5268816985642,0.022973900226180514,0.10287610619457646,209.2013274333969,4806.170423644698
2025-02-01,google,외부,GGL_CMP_01_플러스가입,플러스가입,논타겟,CRS_플러스멤버십_겨울_v1,59602,1276,317586,163,46,3206299,1090,146,35,2340867,CRS,플러스멤버십,겨울,N,v1,False,False,7.37081294515499,2175.246575327567,0.021408677561155307,0.1144200626958351,248.8918495295855,5328.445354182657
2025-02-01,google,외부,GGL_CMP_01_플러스가입,플러스가입,논타겟,IMG_적립혜택_겨울_v2,42216,939,199027,79,25,1211296,837,65,19,959612,IMG,적립혜택,겨울,N,v2,False,False,4.821516678641568,3061.953846106739,0.022242751563387765,0.06922257720972394,211.9563365279958,4714.492135683042
2025-02-01,google,외부,GGL_CMP_01_플러스가입,플러스가입,유사타겟,VID_플러스멤버십_겨울_A_v1,55544,1817,314926,206,46,2809960,1673,149,34,2476663,VID,플러스멤버십,겨울,A,v1,False,False,7.86426970145365,2113.5973154220565,0.032712804263286176,0.08200330214635003,173.3219592734324,5669.847328244173
2025-02-01,google,외부,GGL_CMP_01_플러스가입,플러스가입,유사타겟,IMG_플러스멤버십_겨울_B_v1,64676,1604,411570,160,51,2927515,1477,135,42,2318295,IMG,플러스멤버십,겨울,B,v1,False,False,5.632808513740055,3048.666666644084,0.024800544251344786,0.08416458852862584,256.5897755609373,6363.566083245619
2025-02-01,google,외부,GGL_CMP_01_플러스가입,플러스가입,유사타겟,CRS_플러스멤버십_겨울_v1,52152,1058,271395,134,46,2183678,930,107,32,1824676,CRS,플러스멤버십,겨울,N,v1,False,False,6.723322095101212,2536.401869135174,0.020286853811933958,0.1011342155008496,256.5170132322717,5203.923147721944
2025-02-01,google,외부,GGL_CMP_01_플러스가입,플러스가입,유사타겟,IMG_적립혜택_겨울_v2,45242,1522,229624,171,59,2730614,1465,138,45,2505781,IMG,적립혜택,겨울,N,v2,False,False,10.912539630003785,1663.9420289734499,0.03364130675036396,0.0906701708277985,150.8699080156696,5075.460854957671
2025-02-01,google,외부,GGL_CMP_02_리타겟팅,리타겟팅,리마케팅,VID_할인쿠폰_겨울_A_v1,40191,1149,251115,103,32,2053402,1029,85,22,1849262,VID,할인쿠폰,겨울,A,v1,False,False,7.364203651713329,2954.294117612302,0.028588489960438196,0.0739773716274378,218.5509138379299,6248.040606105689
2025-02-01,google,외부,GGL_CMP_02_리타겟팅,리타겟팅,리마케팅,IMG_할인쿠폰_겨울_B_v1,31402,1297,163223,117,66,3867529,1165,84,47,3299797,IMG,할인쿠폰,겨울,B,v1,False,False,20.21649522432488,1943.1309523578198,0.04130310171326536,0.06476484194289532,125.84656900530004,5197.853639895382
2025-02-01,google,외부,GGL_CMP_02_리타겟팅,리타겟팅,리마케팅,CRS_특가_겨울_v1,33131,1398,200523,119,67,4071308,1344,90,59,3742626,CRS,특가,겨울,N,v1,False,False,18.66432279588866,2228.0333333085773,0.04219613051220784,0.06437768240338743,143.43562231749397,6052.428239413056
2025-02-01,google,외부,GGL_CMP_03_첫구매,첫구매,논타겟,VID_적립혜택_겨울_A_v1,45266,1403,295968,156,59,3098539,1363,109,43,2592575,VID,적립혜택,겨울,A,v1,False,False,8.759646313114903,2715.302752268667,0.030994565457517102,0.0776906628652333,210.95367070548042,6538.417355189181
2025-02-01,google,외부,GGL_CMP_03_첫구매,첫구매,논타겟,IMG_적립혜택_겨울_B_v1,45734,1433,262918,164,47,2858251,1244,144,39,2542321,IMG,적립혜택,겨울,B,v1,False,False,9.669634638936818,1825.8194444317653,0.031333362487426616,0.1004884856942774,183.47383112338906,5748.852057550057
2025-02-01,google,외부,GGL_CMP_03_첫구매,첫구매,논타겟,CRS_할인쿠폰_겨울_v1,65512,1384,401581,135,49,2658224,1326,96,43,2068113,CRS,할인쿠폰,겨울,N,v1,False,False,5.149927411904435,4183.135416623092,0.021125900598363338,0.06936416184966086,290.1596820807152,6129.884601294326
2025-02-01,google,외부,GGL_CMP_03_첫구매,첫구매,유사타겟,VID_적립혜택_겨울_A_v1,63709,1232,383989,140,43,2657928,1154,121,29,1979176,VID,적립혜택,겨울,A,v1,False,False,5.1542518145050895,3173.4628098911285,0.019337927137452804,0.098214285714206,311.6793831166301,6027.233200960523
2025-02-01,google,외부,GGL_CMP_03_첫구매,첫구매,유사타겟,IMG_적립혜택_겨울_B_v1,45720,870,264390,76,32,1838059,753,65,24,1350577,IMG,적립혜택,겨울,B,v1,False,False,5.108275653390805,4067.5384614758837,0.0190288713910757,0.07471264367807505,303.8965517237886,5782.808398950005
2025-02-01,google,외부,GGL_CMP_03_첫구매,첫구매,유사타겟,CRS_할인쿠폰_겨울_v1,66381,2068,341931,160,80,4795234,1997,115,62,4041641,CRS,할인쿠폰,겨울,N,v1,False,False,11.820048489315061,2973.313043452406,0.031153492716288828,0.0556092843326617,165.34381044479431,5151.037194377832
2025-02-01,meta,외부,META_CMP_01_신규유저,신규유저,논타겟,VID_플러스멤버십_겨울_A_v1,48263,871,226580,70,13,504784,853,58,10,401876,VID,플러스멤버십,겨울,A,v1,False,False,1.7736605172565905,3906.5517240705767,0.018046951080537513,0.06659012629154237,260.13777267478747,4694.693657667267
2025-02-01,meta,외부,META_CMP_01_신규유저,신규유저,논타겟,IMG_적립혜택_겨울_B_v1,48101,856,229234,76,16,816444,823,57,13,635137,IMG,적립혜택,겨울,B,v1,False,False,2.7706928291614563,4021.6491227364627,0.017795887819379685,0.06658878504665118,267.79672897164977,4765.6805471818725
2025-02-01,meta,외부,META_CMP_01_신규유저,신규유저,논타겟,CRS_플러스멤버십_겨울_v1,33508,545,136210,45,13,498868,470,39,9,411039,CRS,플러스멤버십,겨울,N,v1,False,False,3.0176859261434332,3492.56410247455,0.016264772591619427,0.07155963302739164,249.9266055041286,4064.999403127491
2025-02-01,meta,외부,META_CMP_02_룩얼라이크,룩얼라이크,유사타겟,VID_플러스멤버십_겨울_A_v1,41526,821,146780,73,20,1037121,787,57,15,948240,VID,플러스멤버십,겨울,A,v1,False,False,6.460280692192353,2575.087719253069,0.019770746038625928,0.06942752740551836,178.7819732031927,3534.6529884890547
2025-02-01,meta,외부,META_CMP_02_룩얼라이크,룩얼라이크,유사타겟,IMG_할인쿠폰_겨울_B_v1,36601,699,159279,63,20,1044300,604,54,15,899401,IMG,할인쿠폰,겨울,B,v1,False,False,5.646701699533488,2949.611111056489,0.019097838856861313,0.07725321888400966,227.86695278937358,4351.766345181707
2025-02-01,meta,외부,META_CMP_02_룩얼라이크,룩얼라이크,유사타겟,CRS_특가_겨울_v1,48914,839,196707,74,16,917044,806,61,12,841334,CRS,특가,겨울,N,v1,False,False,4.277092325133299,3224.7049179799233,0.01715255346117641,0.07270560190694553,234.4541120378612,4021.486690926851
2025-02-01,meta,외부,META_CMP_03_재구매,재구매,VIP,IMG_배송혜택_겨울_A_v1,14032,353,65479,21,7,509661,301,19,4,465494,IMG,배송혜택,겨울,A,v1,False,False,7.109057865880556,3446.2631577133548,0.025156784492586577,0.05382436260607982,185.49291784650003,4666.405359178687
2025-02-01,meta,외부,META_CMP_03_재구매,재구매,VIP,VID_적립혜택_겨울_B_v1,13952,371,66789,17,10,653200,362,12,7,476860,VID,적립혜택,겨울,B,v1,False,False,7.139798469807795,5565.749999536188,0.026591169724768736,0.03234501347700176,180.02425875962257,4787.055619265712
2025-02-01,meta,외부,META_CMP_03_재구매,재구매,VIP,CRS_신상품_겨울_v1,11516,348,43785,22,9,716932,320,16,6,568665,CRS,신상품,겨울,N,v1,False,False,12.987667009249448,2736.562499828965,0.03021882598124086,0.045977011494120756,125.81896551687983,3802.101424105262
2025-02-01,meta,외부,META_CMP_03_재구매,재구매,윈백,IMG_배송혜택_겨울_A_v1,23413,661,112363,33,17,1336527,633,24,14,990730,IMG,배송혜택,겨울,A,v1,False,False,8.817226311152169,4681.791666471592,0.02823217870413752,0.036308623297978355,169.98940998461424,4799.171400503788
2025-02-01,meta,외부,META_CMP_03_재구매,재구매,윈백,VID_적립혜택_겨울_B_v1,22309,565,86686,31,12,799423,499,26,9,710877,VID,적립혜택,겨울,B,v1,False,False,8.200597559005972,3334.076922948689,0.02532610157335491,0.0460176991149628,153.4265486722948,3885.6963557306967
2025-02-01,meta,외부,META_CMP_03_재구매,재구매,윈백,CRS_신상품_겨울_v1,24362,657,121119,32,12,879720,636,27,9,773205,CRS,신상품,겨울,N,v1,False,False,6.383845639412426,4485.888888722745,0.026968229209423406,0.041095890410896355,184.3515981732354,4971.6361546669
2025-02-01,naver,자체,NVR_CMP_01_브랜드KW,브랜드KW,논타겟,TXT_플러스멤버십_겨울_A_v1,8631,1093,74451,214,84,6295863,1053,168,61,5479519,TXT,플러스멤버십,겨울,A,v1,False,False,73.5989979986827,443.16071428307646,0.12663654269492217,0.1537053979870506,68.11619396151133,8625.999304830422
2025-02-01,naver,자체,NVR_CMP_02_일반KW,일반KW,논타겟,TXT_할인쿠폰_겨울_A_v1,12045,915,112597,108,52,3892291,883,82,41,2869647,TXT,할인쿠폰,겨울,A,v1,False,False,25.48599873886493,1373.134146324718,0.07596513075964499,0.08961748633869987,123.0568306009584,9348.028227479506
2025-02-01,naver,자체,NVR_CMP_02_일반KW,일반KW,논타겟,TXT_플러스멤버십_겨울_B_v1,15352,1200,100256,192,81,4705082,1097,169,72,3630083,TXT,플러스멤버십,겨울,B,v1,False,False,36.20813716884739,593.230769227259,0.0781657113079678,0.14083333333321596,83.54666666659705,6530.4846274096835
2025-02-01,naver,자체,NVR_CMP_03_재구매,재구매,VIP,IMG_배송혜택_겨울_A_v1,4229,269,29988,18,10,703415,250,15,7,587884,IMG,배송혜택,겨울,A,v1,False,False,19.603974923302,1999.19999986672,0.06360841806572154,0.055762081784179324,111.4795539029313,7091.038070464154
2025-02-01,naver,자체,NVR_CMP_03_재구매,재구매,VIP,VID_적립혜택_겨울_B_v1,5269,292,48018,29,21,2268113,285,25,17,2100731,VID,적립혜택,겨울,B,v1,False,False,43.748823357906545,1920.7199999231711,0.05541848548110544,0.08561643835587118,164.44520547888888,9113.304232300416
2025-02-01,naver,자체,NVR_CMP_03_재구매,재구매,VIP,CRS_신상품_겨울_v1,5984,300,45387,35,30,2500041,268,31,21,2251507,CRS,신상품,겨울,N,v1,False,False,49.60686980853439,1464.0967741463194,0.05013368983956381,0.10333333333298889,151.2899999994957,7584.725935827609
2025-02-01,naver,자체,NVR_CMP_03_재구매,재구매,윈백,IMG_배송혜택_겨울_A_v1,10899,540,88527,40,36,3725103,494,32,26,3313565,IMG,배송혜택,겨울,A,v1,False,False,37.429993109446414,2766.468749913548,0.04954582989264615,0.05925925925914952,163.9388888885853,8122.488301678308
2025-02-01,naver,자체,NVR_CMP_03_재구매,재구매,윈백,VID_적립혜택_겨울_B_v1,8964,593,77953,61,44,4936463,539,50,30,4195743,VID,적립혜택,겨울,B,v1,False,False,53.82400933895996,1559.0599999688188,0.06615350290048347,0.08431703204032999,131.45531197279686,8696.229361891043
2025-02-01,naver,자체,NVR_CMP_03_재구매,재구매,윈백,CRS_신상품_겨울_v1,8422,473,79589,36,26,2436211,405,27,22,1829728,CRS,신상품,겨울,N,v1,False,False,22.989709633240484,2947.740740631565,0.05616243172642411,0.05708245243116896,168.26427061275209,9450.130610305217
2025-02-02,google,외부,GGL_CMP_01_플러스가입,플러스가입,논타겟,VID_플러스멤버십_겨울_A_v1,57193,1162,342101,141,48,3072643,1095,113,40,2820615,VID,플러스멤버십,겨울,A,v1,False,False,8.244977360487084,3027.4424778493144,0.020317171681848822,0.0972461273665256,294.4070567983697,5981.518717325443
2025-02-02,google,외부,GGL_CMP_01_플러스가입,플러스가입,논타겟,IMG_플러스멤버십_겨울_B_v1,66604,1518,359305,181,53,2813752,1402,161,47,2111127,IMG,플러스멤버십,겨울,B,v1,False,False,5.87558480956289,2231.7080745203,0.022791423938501847,0.10606060606053619,236.69631093528545,5394.645967209096
2025-02-02,google,외부,GGL_CMP_01_플러스가입,플러스가입,논타겟,CRS_플러스멤버십_겨울_v1,52788,1609,268786,132,37,2352575,1442,95,33,1997121,CRS,플러스멤버십,겨울,N,v1,False,False,7.430152612115187,2829.326315759691,0.030480412214896748,0.059042883778707866,167.05158483519762,5091.801166931782
2025-02-02,google,외부,GGL_CMP_01_플러스가입,플러스가입,논타겟,IMG_적립혜택_겨울_v2,52483,1642,315508,163,46,2983908,1433,120,37,2458575,IMG,적립혜택,겨울,N,v2,False,False,7.792433155419173,2629.233333311423,0.03128632128498693,0.07308160779532699,192.1485992690669,6011.622811195892
2025-02-02,google,외부,GGL_CMP_01_플러스가입,플러스가입,유사타겟,VID_플러스멤버십_겨울_A_v1,39790,824,257900,100,34,1858266,744,85,24,1471917,VID,플러스멤버십,겨울,A,v1,False,False,5.707316789453254,3034.117647023128,0.020708720784116095,0.10315533980570006,312.98543689282405,6481.528022115947
2025-02-02,google,외부,GGL_CMP_01_플러스가입,플러스가입,유사타겟,IMG_플러스멤버십_겨울_B_v1,39059,980,232635,140,37,1815796,884,104,33,1548749,IMG,플러스멤버십,겨울,B,v1,False,False,6.657420422550318,2236.8749999784914,0.025090248086227885,0.10612244897948354,237.38265306098228,5955.989656673087
2025-02-02,google,외부,GGL_CMP_01_플러스가입,플러스가입,유사타겟,CRS_플러스멤버십_겨울_v1,46603,1475,258764,122,35,2485184,1265,95,25,2292224,CRS,플러스멤버십,겨울,N,v1,False,False,8.858357422207074,2723.8315789186963,0.031650322940582544,0.06440677966097329,175.43322033886412,5552.518078235188
2025-02-02,google,외부,GGL_CMP_01_플러스가입,플러스가입,유사타겟,IMG_적립혜택_겨울_v2,52463,1013,275245,84,28,1665790,974,76,20,1416559,IMG,적립혜택,겨울,N,v2,False,False,5.14653853839305,3621.644736794452,0.0193088462344887,0.07502467917070581,271.7127344518542,5246.459409488492
2025-02-02,google,외부,GGL_CMP_02_리타겟팅,리타겟팅,리마케팅,VID_할인쿠폰_겨울_A_v1,25030,728,129143,96,53,3206089,673,86,44,2900648,VID,할인쿠폰,겨울,A,v1,False,False,22.460745065547318,1501.6627906802132,0.02908509788253979,0.11813186813170587,177.3942307689871,5159.528565720929
2025-02-02,google,외부,GGL_CMP_02_리타겟팅,리타겟팅,리마케팅,IMG_할인쿠폰_겨울_B_v1,24950,689,154735,53,17,999323,671,48,14,784917,IMG,할인쿠폰,겨울,B,v1,False,False,5.072653245871942,3223.645833266174,0.027615230460920737,0.06966618287362893,224.57910014481195,6201.80360721418
2025-02-02,google,외부,GGL_CMP_02_리타겟팅,리타겟팅,리마케팅,CRS_특가_겨울_v1,27065,861,129829,94,52,2999641,799,86,45,2750496,CRS,특가,겨울,N,v1,False,False,21.185528656925484,1509.639534866167,0.03181230371328166,0.09988385598130095,150.78861788600372,4796.933308701097
2025-02-02,google,외부,GGL_CMP_03_첫구매,첫구매,논타겟,VID_적립혜택_겨울_A_v1,64822,1667,340669,145,43,2802416,1490,113,31,2498894,VID,적립혜택,겨울,A,v1,False,False,7.335255042284425,3014.769911477745,0.025716577705099726,0.06778644271141704,204.3605278942985,5255.45339545208
2025-02-02,google,외부,GGL_CMP_03_첫구매,첫구매,논타겟,IMG_적립혜택_겨울_B_v1,41920,987,217494,111,54,3938217,955,94,46,2917210,IMG,적립혜택,겨울,B,v1,False,False,13.41282977921224,2313.765957422194,0.023544847328243714,0.09523809523799874,220.3586626137585,5188.311068702166
2025-02-02,google,외부,GGL_CMP_03_첫구매,첫구매,논타겟,CRS_할인쿠폰_겨울_v1,52176,1432,266370,130,52,3353519,1290,106,37,2640112,CRS,할인쿠폰,겨울,N,v1,False,False,9.91144648421365,2512.92452827818,0.027445568843912384,0.0740223463686634,186.01256983227233,5105.220791168255
2025-02-02,google,외부,GGL_CMP_03_첫구매,첫구매,유사타겟,VID_적립혜택_겨울_A_v1,49950,1022,323543,87,32,1628552,871,62,25,1381059,VID,적립혜택,겨울,A,v1,False,False,4.268548539143161,5218.4354837867995,0.020460460460460052,0.06066536203516569,316.5782778861873,6477.337337337209
2025-02-02,google,외부,GGL_CMP_03_첫구매,첫구매,유사타겟,IMG_적립혜택_겨울_B_v1,45557,1475,277699,154,67,4312012,1261,139,50,3636615,IMG,적립혜택,겨울,B,v1,False,False,13.095527891710042,1997.834532359728,0.03237702219197857,0.09423728813552933,188.27050847444863,6095.638430976445
2025-02-02,google,외부,GGL_CMP_03_첫구매,첫구매,유사타겟,CRS_할인쿠폰_겨울_v1,63946,1639,371530,168,66,3288649,1457,124,58,2404039,CRS,할인쿠폰,겨울,N,v1,False,False,6.470645708287335,2996.2096773951916,0.02563100115722601,0.07565588773637849,226.6809029894895,5810.058486848187
2025-02-02,meta,외부,META_CMP_01_신규유저,신규유저,논타겟,VID_플러스멤버십_겨울_A_v1,47062,933,216520,66,11,494282,877,59,7,454488,VID,플러스멤버십,겨울,A,v1,False,False,2.0990578237576107,3669.830508412376,0.019824911818451835,0.06323687031075752,232.06859592686808,4600.739450087021
2025-02-02,meta,외부,META_CMP_01_신규유저,신규유저,논타겟,IMG_적립혜택_겨울_B_v1,48644,888,169407,51,9,459734,756,46,6,397564,IMG,적립혜택,겨울,B,v1,False,False,2.346797948136722,3682.760869485158,0.018255077707425002,0.051801801801743465,190.7736486484338,3482.5877806100757
2025-02-02,meta,외부,META_CMP_01_신규유저,신규유저,논타겟,CRS_플러스멤버십_겨울_v1,49399,562,185930,46,12,707092,549,40,9,633508,CRS,플러스멤버십,겨울,N,v1,False,False,3.407239283601337,4648.249999883794,0.011376748517176231,0.07117437722407265,330.8362989317957,3763.841373307076
2025-02-02,meta,외부,META_CMP_02_룩얼라이크,룩얼라이크,유사타겟,VID_플러스멤버십_겨울_A_v1,28619,404,107996,34,10,485481,373,30,8,370433,VID,플러스멤버십,겨울,A,v1,False,False,3.4300622245268024,3599.8666665466712,0.014116496034102725,0.07425742574239046,267.31683168250663,3773.576994304351
2025-02-02,meta,외부,META_CMP_02_룩얼라이크,룩얼라이크,유사타겟,IMG_할인쿠폰_겨울_B_v1,48321,993,184489,85,20,966547,879,76,17,795009,IMG,할인쿠폰,겨울,B,v1,False,False,4.30924878990073,2427.4868420733224,0.0205500713975286,0.07653575025168526,185.78952668662055,3817.988038326943
2025-02-02,meta,외부,META_CMP_02_룩얼라이크,룩얼라이크,유사타겟,CRS_특가_겨울_v1,41740,808,167978,69,16,868977,710,57,11,790304,CRS,특가,겨울,N,v1,False,False,4.704806581814258,2946.9824560886495,0.01935793004312364,0.07054455445535823,207.89356435617836,4024.389075227504
2025-02-02,meta,외부,META_CMP_03_재구매,재구매,VIP,IMG_배송혜택_겨울_A_v1,11731,222,45868,15,6,459830,215,11,4,358569,IMG,배송혜택,겨울,A,v1,False,False,7.817410831080322,4169.818181439107,0.01892421788423673,0.049549549549326354,206.61261261168193,3909.982098712479
2025-02-02,meta,외부,META_CMP_03_재구매,재구매,VIP,VID_적립혜택_겨울_B_v1,12309,220,43827,14,8,685496,202,11,5,636871,VID,적립혜택,겨울,B,v1,False,False,14.531476030756965,3984.2727269105208,0.017873100983019103,0.049999999999772726,199.21363636273085,3560.565439921719
2025-02-02,meta,외부,META_CMP_03_재구매,재구매,VIP,CRS_신상품_겨울_v1,11592,207,43402,13,5,396906,197,9,4,322288,CRS,신상품,겨울,N,v1,False,False,7.425648587622519,4822.444443908617,0.017857142857141316,0.04347826086935518,209.67149758352818,3744.13388543791
2025-02-02,meta,외부,META_CMP_03_재구매,재구매,윈백,IMG_배송혜택_겨울_A_v1,15467,382,53036,26,15,901640,335,20,12,828790,IMG,배송혜택,겨울,A,v1,False,False,15.626932649520786,2651.79999986741,0.024697743583110835,0.05235602094227132,138.83769633471508,3428.9778237535766
2025-02-02,meta,외부,META_CMP_03_재구매,재구매,윈백,VID_적립혜택_겨울_B_v1,17813,529,87439,26,10,754029,476,19,7,552979,VID,적립혜택,겨울,B,v1,False,False,6.324168849140471,4602.052631336734,0.029697412002468438,0.03591682419652946,165.2911153115968,4908.718351765288
2025-02-02,meta,외부,META_CMP_03_재구매,재구매,윈백,CRS_신상품_겨울_v1,15954,304,71242,16,9,504821,268,13,7,378669,CRS,신상품,겨울,N,v1,False,False,5.315249431515043,5480.153845732296,0.019054782499685403,0.04276315789459618,234.34868420975545,4465.463206719038
2025-02-02,naver,자체,NVR_CMP_01_브랜드KW,브랜드KW,논타겟,TXT_플러스멤버십_겨울_A_v1,10787,1068,92674,242,129,9759338,931,219,98,7320793,TXT,플러스멤버십,겨울,A,v1,False,False,78.99511189761876,423.16894976975726,0.09900806526373421,0.2050561797750889,86.77340823961913,8591.267266152907
2025-02-02,naver,자체,NVR_CMP_02_일반KW,일반KW,논타겟,TXT_할인쿠폰_겨울_A_v1,9004,612,68609,99,45,3304330,529,74,36,2770231,TXT,할인쿠폰,겨울,A,v1,False,False,40.377078808902034,927.1486486361196,0.06796979120390183,0.12091503267954098,112.10620915014361,7619.83562860866
2025-02-02,naver,자체,NVR_CMP_02_일반KW,일반KW,논타겟,TXT_플러스멤버십_겨울_B_v1,8792,775,81894,152,63,3676460,720,121,53,3174274,TXT,플러스멤버십,겨울,B,v1,False,False,38.7607639143278,676.8099173497784,0.08814831665149134,0.15612903225786307,105.66967741921849,9314.604185622233
2025-02-02,naver,자체,NVR_CMP_03_재구매,재구매,VIP,IMG_배송혜택_겨울_A_v1,5404,286,51670,26,22,1673896,263,20,15,1429154,IMG,배송혜택,겨울,A,v1,False,False,27.65926069285799,2583.499999870825,0.05292376017763639,0.06993006992982542,180.66433566370398,9561.435973351301
2025-02-02,naver,자체,NVR_CMP_03_재구매,재구매,VIP,VID_적립혜택_겨울_B_v1,4073,305,39090,35,22,1547670,291,25,17,1345302,VID,적립혜택,겨울,B,v1,False,False,34.4155026861081,1563.599999937456,0.07488337834518172,0.08196721311448536,128.16393442580932,9597.348391846404
2025-02-02,naver,자체,NVR_CMP_03_재구매,재구매,VIP,CRS_신상품_겨울_v1,5188,253,39881,29,18,1985717,228,22,15,1614819,CRS,신상품,겨울,N,v1,False,False,40.49093553321029,1812.7727271903284,0.048766383962982114,0.08695652173878674,157.63241106657063,7687.162683113398
2025-02-02,naver,자체,NVR_CMP_03_재구매,재구매,윈백,IMG_배송혜택_겨울_A_v1,7872,422,58593,38,30,2351301,370,28,21,2124300,IMG,배송혜택,겨울,A,v1,False,False,36.25518406635543,2092.6071427824068,0.05360772357722896,0.0663507109003167,138.84597156365203,7443.216463413688
2025-02-02,naver,자체,NVR_CMP_03_재구매,재구매,윈백,VID_적립혜택_겨울_B_v1,9244,579,85795,57,46,4009186,540,42,32,2978089,VID,적립혜택,겨울,B,v1,False,False,34.711684830117896,2042.7380951894588,0.06263522284724549,0.07253886010350166,148.17789291856965,9281.15534400592
2025-02-02,naver,자체,NVR_CMP_03_재구매,재구매,윈백,CRS_신상품_겨울_v1,9208,474,83473,53,39,2794289,416,43,27,2237390,CRS,신상품,겨울,N,v1,False,False,26.80375690342953,1941.23255809439,0.05147697654213168,0.09071729957786769,176.10337552705465,9065.269331015523
2025-02-03,google,외부,GGL_CMP_01_플러스가입,플러스가입,논타겟,VID_플러스멤버십_겨울_A_v1,69471,1544,373376,201,50,3117116,1367,173,40,2346345,VID,플러스멤버십,겨울,A,v1,False,False,6.2841344917723525,2158.2427745539985,0.022225101121330883,0.11204663212427976,241.82383419673457,5374.559168573859
2025-02-03,google,외부,GGL_CMP_01_플러스가입,플러스가입,논타겟,IMG_플러스멤버십_겨울_B_v1,64702,2080,312846,230,60,4072249,1803,208,44,3729912,IMG,플러스멤버십,겨울,B,v1,False,False,11.92251778830475,1504.0673076850767,0.03214738338845736,0.09999999999995192,150.40673076915846,4835.182838242948
2025-02-03,google,외부,GGL_CMP_01_플러스가입,플러스가입,논타겟,CRS_플러스멤버십_겨울_v1,73383,2302,464295,297,93,4311305,1959,264,64,3876062,CRS,플러스멤버십,겨울,N,v1,False,False,8.348274265283907,1758.6931818115202,0.03136966327350978,0.114682884448256,201.69200695039024,6327.010342994886
2025-02-03,google,외부,GGL_CMP_01_플러스가입,플러스가입,논타겟,IMG_적립혜택_겨울_v2,61048,2083,295876,192,42,2818983,1868,172,33,2519983,IMG,적립혜택,겨울,N,v2,False,False,8.517024023577417,1720.2093023155803,0.03412069191455848,0.08257321171383458,142.0432069130379,4846.612501637976
2025-02-03,google,외부,GGL_CMP_01_플러스가입,플러스가입,유사타겟,VID_플러스멤버십_겨울_A_v1,67722,2089,341145,185,51,3507395,1816,146,40,2980726,VID,플러스멤버십,겨울,A,v1,False,False,8.737416641017724,2336.6095890250917,0.030846696789816736,0.06988989947339881,163.3054092866619,5037.432444404993
2025-02-03,google,외부,GGL_CMP_01_플러스가입,플러스가입,유사타겟,IMG_플러스멤버십_겨울_B_v1,54654,1550,296938,233,70,4819529,1514,197,49,3920348,IMG,플러스멤버십,겨울,B,v1,False,False,13.202581010177164,1507.2994923781357,0.02836022980934555,0.12709677419346638,191.57290322568286,5433.0515607273865
2025-02-03,google,외부,GGL_CMP_01_플러스가입,플러스가입,유사타겟,CRS_플러스멤버십_겨울_v1,79296,1703,415359,184,39,1737400,1599,161,34,1464327,CRS,플러스멤버십,겨울,N,v1,False,False,3.5254490693592686,2579.8695652013675,0.02147649313962846,0.0945390487374665,243.8984145623935,5238.082627118578
2025-02-03,google,외부,GGL_CMP_01_플러스가입,플러스가입,유사타겟,IMG_적립혜택_겨울_v2,55625,1891,363490,280,78,5331620,1850,250,54,3989854,IMG,적립혜택,겨울,N,v2,False,False,10.976516547910505,1453.9599999941843,0.03399550561797692,0.13220518244308185,192.2210470649433,6534.651685393142
2025-02-03,google,외부,GGL_CMP_02_리타겟팅,리타겟팅,리마케팅,VID_할인쿠폰_겨울_A_v1,36302,1189,171667,166,87,5428352,1159,127,72,4989958,VID,할인쿠폰,겨울,A,v1,False,False,29.067660062795827,1351.7086614066793,0.032753016362733936,0.10681244743472934,144.37931034470617,4728.8579141643795
2025-02-03,google,외부,GGL_CMP_02_리타겟팅,리타겟팅,리마케팅,IMG_할인쿠폰_겨울_B_v1,30931,1149,190489,88,48,2663415,1001,78,34,2074405,IMG,할인쿠폰,겨울,B,v1,False,False,10.889893904634857,2442.1666666353567,0.03714719860334172,0.0678851174934135,165.7867711051647,6158.514112055667
2025-02-03,google,외부,GGL_CMP_02_리타겟팅,리타겟팅,리마케팅,CRS_특가_겨울_v1,41755,1826,228698,245,80,4045368,1624,195,62,2947033,CRS,특가,겨울,N,v1,False,False,12.886133678475488,1172.810256404242,0.04373128966590723,0.10679079956182541,125.24534501636076,5477.140462219963
2025-02-03,google,외부,GGL_CMP_03_첫구매,첫구매,논타겟,VID_적립혜택_겨울_A_v1,79062,2284,427551,153,61,3193481,2231,128,51,2312190,VID,적립혜택,겨울,A,v1,False,False,5.407986415655664,3340.242187473905,0.02888872024487075,0.056042031523618197,187.1939579683944,5407.793883281407
2025-02-03,google,외부,GGL_CMP_03_첫구매,첫구매,논타겟,IMG_적립혜택_겨울_B_v1,63827,1982,334201,128,55,3821394,1771,112,47,3380654,IMG,적립혜택,겨울,B,v1,False,False,10.115631012474498,2983.9374999733577,0.03105268930076565,0.05650857719472426,168.61806256298254,5236.044307268002
2025-02-03,google,외부,GGL_CMP_03_첫구매,첫구매,논타겟,CRS_할인쿠폰_겨울_v1,64921,1469,420324,149,59,3728040,1299,134,52,2750574,CRS,할인쿠폰,겨울,N,v1,False,False,6.543937533902403,3136.7462686333083,0.022627501116741538,0.09121851599721496,286.12933968666704,6474.391953296985
2025-02-03,google,외부,GGL_CMP_03_첫구매,첫구매,유사타겟,VID_적립혜택_겨울_A_v1,75606,1684,417295,116,53,3857782,1454,83,40,2902368,VID,적립혜택,겨울,A,v1,False,False,6.955194766292415,5027.650602349065,0.022273364547786917,0.049287410926336525,247.79988123500723,5519.337089648897
2025-02-03,google,외부,GGL_CMP_03_첫구매,첫구매,유사타겟,IMG_적립혜택_겨울_B_v1,81185,2369,511475,150,41,2985264,2281,125,29,2541912,IMG,적립혜택,겨울,B,v1,False,False,4.969767828339596,4091.7999999672656,0.029180267290755322,0.05276487969605202,215.90333474030567,6300.117016690197
2025-02-03,google,외부,GGL_CMP_03_첫구매,첫구매,유사타겟,CRS_할인쿠폰_겨울_v1,84068,2052,531434,216,64,3333750,1932,160,54,2457116,CRS,할인쿠폰,겨울,N,v1,False,False,4.6235581464490325,3321.462499979241,0.02440881191416443,0.07797270955161892,258.98343079909404,6321.477851263187
2025-02-03,meta,외부,META_CMP_01_신규유저,신규유저,논타겟,VID_플러스멤버십_겨울_A_v1,39638,816,133439,67,12,451439,702,51,9,370166,VID,플러스멤버십,겨울,A,v1,False,False,2.7740465680947644,2616.450980340854,0.020586306069932375,0.06249999999992341,163.5281862743094,3366.4412937079733
2025-02-03,meta,외부,META_CMP_01_신규유저,신규유저,논타겟,IMG_적립혜택_겨울_B_v1,42964,899,188061,51,10,518964,865,36,7,374342,IMG,적립혜택,겨울,B,v1,False,False,1.9905349859885784,5223.916666521558,0.02092449492598406,0.04004449388204667,209.18909899865497,4377.176240573402
2025-02-03,meta,외부,META_CMP_01_신규유저,신규유저,논타겟,CRS_플러스멤버십_겨울_v1,42289,560,152314,40,11,576831,527,28,7,454251,CRS,플러스멤버십,겨울,N,v1,False,False,2.9823325498640774,5439.785714091437,0.013242214287403032,0.04999999999991071,271.98928571380003,3601.7404053062596
2025-02-03,meta,외부,META_CMP_02_룩얼라이크,룩얼라이크,유사타겟,VID_플러스멤버십_겨울_A_v1,67997,976,301043,79,20,1011194,865,62,17,884231,VID,플러스멤버십,겨울,A,v1,False,False,2.937224914713171,4855.532257986201,0.014353574422400777,0.06352459016386934,308.44569672099544,4427.298263158604
2025-02-03,meta,외부,META_CMP_02_룩얼라이크,룩얼라이크,유사타겟,IMG_할인쿠폰_겨울_B_v1,53462,1051,266587,68,19,759081,901,52,15,645346,IMG,할인쿠폰,겨울,B,v1,False,False,2.420770705248184,5126.673076824487,0.019658823089296704,0.04947668886769793,253.6508087533267,4986.476375743426
2025-02-03,meta,외부,META_CMP_02_룩얼라이크,룩얼라이크,유사타겟,CRS_특가_겨울_v1,62507,841,290298,73,12,675149,724,60,10,537358,CRS,특가,겨울,N,v1,False,False,1.8510565005614856,4838.299999919362,0.013454493096772947,0.07134363852547997,345.18192627782975,4644.247844241371
2025-02-03,meta,외부,META_CMP_03_재구매,재구매,VIP,IMG_배송혜택_겨울_A_v1,17461,452,60601,21,12,826877,427,16,9,727913,IMG,배송혜택,겨울,A,v1,False,False,12.011567465883203,3787.562499763277,0.025886260809803226,0.03539823008841726,134.0730088492609,3470.6488746347018
2025-02-03,meta,외부,META_CMP_03_재구매,재구매,VIP,VID_적립혜택_겨울_B_v1,13987,425,51468,25,9,590555,386,20,7,530177,VID,적립혜택,겨울,B,v1,False,False,10.301099712442483,2573.39999987133,0.03038535783227065,0.04705882352930104,121.1011764703033,3679.7025809677784
2025-02-03,meta,외부,META_CMP_03_재구매,재구매,VIP,CRS_신상품_겨울_v1,20213,462,98447,25,9,710806,417,17,6,559057,CRS,신상품,겨울,N,v1,False,False,5.678761160827595,5790.999999659353,0.022856577450154708,0.03679653679645715,213.08874458828336,4870.479394448876
2025-02-03,meta,외부,META_CMP_03_재구매,재구매,윈백,IMG_배송혜택_겨울_A_v1,33963,857,136906,33,19,1443915,747,27,13,1068378,IMG,배송혜택,겨울,A,v1,False,False,7.803733948840754,5070.592592404792,0.02523334216647454,0.031505250875109095,159.75029171509948,4031.033772045932
2025-02-03,meta,외부,META_CMP_03_재구매,재구매,윈백,VID_적립혜택_겨울_B_v1,24537,453,96349,18,8,511666,441,14,5,420677,VID,적립혜택,겨울,B,v1,False,False,4.366179202690175,6882.071428079852,0.018461914659493074,0.030905077262624935,212.69094922690357,3926.6821534823357
2025-02-03,meta,외부,META_CMP_03_재구매,재구매,윈백,CRS_신상품_겨울_v1,29773,668,147421,29,18,1003823,651,20,13,823242,CRS,신상품,겨울,N,v1,False,False,5.584292604174402,7371.0499996314475,0.02243643569677149,0.02994011976043422,220.69011976014866,4951.499680918787
2025-02-03,naver,자체,NVR_CMP_01_브랜드KW,브랜드KW,논타겟,TXT_플러스멤버십_겨울_A_v1,9827,1115,92557,316,157,8635344,992,232,128,7457932,TXT,플러스멤버십,겨울,A,v1,False,False,80.57663926013072,398.95258620517694,0.1134629083138177,0.20807174887873717,83.01076233176411,9418.642515517511
2025-02-03,naver,자체,NVR_CMP_02_일반KW,일반KW,논타겟,TXT_할인쿠폰_겨울_A_v1,15079,944,102751,127,55,4104146,908,99,49,3009390,TXT,할인쿠폰,겨울,A,v1,False,False,29.288182110149492,1037.8888888784052,0.06260362092976572,0.10487288135582111,108.84639830496944,6814.17865906182
2025-02-03,naver,자체,NVR_CMP_02_일반KW,일반KW,논타겟,TXT_플러스멤버십_겨울_B_v1,15249,1173,107814,163,52,3984660,1044,146,46,3527337,TXT,플러스멤버십,겨울,B,v1,False,False,32.71687350436833,738.4520547894627,0.07692307692307188,0.12446717817551196,91.91304347818252,7070.234113711911
2025-02-03,naver,자체,NVR_CMP_03_재구매,재구매,VIP,IMG_배송혜택_겨울_A_v1,6972,426,52007,33,17,1417928,397,30,12,1197433,IMG,배송혜택,겨울,A,v1,False,False,23.024458246004905,1733.5666666088812,0.06110154905334751,0.0704225352111023,122.08215962412658,7459.4090648296815
2025-02-03,naver,자체,NVR_CMP_03_재구매,재구매,VIP,VID_적립혜택_겨울_B_v1,5684,396,45264,37,18,1649082,341,32,14,1215496,VID,적립혜택,겨울,B,v1,False,False,26.853481795686932,1414.499999955797,0.06966924700913622,0.08080808080787676,114.30303030274166,7963.406052074602
2025-02-03,naver,자체,NVR_CMP_03_재구매,재구매,VIP,CRS_신상품_겨울_v1,6713,416,62101,50,30,2668429,395,43,22,2001448,CRS,신상품,겨울,N,v1,False,False,32.22891740873686,1444.2093022919953,0.06196931327274512,0.10336538461513614,149.28124999964115,9250.856546996984
2025-02-03,naver,자체,NVR_CMP_03_재구매,재구매,윈백,IMG_배송혜택_겨울_A_v1,13597,584,97750,60,37,3893802,533,43,27,3065230,IMG,배송혜택,겨울,A,v1,False,False,31.35785166240377,2273.2558139006223,0.04295065087886718,0.07363013698617529,167.38013698601478,7189.0858277555935
2025-02-03,naver,자체,NVR_CMP_03_재구매,재구매,윈백,VID_적립혜택_겨울_B_v1,14525,903,117888,103,78,8658413,837,74,65,7571383,VID,적립혜택,겨울,B,v1,False,False,64.22522224484202,1593.0810810595528,0.0621686746987909,0.08194905869315398,130.55149501646673,8116.213425128528
2025-02-03,naver,자체,NVR_CMP_03_재구매,재구매,윈백,CRS_신상품_겨울_v1,9190,634,67122,71,47,4933432,539,53,33,3578265,CRS,신상품,겨울,N,v1,False,False,53.30986859747842,1266.452830164784,0.06898803046789238,0.08359621451090915,105.87066246040084,7303.808487485603
2025-02-04,google,외부,GGL_CMP_01_플러스가입,플러스가입,논타겟,VID_플러스멤버십_겨울_A_v1,60003,1909,274403,218,73,3508336,1777,179,59,3084798,VID,플러스멤버십,겨울,A,v1,False,False,11.24185231211025,1532.977653622721,0.03181507591287049,0.09376636982708551,143.74174960704886,4573.154675599478
2025-02-04,google,외부,GGL_CMP_01_플러스가입,플러스가입,논타겟,IMG_플러스멤버십_겨울_B_v1,42055,999,210573,131,34,1648312,865,119,24,1487148,IMG,플러스멤버십,겨울,B,v1,False,False,7.06238691570141,1769.5210083884913,0.023754607062179914,0.11911911911899989,210.7837837835728,5007.085958863274
2025-02-04,google,외부,GGL_CMP_01_플러스가입,플러스가입,논타겟,CRS_플러스멤버십_겨울_v1,56734,1437,288980,190,52,3187313,1342,149,39,2854479,CRS,플러스멤버십,겨울,N,v1,False,False,9.877773548342413,1939.4630872353057,0.02532872704198496,0.10368823938754093,201.0995128739032,5093.594669862779
2025-02-04,google,외부,GGL_CMP_01_플러스가입,플러스가입,논타겟,IMG_적립혜택_겨울_v2,39639,948,223737,115,38,1730372,894,83,26,1270539,IMG,적립혜택,겨울,N,v2,False,False,5.6787165287815355,2695.6265059916186,0.023915840460152278,0.0875527426159414,236.0094936706371,5644.36539771423
2025-02-04,google,외부,GGL_CMP_01_플러스가입,플러스가입,유사타겟,VID_플러스멤버십_겨울_A_v1,43501,1212,281376,119,37,2617335,1083,94,31,2155154,VID,플러스멤버십,겨울,A,v1,False,False,7.659338394177159,2993.361702095815,0.02786142847290803,0.07755775577551356,232.1584158413926,6468.265097353935
2025-02-04,google,외부,GGL_CMP_01_플러스가입,플러스가입,유사타겟,IMG_플러스멤버십_겨울_B_v1,56488,1576,328308,172,36,2398617,1506,137,25,2186097,IMG,플러스멤버십,겨울,B,v1,False,False,6.658677217734546,2396.408759106596,0.027899730916300314,0.08692893401009713,208.31725888311655,5811.995468063911
2025-02-04,google,외부,GGL_CMP_01_플러스가입,플러스가입,유사타겟,CRS_플러스멤버십_겨울_v1,47104,1092,274073,132,26,1746668,960,93,18,1342942,CRS,플러스멤버십,겨울,N,v1,False,False,4.899942715991707,2947.0215053446555,0.0231827445652169,0.08516483516475717,250.98260073237088,5818.465523097702
2025-02-04,google,외부,GGL_CMP_01_플러스가입,플러스가입,유사타겟,IMG_적립혜택_겨울_v2,43536,1463,239504,152,47,2934314,1247,131,37,2525343,IMG,적립혜택,겨울,N,v2,False,False,10.544053543990872,1828.2748091463493,0.03360437339213448,0.08954203691039676,163.70745044418067,5501.2862918043575
2025-02-04,google,외부,GGL_CMP_02_리타겟팅,리타겟팅,리마케팅,VID_할인쿠폰_겨울_A_v1,36903,1330,165631,151,56,3361418,1131,129,45,2680074,VID,할인쿠폰,겨울,A,v1,False,False,16.180992688566658,1283.9612403001245,0.0360404303173174,0.09699248120293459,124.53458646607179,4488.280085629773
2025-02-04,google,외부,GGL_CMP_02_리타겟팅,리타겟팅,리마케팅,IMG_할인쿠폰_겨울_B_v1,40891,1142,199062,126,70,4512688,1012,103,55,3400632,IMG,할인쿠폰,겨울,B,v1,False,False,17.08328058594801,1932.6407766802656,0.02792790589616229,0.09019264448328354,174.30998248671253,4868.112787654866
2025-02-04,google,외부,GGL_CMP_02_리타겟팅,리타겟팅,리마케팅,CRS_특가_겨울_v1,27091,1009,139136,97,37,1749253,895,68,30,1498752,CRS,특가,겨울,N,v1,False,False,10.771849126034882,2046.1176470287335,0.03724484146026218,0.06739345887010169,137.89494549044807,5135.875382968324
2025-02-04,google,외부,GGL_CMP_03_첫구매,첫구매,논타겟,VID_적립혜택_겨울_A_v1,55389,1306,266234,85,39,2763934,1258,63,31,2423769,VID,적립혜택,겨울,A,v1,False,False,9.10390483559572,4225.93650786943,0.023578688909349808,0.048238897396594,203.85451761086995,4806.622253515955
2025-02-04,google,외부,GGL_CMP_03_첫구매,첫구매,논타겟,IMG_적립혜택_겨울_B_v1,65986,1822,419053,195,69,3453078,1697,160,60,2669194,IMG,적립혜택,겨울,B,v1,False,False,6.369585708728953,2619.081249983631,0.027611917679507353,0.08781558726669166,229.99615806793085,6350.634983178154
2025-02-04,google,외부,GGL_CMP_03_첫구매,첫구매,논타겟,CRS_할인쿠폰_겨울_v1,55366,1226,269972,89,31,1968893,1156,76,24,1579167,CRS,할인쿠폰,겨울,N,v1,False,False,5.849373268338917,3552.2631578479964,0.022143553805584255,0.06199021207172758,220.20554649247944,4876.133367048281
2025-02-04,google,외부,GGL_CMP_03_첫구매,첫구매,유사타겟,VID_적립혜택_겨울_A_v1,63377,1984,345809,188,86,5897663,1928,134,60,4246652,VID,적립혜택,겨울,A,v1,False,False,12.280339725108334,2580.664179085219,0.031304732000567534,0.06754032258061111,174.2988911289444,5456.380074790453
2025-02-04,google,외부,GGL_CMP_03_첫구매,첫구매,유사타겟,IMG_적립혜택_겨울_B_v1,39529,721,174903,56,15,927946,681,51,10,739842,IMG,적립혜택,겨울,B,v1,False,False,4.230013207320606,3429.4705881680497,0.018239773330971737,0.07073509015246777,242.58391123406022,4424.675554655963
2025-02-04,google,외부,GGL_CMP_03_첫구매,첫구매,유사타겟,CRS_할인쿠폰_겨울_v1,59810,1917,360778,159,53,3613125,1703,112,37,2709070,CRS,할인쿠폰,겨울,N,v1,False,False,7.508966733004764,3221.2321428283817,0.03205149640528286,0.05842462180487302,188.19926969212926,6032.068216017288
2025-02-04,meta,외부,META_CMP_01_신규유저,신규유저,논타겟,VID_플러스멤버십_겨울_A_v1,40914,834,205058,72,12,611963,812,62,10,560392,VID,플러스멤버십,겨울,A,v1,False,False,2.732846316651861,3307.3870967208486,0.020384220560198948,0.07434052757784851,245.87290167836227,5011.927457593855
2025-02-04,meta,외부,META_CMP_01_신규유저,신규유저,논타겟,IMG_적립혜택_겨울_B_v1,33799,420,154721,28,7,366269,371,19,5,268581,IMG,적립혜택,겨울,B,v1,False,False,1.7359052746556594,8143.2105258872,0.012426403148021764,0.04523809523798753,368.38333333245623,4577.679813012084
2025-02-04,meta,외부,META_CMP_01_신규유저,신규유저,논타겟,CRS_플러스멤버십_겨울_v1,46833,629,188637,40,6,278044,572,29,4,252590,CRS,플러스멤버십,겨울,N,v1,False,False,1.339026808102327,6504.724137706734,0.013430700574381026,0.04610492845779634,299.8998410170113,4027.8649670103555
2025-02-04,meta,외부,META_CMP_02_룩얼라이크,룩얼라이크,유사타겟,VID_플러스멤버십_겨울_A_v1,45946,1055,222025,91,25,1081619,933,77,22,821483,VID,플러스멤버십,겨울,A,v1,False,False,3.699957212025656,2883.441558404111,0.022961737692072805,0.07298578199045215,210.45023696662517,4832.303138466791
2025-02-04,meta,외부,META_CMP_02_룩얼라이크,룩얼라이크,유사타겟,IMG_할인쿠폰_겨울_B_v1,46779,998,235439,55,14,825551,920,47,11,718451,IMG,할인쿠폰,겨울,B,v1,False,False,3.051537765620806,5009.340425425334,0.02133435943478866,0.04709418837670632,235.91082164305018,5033.006263494196
2025-02-04,meta,외부,META_CMP_02_룩얼라이크,룩얼라이크,유사타겟,CRS_특가_겨울_v1,48111,755,168799,53,15,772052,678,47,12,643552,CRS,특가,겨울,N,v1,False,False,3.8125344344456793,3591.468085029969,0.01569287688886085,0.06225165562905662,223.57483443678996,3508.5323522686394
2025-02-04,meta,외부,META_CMP_03_재구매,재구매,VIP,IMG_배송혜택_겨울_A_v1,11244,285,45468,16,7,607642,270,11,5,550997,IMG,배송혜택,겨울,A,v1,False,False,12.118346969296823,4133.454545078776,0.025346851654213326,0.03859649122793475,159.5368421047034,4043.75667022376
2025-02-04,meta,외부,META_CMP_03_재구매,재구매,VIP,VID_적립혜택_겨울_B_v1,13928,307,69294,12,5,291923,297,10,3,243240,VID,적립혜택,겨울,B,v1,False,False,3.510260628625804,6929.39999930706,0.022041929925328687,0.03257328990217403,225.71335504812473,4975.157955197805
2025-02-04,meta,외부,META_CMP_03_재구매,재구매,VIP,CRS_신상품_겨울_v1,13963,403,54972,28,18,1055406,360,23,15,948525,CRS,신상품,겨울,N,v1,False,False,17.25469329840615,2390.0869564178224,0.02886199240850613,0.05707196029762513,136.40694789048038,3936.976294492306
2025-02-04,meta,외부,META_CMP_03_재구매,재구매,윈백,IMG_배송혜택_겨울_A_v1,21928,660,102865,44,20,1628553,636,40,15,1350248,IMG,배송혜택,겨울,A,v1,False,False,13.126408399358255,2571.6249999357096,0.030098504195547698,0.06060606060596878,155.85606060582447,4691.034294053052
2025-02-04,meta,외부,META_CMP_03_재구매,재구매,윈백,VID_적립혜택_겨울_B_v1,21950,438,94050,31,17,1304626,417,25,12,1168499,VID,적립혜택,겨울,B,v1,False,False,12.42423179160008,3761.99999984952,0.019954441913438727,0.05707762557064594,214.72602739677004,4284.738041002082
2025-02-04,meta,외부,META_CMP_03_재구매,재구매,윈백,CRS_신상품_겨울_v1,19403,573,82246,38,15,983371,517,32,10,840289,CRS,신상품,겨울,N,v1,False,False,10.21677649976886,2570.187499919682,0.029531515744986366,0.05584642233847147,143.53577661406015,4238.829047054361
2025-02-04,naver,자체,NVR_CMP_01_브랜드KW,브랜드KW,논타겟,TXT_플러스멤버십_겨울_A_v1,8749,1418,81057,276,101,8243777,1298,199,71,6060523,TXT,플러스멤버십,겨울,A,v1,False,False,74.76865662434984,407.3216080381542,0.1620756657903575,0.14033850493643135,57.162905500664905,9264.715967538088
2025-02-04,naver,자체,NVR_CMP_02_일반KW,일반KW,논타겟,TXT_할인쿠폰_겨울_A_v1,16002,1095,123209,204,80,4207536,1046,143,54,3136406,TXT,할인쿠폰,겨울,A,v1,False,False,25.455981300067158,861.6013985953734,0.06842894638169801,0.13059360730581682,112.51963470309359,7699.60004999327
2025-02-04,naver,자체,NVR_CMP_02_일반KW,일반KW,논타겟,TXT_플러스멤버십_겨울_B_v1,10223,965,67761,128,62,3886125,865,100,51,3043011,TXT,플러스멤버십,겨울,B,v1,False,False,44.908000177092354,677.6099999932238,0.09439499168540601,0.10362694300507397,70.21865284966817,6628.289151911706
2025-02-04,naver,자체,NVR_CMP_03_재구매,재구매,VIP,IMG_배송혜택_겨울_A_v1,5036,243,39136,24,16,1537959,207,19,10,1210562,IMG,배송혜택,겨울,A,v1,False,False,30.932185200326277,2059.7894735758005,0.048252581413810905,0.07818930041120087,161.05349794172406,7771.247021444048
2025-02-04,naver,자체,NVR_CMP_03_재구매,재구매,VIP,VID_적립혜택_겨울_B_v1,3880,254,35524,22,15,1105402,238,18,11,1021376,VID,적립혜택,겨울,B,v1,False,False,28.751717148968904,1973.5555554459136,0.06546391752575632,0.07086614173200446,139.85826771598482,9155.670103090424
2025-02-04,naver,자체,NVR_CMP_03_재구매,재구매,VIP,CRS_신상품_겨울_v1,5368,224,35019,21,18,1620889,206,15,15,1410623,CRS,신상품,겨울,N,v1,False,False,40.281647105855676,2334.59999984436,0.041728763040230675,0.06696428571398677,156.33482142787352,6523.658718329633
2025-02-04,naver,자체,NVR_CMP_03_재구매,재구매,윈백,IMG_배송혜택_겨울_A_v1,11280,641,99230,51,46,3262800,570,44,39,2497597,IMG,배송혜택,겨울,A,v1,False,False,25.16977728509498,2255.227272676018,0.056826241134746734,0.0686427457097213,154.80499219944647,8796.985815602056
2025-02-04,naver,자체,NVR_CMP_03_재구매,재구매,윈백,VID_적립혜택_겨울_B_v1,8517,351,58008,41,33,3631397,318,33,25,3146233,VID,적립혜택,겨울,B,v1,False,False,54.23791545993563,1757.8181817649147,0.0412116942585369,0.09401709401682616,165.26495726448644,6810.848890453585
2025-02-04,naver,자체,NVR_CMP_03_재구매,재구매,윈백,CRS_신상품_겨울_v1,8396,616,71298,43,31,3092020,562,38,23,2331929,CRS,신상품,겨울,N,v1,False,False,32.706794019467125,1876.2631578453618,0.07336827060504128,0.061688311688211546,115.7435064933186,8491.900905191937
2025-02-05,google,외부,GGL_CMP_01_플러스가입,플러스가입,논타겟,VID_플러스멤버십_겨울_A_v1,48079,1188,223148,110,35,1731655,1084,77,29,1540183,VID,플러스멤버십,겨울,A,v1,False,False,6.9020694785523204,2898.0259739883372,0.02470933255683303,0.06481481481476026,187.83501683485872,4641.2778967947625
2025-02-05,google,외부,GGL_CMP_01_플러스가입,플러스가입,논타겟,IMG_플러스멤버십_겨울_B_v1,68378,2187,307463,207,50,3139170,2099,155,38,2722174,IMG,플러스멤버십,겨울,B,v1,False,False,8.85366369286708,1983.6322580517187,0.03198397145280599,0.07087334247824835,140.58664837670756,4496.519348328344
2025-02-05,google,외부,GGL_CMP_01_플러스가입,플러스가입,논타겟,CRS_플러스멤버십_겨울_v1,68584,1435,322774,192,65,3865952,1301,149,54,2800158,CRS,플러스멤버십,겨울,N,v1,False,False,8.675289831275107,2166.2684563613,0.020923247404642176,0.10383275261316806,224.92961672458193,4706.258019363048
2025-02-05,google,외부,GGL_CMP_01_플러스가입,플러스가입,논타겟,IMG_적립혜택_겨울_v2,55830,1713,323626,153,40,2066792,1580,121,27,1602141,IMG,적립혜택,겨울,N,v2,False,False,4.9505942044211375,2674.5950413002097,0.030682428801718956,0.07063631056621679,188.92352597770642,5796.632634784062
2025-02-05,google,외부,GGL_CMP_01_플러스가입,플러스가입,유사타겟,VID_플러스멤버십_겨울_A_v1,69805,1755,368774,256,85,5786558,1519,188,68,4973978,VID,플러스멤버십,겨울,A,v1,False,False,13.48787604332189,1961.5638297768003,0.02514146551106618,0.10712250712244609,210.1276353275156,5282.916696511636
2025-02-05,google,외부,GGL_CMP_01_플러스가입,플러스가입,유사타겟,IMG_플러스멤버십_겨울_B_v1,53221,1899,277883,190,37,2431823,1659,150,29,1869517,IMG,플러스멤버십,겨울,B,v1,False,False,6.72771274241315,1852.553333320983,0.03568140395708394,0.07898894154814166,146.33122696148166,5221.3036207511095
2025-02-05,google,외부,GGL_CMP_01_플러스가입,플러스가입,유사타겟,CRS_플러스멤버십_겨울_v1,43363,930,257717,76,15,985085,804,64,12,711093,CRS,플러스멤버십,겨울,N,v1,False,False,2.759200984025102,4026.8281249370807,0.02144685561423284,0.06881720430100127,277.1150537631429,5943.246546594887
2025-02-05,google,외부,GGL_CMP_01_플러스가입,플러스가입,유사타겟,IMG_적립혜택_겨울_v2,67552,1453,434063,206,65,3197242,1324,165,45,2562429,IMG,적립혜택,겨울,N,v2,False,False,5.903357346744584,2630.6848484689053,0.021509355755565764,0.11355815554018338,298.73571920144616,6425.612861203126
2025-02-05,google,외부,GGL_CMP_02_리타겟팅,리타겟팅,리마케팅,VID_할인쿠폰_겨울_A_v1,35641,1278,219852,108,37,2146790,1229,77,29,1990817,VID,할인쿠폰,겨울,A,v1,False,False,9.055259902115928,2855.220779183698,0.035857579753653494,0.06025039123625959,172.0281690139499,6168.513790297518
2025-02-05,google,외부,GGL_CMP_02_리타겟팅,리타겟팅,리마케팅,IMG_할인쿠폰_겨울_B_v1,34309,1018,207827,132,54,2710632,900,94,41,2447268,IMG,할인쿠폰,겨울,B,v1,False,False,11.775505588782922,2210.925531891373,0.02967151476288934,0.09233791748517452,204.15225933182305,6057.506776647351
2025-02-05,google,외부,GGL_CMP_02_리타겟팅,리타겟팅,리마케팅,CRS_특가_겨울_v1,38556,967,226618,131,55,3337235,930,113,38,2833740,CRS,특가,겨울,N,v1,False,False,12.504478902823198,2005.469026530925,0.025080402531382277,0.11685625646316768,234.35160289531092,5877.632534495127
2025-02-05,google,외부,GGL_CMP_03_첫구매,첫구매,논타겟,VID_적립혜택_겨울_A_v1,64585,1991,375968,206,63,4190703,1766,179,48,3044511,VID,적립혜택,겨울,A,v1,False,False,8.097792897267832,2100.3798882564224,0.030827591546024144,0.08990457056750883,188.83375188338078,5821.289773167054
2025-02-05,google,외부,GGL_CMP_03_첫구매,첫구매,논타겟,IMG_적립혜택_겨울_B_v1,40689,763,258848,54,22,1310716,687,43,18,1196150,IMG,적립혜택,겨울,B,v1,False,False,4.621051736926673,6019.720930092565,0.018751996854186177,0.05635648754907424,339.25032765355274,6361.621076949388
2025-02-05,google,외부,GGL_CMP_03_첫구매,첫구매,논타겟,CRS_할인쿠폰_겨울_v1,48515,1238,248377,98,48,3065810,1114,87,39,2654998,CRS,할인쿠폰,겨울,N,v1,False,False,10.689387503673808,2854.908045944196,0.025517881067710493,0.07027463651044405,200.62762520177657,5119.591878800266
2025-02-05,google,외부,GGL_CMP_03_첫구매,첫구매,유사타겟,VID_적립혜택_겨울_A_v1,68973,1833,403783,172,65,3324904,1674,133,51,2834769,VID,적립혜택,겨울,A,v1,False,False,7.020525876522768,3035.962405992211,0.026575616545604416,0.07255864702669255,220.28532460435338,5854.218317312486
2025-02-05,google,외부,GGL_CMP_03_첫구매,첫구매,유사타겟,IMG_적립혜택_겨울_B_v1,46802,1007,233858,79,31,1793964,974,71,24,1422950,IMG,적립혜택,겨울,B,v1,False,False,6.084675315789898,3293.7746478409326,0.02151617452245585,0.07050645481621598,232.23237338606532,4996.752275543674
2025-02-05,google,외부,GGL_CMP_03_첫구매,첫구매,유사타겟,CRS_할인쿠폰_겨울_v1,48609,1452,269239,123,41,2510077,1358,106,35,1880670,CRS,할인쿠폰,겨울,N,v1,False,False,6.985132168816528,2539.990566013774,0.029871011541072027,0.07300275482088636,185.4263085398172,5538.871402415077
2025-02-05,meta,외부,META_CMP_01_신규유저,신규유저,논타겟,VID_플러스멤버십_겨울_A_v1,48801,693,220304,44,10,438020,660,36,7,382025,VID,플러스멤버십,겨울,A,v1,False,False,1.734081087951187,6119.555555385568,0.01420052867769074,0.05194805194797699,317.89898989853117,4514.333722669525
2025-02-05,meta,외부,META_CMP_01_신규유저,신규유저,논타겟,IMG_적립혜택_겨울_B_v1,51478,903,190759,74,19,772429,843,59,13,634714,IMG,적립혜택,겨울,B,v1,False,False,3.327308279032689,3233.2033897757087,0.017541474027739666,0.06533776301210927,211.25027685469408,3705.641244803534
2025-02-05,meta,외부,META_CMP_01_신규유저,신규유저,논타겟,CRS_플러스멤버십_겨울_v1,36222,610,154409,33,7,295664,595,29,6,213080,CRS,플러스멤버십,겨울,N,v1,False,False,1.3799713747255578,5324.448275678467,0.016840594114073855,0.047540983606479445,253.12950819630635,4262.851305836115
2025-02-05,meta,외부,META_CMP_02_룩얼라이크,룩얼라이크,유사타겟,VID_플러스멤버십_겨울_A_v1,34160,775,168023,58,18,943308,686,47,13,689283,VID,플러스멤버십,겨울,A,v1,False,False,4.102313373764282,3574.957446732448,0.02268735362997592,0.06064516129024433,216.8038709674622,4918.706088992831
2025-02-05,meta,외부,META_CMP_02_룩얼라이크,룩얼라이크,유사타겟,IMG_할인쿠폰_겨울_B_v1,40178,932,175178,70,16,660266,814,54,13,482948,IMG,할인쿠폰,겨울,B,v1,False,False,2.756898697324991,3244.0370369769626,0.02319677435412357,0.05793991416302796,187.95922746760948,4360.0477873462005
2025-02-05,meta,외부,META_CMP_02_룩얼라이크,룩얼라이크,유사타겟,CRS_특가_겨울_v1,50748,791,217276,52,15,909269,742,38,13,762857,CRS,특가,겨울,N,v1,False,False,3.511004436753238,5717.789473533743,0.015586821155513212,0.048040455120040404,274.6852085963658,4281.469220461806
2025-02-05,meta,외부,META_CMP_03_재구매,재구매,VIP,IMG_배송혜택_겨울_A_v1,8894,187,39213,9,4,246017,173,7,2,205682,IMG,배송혜택,겨울,A,v1,False,False,5.2452502996453925,5601.857142056878,0.021025410389023946,0.03743315508001373,209.69518716465404,4408.927366763614
2025-02-05,meta,외부,META_CMP_03_재구매,재구매,VIP,VID_적립혜택_겨울_B_v1,15176,280,65109,13,5,404159,268,9,4,372003,VID,적립혜택,겨울,B,v1,False,False,5.7135419066487625,7234.333332529519,0.0184501845018438,0.03214285714274235,232.5321428563124,4290.260938323386
2025-02-05,meta,외부,META_CMP_03_재구매,재구매,VIP,CRS_신상품_겨울_v1,9509,254,47585,12,5,284874,243,8,3,215018,CRS,신상품,겨울,N,v1,False,False,4.518608805295692,5948.124999256484,0.026711536439160088,0.031496062992001986,187.3425196843018,5004.2065411709955
2025-02-05,meta,외부,META_CMP_03_재구매,재구매,윈백,IMG_배송혜택_겨울_A_v1,16886,328,59783,15,6,439414,304,11,4,325639,IMG,배송혜택,겨울,A,v1,False,False,5.447016710435986,5434.818181324107,0.01942437522207631,0.033536585365751416,182.26524390188334,3540.3884875042318
2025-02-05,meta,외부,META_CMP_03_재구매,재구매,윈백,VID_적립혜택_겨울_B_v1,15733,415,64560,26,12,893109,373,21,8,808423,VID,적립혜택,겨울,B,v1,False,False,12.522041511771802,3074.2857141393197,0.026377677493165552,0.05060240963843229,155.5662650598661,4103.476768575344
2025-02-05,meta,외부,META_CMP_03_재구매,재구매,윈백,CRS_신상품_겨울_v1,20893,573,88591,28,13,967790,549,23,9,839776,CRS,신상품,겨울,N,v1,False,False,9.479247327606535,3851.7826085281836,0.02742545350117133,0.04013961605577637,154.6090750433602,4240.223998468183
2025-02-05,naver,자체,NVR_CMP_01_브랜드KW,브랜드KW,논타겟,TXT_플러스멤버십_겨울_A_v1,9545,1442,72623,405,175,11423058,1301,305,130,8778483,TXT,플러스멤버십,겨울,A,v1,False,False,120.87744929292205,238.1081967205308,0.1510738606600156,0.21151178918154542,50.36269070731598,7608.486118385793
2025-02-05,naver,자체,NVR_CMP_02_일반KW,일반KW,논타겟,TXT_할인쿠폰_겨울_A_v1,13359,1062,86535,208,67,4772075,965,182,51,3781815,TXT,할인쿠폰,겨울,A,v1,False,False,43.702721442190516,475.4670329644205,0.07949696833594734,0.17137476459494222,81.48305084738091,6477.655513136726
2025-02-05,naver,자체,NVR_CMP_02_일반KW,일반KW,논타겟,TXT_플러스멤버십_겨울_B_v1,11700,942,101993,183,53,3047642,828,142,47,2500564,TXT,플러스멤버십,겨울,B,v1,False,False,24.517015873638144,718.2605633752236,0.08051282051281362,0.15074309978752576,108.27282377907827,8717.350427349682
2025-02-05,naver,자체,NVR_CMP_03_재구매,재구매,VIP,IMG_배송혜택_겨울_A_v1,4326,306,36615,31,25,2653804,299,24,21,1960880,IMG,배송혜택,겨울,A,v1,False,False,53.5540079202498,1525.6249999364322,0.07073509015254953,0.0784313725487633,119.65686274470701,8463.938973645754
2025-02-05,naver,자체,NVR_CMP_03_재구매,재구매,VIP,VID_적립혜택_겨울_B_v1,6747,298,58193,20,10,1098892,270,15,8,855474,VID,적립혜택,겨울,B,v1,False,False,14.700634096884253,3879.5333330746976,0.04416777827181797,0.05033557046962975,195.2785234892776,8625.018526751353
2025-02-05,naver,자체,NVR_CMP_03_재구매,재구매,VIP,CRS_신상품_겨울_v1,6747,330,49908,32,18,1322002,282,27,15,1216646,CRS,신상품,겨울,N,v1,False,False,24.377775106194914,1848.4444443759835,0.04891062694530177,0.08181818181793389,151.23636363590535,7397.0653623821845
2025-02-05,naver,자체,NVR_CMP_03_재구매,재구매,윈백,IMG_배송혜택_겨울_A_v1,11384,536,92818,65,56,4462810,511,48,46,3276373,IMG,배송혜택,겨울,A,v1,False,False,35.29889676571317,1933.7083332930479,0.04708362614194948,0.08955223880580307,173.16791044743812,8153.3731553049765
2025-02-05,naver,자체,NVR_CMP_03_재구매,재구매,윈백,VID_적립혜택_겨울_B_v1,6848,476,47744,35,23,2356610,449,25,20,1818326,VID,적립혜택,겨울,B,v1,False,False,38.084911193028695,1909.7599999236095,0.06950934579438237,0.05252100840325101,100.30252100819264,6971.962616821411
2025-02-05,naver,자체,NVR_CMP_03_재구매,재구매,윈백,CRS_신상품_겨울_v1,6347,450,56186,43,21,1918050,385,31,14,1443794,CRS,신상품,겨울,N,v1,False,False,25.696686007189946,1812.4516128447597,0.07089963762406319,0.0688888888887358,124.85777777750032,8852.371198990253
2025-02-06,google,외부,GGL_CMP_01_플러스가입,플러스가입,논타겟,VID_플러스멤버십_겨울_A_v1,42865,1434,267281,175,40,2030367,1251,126,29,1734803,VID,플러스멤버십,겨울,A,v1,False,False,6.490558625566328,2121.277777760942,0.03345386679108752,0.0878661087865496,186.38842398871242,6235.413507523476
2025-02-06,google,외부,GGL_CMP_01_플러스가입,플러스가입,논타겟,IMG_플러스멤버십_겨울_B_v1,63398,1290,331593,105,27,1781137,1210,82,21,1433492,IMG,플러스멤버십,겨울,B,v1,False,False,4.3230466264366125,4043.817073121417,0.020347645036120694,0.06356589147281894,257.04883720910306,5230.338496482456
2025-02-06,google,외부,GGL_CMP_01_플러스가입,플러스가입,논타겟,CRS_플러스멤버십_겨울_v1,55826,1960,361486,209,60,3825287,1856,180,47,3081698,CRS,플러스멤버십,겨울,N,v1,False,False,8.525082575812041,2008.2555555443987,0.035109088954966595,0.09183673469383069,184.43163265296712,6475.226596926047
2025-02-06,google,외부,GGL_CMP_01_플러스가입,플러스가입,논타겟,IMG_적립혜택_겨울_v2,55104,1515,340027,146,41,2218357,1346,121,31,1772352,IMG,적립혜택,겨울,N,v2,False,False,5.212386075223423,2810.140495844544,0.027493466898954207,0.07986798679862715,224.4402640262545,6170.640969802444
2025-02-06,google,외부,GGL_CMP_01_플러스가입,플러스가입,유사타겟,VID_플러스멤버십_겨울_A_v1,50829,1242,245867,103,26,1600494,1079,91,22,1404173,VID,플러스멤버십,겨울,A,v1,False,False,5.711108038085609,2701.835164805474,0.024434869857757887,0.07326892109494906,197.96054750386637,4837.140215231368
2025-02-06,google,외부,GGL_CMP_01_플러스가입,플러스가입,유사타겟,IMG_플러스멤버십_겨울_B_v1,59919,1451,295873,120,27,1513976,1325,96,21,1370603,IMG,플러스멤버십,겨울,B,v1,False,False,4.632403091867103,3082.0104166345623,0.024216024967038435,0.06616126809092615,203.90971743611033,4937.882808458003
2025-02-06,google,외부,GGL_CMP_01_플러스가입,플러스가입,유사타겟,CRS_플러스멤버십_겨울_v1,53788,1404,242743,208,69,4786911,1247,148,53,3835162,CRS,플러스멤버십,겨울,N,v1,False,False,15.799269185929086,1640.1554053943235,0.026102476388785118,0.10541310541303034,172.8938746437515,4512.958280657312
2025-02-06,google,외부,GGL_CMP_01_플러스가입,플러스가입,유사타겟,IMG_적립혜택_겨울_v2,60063,1585,343327,169,45,2570421,1539,150,35,2040969,IMG,적립혜택,겨울,N,v2,False,False,5.9446795620501565,2288.8466666514078,0.02638895826049271,0.0946372239747037,216.61009463708731,5716.11474618308
2025-02-06,google,외부,GGL_CMP_02_리타겟팅,리타겟팅,리마케팅,VID_할인쿠폰_겨울_A_v1,26930,1181,128324,165,58,3686212,1045,116,42,3057451,VID,할인쿠폰,겨울,A,v1,False,False,23.826026308406657,1106.2413793008081,0.04385443743037342,0.09822184589322759,108.65707027933222,4765.094689936696
2025-02-06,google,외부,GGL_CMP_02_리타겟팅,리타겟팅,리마케팅,IMG_할인쿠폰_겨울_B_v1,23577,777,145157,81,39,2021584,665,65,27,1641654,IMG,할인쿠폰,겨울,B,v1,False,False,11.30950625874046,2233.1846153502584,0.03295584679984591,0.083655083654976,186.81724581700539,6156.720532722307
2025-02-06,google,외부,GGL_CMP_02_리타겟팅,리타겟팅,리마케팅,CRS_특가_겨울_v1,32752,1327,146714,167,85,5063844,1139,152,75,4047855,CRS,특가,겨울,N,v1,False,False,27.5901072835583,965.2236842041763,0.04051660967269051,0.11454408440081798,110.560663149879,4479.54323400084
2025-02-06,google,외부,GGL_CMP_03_첫구매,첫구매,논타겟,VID_적립혜택_겨울_A_v1,60300,1453,361173,112,34,2586672,1252,87,26,1885159,VID,적립혜택,겨울,A,v1,False,False,5.219545757850102,4151.413793055731,0.024096185737976384,0.059876118375733055,248.57054370251302,5989.601990049652
2025-02-06,google,외부,GGL_CMP_03_첫구매,첫구매,논타겟,IMG_적립혜택_겨울_B_v1,48496,1542,234133,144,53,3889359,1341,118,39,3548553,IMG,적립혜택,겨울,B,v1,False,False,15.156142021842221,1984.1779660848797,0.03179643681953086,0.07652399481188293,151.83722438381852,4827.882711976146
2025-02-06,google,외부,GGL_CMP_03_첫구매,첫구매,논타겟,CRS_할인쿠폰_겨울_v1,38518,712,242257,55,21,1058383,648,50,18,871717,CRS,할인쿠폰,겨울,N,v1,False,False,3.5983150125692815,4845.139999903097,0.01848486421932555,0.07022471910102497,340.2485955051401,6289.4490887375705
2025-02-06,google,외부,GGL_CMP_03_첫구매,첫구매,유사타겟,VID_적립혜택_겨울_A_v1,41138,1003,262407,96,48,3558262,977,72,38,3226367,VID,적립혜택,겨울,A,v1,False,False,12.29527794609133,3644.5416666160477,0.02438135057610909,0.071784646061743,261.62213359894156,6378.700957751803
2025-02-06,google,외부,GGL_CMP_03_첫구매,첫구매,유사타겟,IMG_적립혜택_겨울_B_v1,65374,1468,383279,134,57,4199167,1360,113,48,3709721,IMG,적립혜택,겨울,B,v1,False,False,9.67890492304559,3391.8495574921076,0.022455410407807044,0.07697547683918463,261.08923705704285,5862.865971181114
2025-02-06,google,외부,GGL_CMP_03_첫구매,첫구매,유사타겟,CRS_할인쿠폰_겨울_v1,46594,1384,249489,107,52,2989594,1351,98,35,2523981,CRS,할인쿠폰,겨울,N,v1,False,False,10.116602335173054,2545.806122423002,0.029703395286946183,0.07080924855486213,180.2666184969796,5354.530626260777
2025-02-06,meta,외부,META_CMP_01_신규유저,신규유저,논타겟,VID_플러스멤버십_겨울_A_v1,49602,686,235334,49,13,539137,668,39,9,399341,VID,플러스멤버십,겨울,A,v1,False,False,1.696911623479813,6034.205128050406,0.013830087496471638,0.056851311953269895,343.0524781336107,4744.445788476176
2025-02-06,meta,외부,META_CMP_01_신규유저,신규유저,논타겟,IMG_적립혜택_겨울_B_v1,43063,640,198410,42,8,306637,557,33,7,225049,IMG,적립혜택,겨울,B,v1,False,False,1.1342623859684435,6012.424242242048,0.01486194645054885,0.05156249999991944,310.0156249995156,4607.435617583434
2025-02-06,meta,외부,META_CMP_01_신규유저,신규유저,논타겟,CRS_플러스멤버십_겨울_v1,37311,745,152671,62,11,519952,636,56,7,400099,CRS,플러스멤버십,겨울,N,v1,False,False,2.6206614222740234,2726.267857094174,0.019967301868081266,0.07516778523479843,204.92751677824842,4091.8495885930665
2025-02-06,meta,외부,META_CMP_02_룩얼라이크,룩얼라이크,유사타겟,VID_플러스멤버십_겨울_A_v1,51553,923,256213,74,17,999375,818,61,12,752959,VID,플러스멤버십,겨울,A,v1,False,False,2.9388009195473965,4200.2131146852425,0.017903904719414623,0.06608884073665645,277.58721560099934,4969.895059453282
2025-02-06,meta,외부,META_CMP_02_룩얼라이크,룩얼라이크,유사타겟,IMG_할인쿠폰_겨울_B_v1,37644,627,131725,36,10,386037,576,29,7,356587,IMG,할인쿠폰,겨울,B,v1,False,False,2.70705636743213,4542.241379153716,0.01665604080331483,0.04625199362034091,210.08771929791055,3499.2296249069313
2025-02-06,meta,외부,META_CMP_02_룩얼라이크,룩얼라이크,유사타겟,CRS_특가_겨울_v1,49764,975,250128,52,10,416035,953,40,8,371776,CRS,특가,겨울,N,v1,False,False,1.4863429923878915,6253.19999984367,0.01959247648902782,0.04102564102559895,256.54153846127537,5026.2840607667185
2025-02-06,meta,외부,META_CMP_03_재구매,재구매,VIP,IMG_배송혜택_겨울_A_v1,11520,281,39490,19,8,440547,260,17,6,393188,IMG,배송혜택,겨울,A,v1,False,False,9.956647252468729,2322.9411763339444,0.02439236111110899,0.0604982206403541,140.53380782868138,3427.9513888885913
2025-02-06,meta,외부,META_CMP_03_재구매,재구매,VIP,VID_적립혜택_겨울_B_v1,10273,192,41263,13,4,294788,178,10,3,229856,VID,적립혜택,겨울,B,v1,False,False,5.570511111649528,4126.29999958737,0.018689769298158406,0.052083333333062067,214.911458332214,4016.6455757807826
2025-02-06,meta,외부,META_CMP_03_재구매,재구매,VIP,CRS_신상품_겨울_v1,9310,231,35348,14,7,398927,214,11,4,358616,CRS,신상품,겨울,N,v1,False,False,10.145298178114459,3213.454545162413,0.024812030075185305,0.047619047618841476,153.0216450209826,3796.777658431386
2025-02-06,meta,외부,META_CMP_03_재구매,재구매,윈백,IMG_배송혜택_겨울_A_v1,23079,603,108962,30,15,954401,567,23,12,734293,IMG,배송혜택,겨울,A,v1,False,False,6.7389823975330225,4737.478260663588,0.02612764851163282,0.038142620232109216,180.69983416222107,4721.261753108683
2025-02-06,meta,외부,META_CMP_03_재구매,재구매,윈백,VID_적립혜택_겨울_B_v1,27105,561,105945,26,10,589753,482,21,7,437957,VID,적립혜택,겨울,B,v1,False,False,4.133814715182367,5044.9999997597615,0.02069728832318684,0.037433155080147176,188.8502673793425,3908.6884338681457
2025-02-06,meta,외부,META_CMP_03_재구매,재구매,윈백,CRS_신상품_겨울_v1,20356,376,70908,24,13,951905,354,19,9,814169,CRS,신상품,겨울,N,v1,False,False,11.48204715969973,3731.999999803579,0.01847121241894191,0.05053191489348263,188.58510638247716,3483.3955590487576
2025-02-06,naver,자체,NVR_CMP_01_브랜드KW,브랜드KW,논타겟,TXT_플러스멤버십_겨울_A_v1,11389,1585,94307,480,208,14704993,1354,352,150,10791577,TXT,플러스멤버십,겨울,A,v1,False,False,114.4302861929643,267.9176136356025,0.13916937395731502,0.22208201892730467,59.49968454254921,8280.533848449531
2025-02-06,naver,자체,NVR_CMP_02_일반KW,일반KW,논타겟,TXT_할인쿠폰_겨울_A_v1,9057,889,65274,112,43,3010353,801,95,32,2251472,TXT,할인쿠폰,겨울,A,v1,False,False,34.49263106290354,687.0947368348726,0.09815612233630361,0.10686164229459295,73.42407199091853,7207.02219277827
2025-02-06,naver,자체,NVR_CMP_02_일반KW,일반KW,논타겟,TXT_플러스멤버십_겨울_B_v1,11291,1170,87522,162,77,5171599,1100,113,65,4759943,TXT,플러스멤버십,겨울,B,v1,False,False,54.38567445899255,774.5309734444731,0.103622354087317,0.09658119658111404,74.80512820506426,7751.48348241894
2025-02-06,naver,자체,NVR_CMP_03_재구매,재구매,VIP,IMG_배송혜택_겨울_A_v1,5127,297,49028,22,18,1437426,275,20,15,1252522,IMG,배송혜택,겨울,A,v1,False,False,25.547075140735387,2451.3999998774298,0.05792861322409636,0.0673400673398406,165.07744107688526,9562.707236198641
2025-02-06,naver,자체,NVR_CMP_03_재구매,재구매,VIP,VID_적립혜택_겨울_B_v1,5133,349,43225,37,30,2568877,296,29,25,2119904,VID,적립혜택,겨울,B,v1,False,False,49.0434702139954,1490.517241327913,0.06799142801479291,0.08309455587368741,123.85386819448753,8421.001363723275
2025-02-06,naver,자체,NVR_CMP_03_재구매,재구매,VIP,CRS_신상품_겨울_v1,4463,234,37970,25,17,1572155,225,22,13,1334079,CRS,신상품,겨울,N,v1,False,False,35.13508032657269,1725.9090908306405,0.052431100156833416,0.09401709401669224,162.26495726426384,8507.730226303269
2025-02-06,naver,자체,NVR_CMP_03_재구매,재구매,윈백,IMG_배송혜택_겨울_A_v1,8648,642,77494,59,46,4286516,590,51,31,3385692,IMG,배송혜택,겨울,A,v1,False,False,43.689730817869204,1519.4901960486375,0.07423681776132351,0.07943925233632486,120.70716510884625,8960.915818685366
2025-02-06,naver,자체,NVR_CMP_03_재구매,재구매,윈백,VID_적립혜택_겨울_B_v1,8499,535,75929,50,42,4609949,518,41,30,3624285,VID,적립혜택,겨울,B,v1,False,False,47.73255277956976,1851.9268292231238,0.06294858218613214,0.07663551401854835,141.92336448571604,8933.874573478182
2025-02-06,naver,자체,NVR_CMP_03_재구매,재구매,윈백,CRS_신상품_겨울_v1,9490,538,69855,56,28,2223175,520,42,20,1848472,CRS,신상품,겨울,N,v1,False,False,26.461556080451984,1663.2142856746855,0.05669125395152195,0.07806691449799616,129.8420074347029,7360.906217069824
2025-02-07,google,외부,GGL_CMP_01_플러스가입,플러스가입,논타겟,VID_플러스멤버십_겨울_A_v1,39837,1392,214656,152,39,2744138,1328,115,33,2290736,VID,플러스멤버십,겨울,A,v1,False,False,10.671660703637398,1866.573913027247,0.034942390240228056,0.08261494252867628,154.20689655161337,5388.357557044824
2025-02-07,google,외부,GGL_CMP_01_플러스가입,플러스가입,논타겟,IMG_플러스멤버십_겨울_B_v1,52252,1438,339414,197,57,2987974,1334,140,51,2285253,IMG,플러스멤버십,겨울,B,v1,False,False,6.732936767487473,2424.3857142683974,0.027520477685064163,0.09735744089005748,236.0319888732712,6495.71308275269
2025-02-07,google,외부,GGL_CMP_01_플러스가입,플러스가입,논타겟,CRS_플러스멤버십_겨울_v1,60322,1447,280794,142,49,2911616,1291,116,35,2515250,CRS,플러스멤버십,겨울,N,v1,False,False,8.957634422387912,2420.637931013615,0.023987931434633732,0.0801658604007739,194.0525224601285,4654.918603494501
2025-02-07,google,외부,GGL_CMP_01_플러스가입,플러스가입,논타겟,IMG_적립혜택_겨울_v2,41129,1230,266618,102,21,1356784,1086,86,17,1095292,IMG,적립혜택,겨울,N,v2,False,False,4.108094727287715,3100.2093022895324,0.02990590580855285,0.06991869918693502,216.76260162584003,6482.481947044507
2025-02-07,google,외부,GGL_CMP_01_플러스가입,플러스가입,유사타겟,VID_플러스멤버십_겨울_A_v1,68396,1546,325606,137,46,2415507,1423,112,31,2237703,VID,플러스멤버십,겨울,A,v1,False,False,6.872425569553366,2907.1964285454715,0.022603661032808604,0.07244501940486905,210.61190168162315,4760.600035089701
2025-02-07,google,외부,GGL_CMP_01_플러스가입,플러스가입,유사타겟,IMG_플러스멤버십_겨울_B_v1,67316,2243,296683,221,69,4543424,2181,201,48,3701851,IMG,플러스멤버십,겨울,B,v1,False,False,12.477462476784945,1476.0348258633035,0.0333204587319503,0.08961212661609914,132.27061970569227,4407.317725354976
2025-02-07,google,외부,GGL_CMP_01_플러스가입,플러스가입,유사타겟,CRS_플러스멤버십_겨울_v1,42507,1355,259930,155,32,1995838,1200,111,27,1585055,CRS,플러스멤버십,겨울,N,v1,False,False,6.0980071557726845,2341.711711690615,0.03187710259486598,0.08191881918813143,191.83025830244145,6114.992824711081
2025-02-07,google,외부,GGL_CMP_01_플러스가입,플러스가입,유사타겟,IMG_적립혜택_겨울_v2,51300,1147,332366,152,51,3114029,1119,132,45,2348231,IMG,적립혜택,겨울,N,v2,False,False,7.065196199370552,2517.9242424051677,0.022358674463937186,0.11508282476014378,289.76983435022686,6478.869395711376
2025-02-07,google,외부,GGL_CMP_02_리타겟팅,리타겟팅,리마케팅,VID_할인쿠폰_겨울_A_v1,29873,1059,176758,93,54,3500611,948,72,41,3076752,VID,할인쿠폰,겨울,A,v1,False,False,17.406578485839297,2454.972222188125,0.03545007197134417,0.06798866855517659,166.910292728832,5916.981890000806
2025-02-07,google,외부,GGL_CMP_02_리타겟팅,리타겟팅,리마케팅,IMG_할인쿠폰_겨울_B_v1,25150,886,155577,79,28,1722866,842,68,19,1599740,IMG,할인쿠폰,겨울,B,v1,False,False,10.282625323794583,2287.897058789884,0.0352286282306149,0.07674943566582759,175.59480812621265,6185.964214711484
2025-02-07,google,외부,GGL_CMP_02_리타겟팅,리타겟팅,리마케팅,CRS_특가_겨울_v1,27589,1056,176800,113,59,3224354,985,84,40,2628206,CRS,특가,겨울,N,v1,False,False,14.865418552036116,2104.761904736848,0.0382761245423887,0.07954545454537922,167.42424242408387,6408.3511544453795
2025-02-07,google,외부,GGL_CMP_03_첫구매,첫구매,논타겟,VID_적립혜택_겨울_A_v1,38622,881,253857,99,42,2560735,844,90,36,1889559,VID,적립혜택,겨울,A,v1,False,False,7.443399236578045,2820.633333301993,0.022810833203872852,0.10215664018149585,288.14642451726655,6572.860027963167
2025-02-07,google,외부,GGL_CMP_03_첫구매,첫구매,논타겟,IMG_적립혜택_겨울_B_v1,66319,1752,373715,121,36,2280742,1716,104,27,1941456,IMG,적립혜택,겨울,B,v1,False,False,5.195017593620793,3593.4134615039093,0.02641776866358017,0.05936073059357343,213.30764840170474,5635.112109651749
2025-02-07,google,외부,GGL_CMP_03_첫구매,첫구매,논타겟,CRS_할인쿠폰_겨울_v1,39571,1188,201715,94,43,2462906,1142,66,32,2271923,CRS,할인쿠폰,겨울,N,v1,False,False,11.263034479339607,3056.287878741571,0.030021985797679365,0.05555555555550879,169.7937710436281,5097.546182810515
2025-02-07,google,외부,GGL_CMP_03_첫구매,첫구매,유사타겟,VID_적립혜택_겨울_A_v1,43018,919,225203,65,22,1339005,790,53,15,1050798,VID,적립혜택,겨울,A,v1,False,False,4.666003561231402,4249.113207466999,0.02136315030917241,0.05767138193682517,245.0522306852611,5235.0876377329205
2025-02-07,google,외부,GGL_CMP_03_첫구매,첫구매,유사타겟,IMG_적립혜택_겨울_B_v1,48394,863,317405,69,30,2241075,838,57,26,1784190,IMG,적립혜택,겨울,B,v1,False,False,5.621177990264786,5568.508771832132,0.017832789188742038,0.06604866743908917,367.7925840088438,6558.767615820007
2025-02-07,google,외부,GGL_CMP_03_첫구매,첫구매,유사타겟,CRS_할인쿠폰_겨울_v1,41640,893,213793,99,31,1699494,851,74,22,1523950,CRS,할인쿠폰,겨울,N,v1,False,False,7.128156674914488,2889.0945945555527,0.021445725264168554,0.08286674132129579,239.40985442302417,5134.3179634965145
2025-02-07,meta,외부,META_CMP_01_신규유저,신규유저,논타겟,VID_플러스멤버십_겨울_A_v1,43265,718,207825,59,13,645370,674,45,10,504992,VID,플러스멤버십,겨울,A,v1,False,False,2.429890532900265,4618.333333230704,0.016595400439153668,0.0626740947074336,289.44986072383085,4803.536345775921
2025-02-07,meta,외부,META_CMP_01_신규유저,신규유저,논타겟,IMG_적립혜택_겨울_B_v1,51962,969,178149,84,17,875161,857,59,11,804523,IMG,적립혜택,겨울,B,v1,False,False,4.516011877697857,3019.474576220009,0.018648242946768433,0.06088751289983397,183.84829721343257,3428.447711789319
2025-02-07,meta,외부,META_CMP_01_신규유저,신규유저,논타겟,CRS_플러스멤버십_겨울_v1,44225,547,184034,37,7,341857,483,30,5,303145,CRS,플러스멤버십,겨울,N,v1,False,False,1.6472227957877261,6134.466666462185,0.01236856981345365,0.054844606946883284,336.4424131620906,4161.311475409742
2025-02-07,meta,외부,META_CMP_02_룩얼라이크,룩얼라이크,유사타겟,VID_플러스멤버십_겨울_A_v1,31466,453,140007,36,10,535401,386,26,8,404531,VID,플러스멤버십,겨울,A,v1,False,False,2.8893626747233863,5384.884615177504,0.014396491451089607,0.057395143487732024,309.0662251648807,4449.469268416562
2025-02-07,meta,외부,META_CMP_02_룩얼라이크,룩얼라이크,유사타겟,IMG_할인쿠폰_겨울_B_v1,53523,1173,225667,116,20,1019028,1038,101,17,773835,IMG,할인쿠폰,겨울,B,v1,False,False,3.42910128640872,2234.326732651145,0.021915811893951725,0.08610400682004594,192.38448422831,4216.262167666158
2025-02-07,meta,외부,META_CMP_02_룩얼라이크,룩얼라이크,유사타겟,CRS_특가_겨울_v1,43198,571,160459,48,9,459600,510,37,7,418813,CRS,특가,겨울,N,v1,False,False,2.6100935441452173,4336.729729612522,0.013218204546506478,0.06479859894909842,281.0140105073888,3714.5006713272905
2025-02-07,meta,외부,META_CMP_03_재구매,재구매,VIP,IMG_배송혜택_겨울_A_v1,10994,218,52753,9,4,302176,199,8,3,229697,IMG,배송혜택,겨울,A,v1,False,False,4.354197865524153,6594.124999175734,0.01982899763507187,0.03669724770625368,241.98623853100008,4798.344551573149
2025-02-07,meta,외부,META_CMP_03_재구매,재구매,VIP,VID_적립혜택_겨울_B_v1,10732,195,39383,11,4,305225,169,7,3,267506,VID,적립혜택,겨울,B,v1,False,False,6.792423126729635,5626.142856339123,0.018169959001116457,0.03589743589725181,201.96410256306686,3669.679463287023
2025-02-07,meta,외부,META_CMP_03_재구매,재구매,VIP,CRS_신상품_겨울_v1,14348,372,51414,17,10,730657,347,14,8,528184,CRS,신상품,겨울,N,v1,False,False,10.273155171742905,3672.428571166255,0.025926958461107756,0.03763440860204937,138.20967741898332,3583.356565374715
2025-02-07,meta,외부,META_CMP_03_재구매,재구매,윈백,IMG_배송혜택_겨울_A_v1,16047,309,57810,19,11,912468,275,15,9,787337,IMG,배송혜택,겨울,A,v1,False,False,13.61939110880447,3853.999999743067,0.019255935688912616,0.04854368932023125,187.08737864017124,3602.5425313140395
2025-02-07,meta,외부,META_CMP_03_재구매,재구매,윈백,VID_적립혜택_겨울_B_v1,20286,389,89804,17,7,580932,374,14,5,534062,VID,적립혜택,겨울,B,v1,False,False,5.946973408756782,6414.571428113245,0.01917578625653065,0.03598971722355787,230.85861182459934,4426.895395839277
2025-02-07,meta,외부,META_CMP_03_재구매,재구매,윈백,CRS_신상품_겨울_v1,20211,402,82621,17,9,735947,380,13,6,546946,CRS,신상품,겨울,N,v1,False,False,6.619939240628815,6355.4615379726565,0.01989015882440157,0.032338308457631,205.5248756213793,4087.922418484781
2025-02-07,naver,자체,NVR_CMP_01_브랜드KW,브랜드KW,논타겟,TXT_플러스멤버십_겨울_A_v1,7850,922,54688,257,132,10634685,791,205,98,8157933,TXT,플러스멤버십,겨울,A,v1,False,False,149.17226813926,266.77073170601574,0.1174522292993481,0.22234273318847902,59.31453362249532,6966.624203820767
2025-02-07,naver,자체,NVR_CMP_02_일반KW,일반KW,논타겟,TXT_할인쿠폰_겨울_A_v1,10338,1020,93934,203,67,4320887,925,148,57,3696502,TXT,할인쿠폰,겨울,A,v1,False,False,39.35211957331701,634.6891891849008,0.09866511897851628,0.145098039215544,92.09215686265482,9086.283613850928
2025-02-07,naver,자체,NVR_CMP_02_일반KW,일반KW,논타겟,TXT_플러스멤버십_겨울_B_v1,11727,1227,95758,207,62,3589672,1102,156,43,3234368,TXT,플러스멤버십,겨울,B,v1,False,False,33.776478205475954,613.8333333293986,0.10463034024046178,0.12713936430307488,78.04237978803745,8165.600750404352
2025-02-07,naver,자체,NVR_CMP_03_재구매,재구매,VIP,IMG_배송혜택_겨울_A_v1,5453,282,41944,19,16,1185423,272,14,11,1091908,IMG,배송혜택,겨울,A,v1,False,False,26.032519549875406,2995.999999786,0.05171465248486123,0.04964539007074594,148.73758865195484,7691.912708599359
2025-02-07,naver,자체,NVR_CMP_03_재구매,재구매,VIP,VID_적립혜택_겨울_B_v1,6797,482,55995,58,50,4833716,470,40,44,3812589,VID,적립혜택,겨울,B,v1,False,False,68.08802571658063,1399.8749999650033,0.07091363836985862,0.08298755186704775,116.17219916988346,8238.193320581397
2025-02-07,naver,자체,NVR_CMP_03_재구매,재구매,VIP,CRS_신상품_겨울_v1,6014,363,49420,24,13,963916,323,20,9,856887,CRS,신상품,겨울,N,v1,False,False,17.338870902468287,2470.99999987645,0.060359161955427273,0.05509641873263059,136.1432506883302,8217.492517457895
2025-02-07,naver,자체,NVR_CMP_03_재구매,재구매,윈백,IMG_배송혜택_겨울_A_v1,9465,596,80864,73,53,4501232,536,61,46,3547826,IMG,배송혜택,겨울,A,v1,False,False,43.87398595172086,1325.6393442405633,0.06296883254093365,0.10234899328841889,135.67785234876564,8543.475964077279
2025-02-07,naver,자체,NVR_CMP_03_재구매,재구매,윈백,VID_적립혜택_겨울_B_v1,10932,584,96514,57,39,3437371,539,48,27,3121628,VID,적립혜택,겨울,B,v1,False,False,32.343784321445256,2010.7083332914438,0.053421148920595185,0.08219178082177707,165.263698629854,8828.57665568891
2025-02-07,naver,자체,NVR_CMP_03_재구매,재구매,윈백,CRS_신상품_겨울_v1,7549,538,53265,48,43,3121413,504,43,33,2336382,CRS,신상품,겨울,N,v1,False,False,43.86336243311661,1238.7209302037509,0.07126771757847777,0.07992565055747226,99.00557620799441,7055.901443898919
2025-02-08,google,외부,GGL_CMP_01_플러스가입,플러스가입,논타겟,VID_플러스멤버십_겨울_A_v1,47141,1077,217465,107,36,1989046,1054,90,31,1805161,VID,플러스멤버십,겨울,A,v1,False,False,8.300926585887346,2416.27777775093,0.02284635455336071,0.08356545960995027,201.91736304530926,4613.075666617072
2025-02-08,google,외부,GGL_CMP_01_플러스가입,플러스가입,논타겟,IMG_플러스멤버십_겨울_B_v1,31188,1075,179203,95,21,1269531,1018,86,15,1040967,IMG,플러스멤버십,겨울,B,v1,False,False,5.808870387214467,2083.7558139292587,0.03446838527638725,0.07999999999992559,166.700465116124,5745.8958573808595
2025-02-08,google,외부,GGL_CMP_01_플러스가입,플러스가입,논타겟,CRS_플러스멤버십_겨울_v1,35732,786,216755,104,35,2011191,769,91,30,1490332,CRS,플러스멤버십,겨울,N,v1,False,False,6.875652234089148,2381.923076896902,0.02199708944363534,0.1157760814247891,275.7697201014303,6066.1311989251635
2025-02-08,google,외부,GGL_CMP_01_플러스가입,플러스가입,논타겟,IMG_적립혜택_겨울_v2,41341,952,234258,77,23,1603169,902,63,16,1403044,IMG,적립혜택,겨울,N,v2,False,False,5.989310930683239,3718.3809523219306,0.02302798674439363,0.06617647058816578,246.06932773083398,5666.481217193448
2025-02-08,google,외부,GGL_CMP_01_플러스가입,플러스가입,유사타겟,VID_플러스멤버십_겨울_A_v1,53147,1524,311870,145,46,2320287,1304,107,39,1766911,VID,플러스멤버십,겨울,A,v1,False,False,5.665536922435613,2914.672897169022,0.028675183923833357,0.07020997375323478,204.6391076114143,5868.064048770281
2025-02-08,google,외부,GGL_CMP_01_플러스가입,플러스가입,유사타겟,IMG_플러스멤버십_겨울_B_v1,36176,732,194946,91,17,1087285,691,71,14,956625,IMG,플러스멤버십,겨울,B,v1,False,False,4.907128127789209,2745.718309820483,0.020234409553294443,0.09699453551899317,266.3196721307837,5388.821318000736
2025-02-08,google,외부,GGL_CMP_01_플러스가입,플러스가입,유사타겟,CRS_플러스멤버십_겨울_v1,49534,1306,292915,183,39,2121497,1139,129,28,1903005,CRS,플러스멤버십,겨울,N,v1,False,False,6.496782343000508,2270.6589147110803,0.026365728590462587,0.09877488514540676,224.28407350671955,5913.4130092460555
2025-02-08,google,외부,GGL_CMP_01_플러스가입,플러스가입,유사타겟,IMG_적립혜택_겨울_v2,39278,811,186436,70,17,951184,763,51,14,827417,IMG,적립혜택,겨울,N,v2,False,False,4.438075264433884,3655.6078430655766,0.020647690819287627,0.06288532675701247,229.88409371118388,4746.575691226521
2025-02-08,google,외부,GGL_CMP_02_리타겟팅,리타겟팅,리마케팅,VID_할인쿠폰_겨울_A_v1,30449,1085,194326,123,70,4207319,968,98,60,3554328,VID,할인쿠폰,겨울,A,v1,False,False,18.290542696293763,1982.9183673267048,0.03563335413313949,0.09032258064507805,179.10230414730037,6382.015829747894
2025-02-08,google,외부,GGL_CMP_02_리타겟팅,리타겟팅,리마케팅,IMG_할인쿠폰_겨울_B_v1,27133,787,146191,68,36,2024625,701,56,31,1797145,IMG,할인쿠폰,겨울,B,v1,False,False,12.293130220054502,2610.5535713819545,0.02900527033501533,0.07115628970766054,185.75730622593932,5387.940883794443
2025-02-08,google,외부,GGL_CMP_02_리타겟팅,리타겟팅,리마케팅,CRS_특가_겨울_v1,29734,851,150162,106,46,2139146,787,92,32,1564349,CRS,특가,겨울,N,v1,False,False,10.417742171787733,1632.1956521561717,0.028620434519404433,0.10810810810798108,176.45358401859406,5050.178247124334
2025-02-08,google,외부,GGL_CMP_03_첫구매,첫구매,논타겟,VID_적립혜택_겨울_A_v1,47115,1201,296155,111,40,2722082,1132,97,27,2062675,VID,적립혜택,겨울,A,v1,False,False,6.964849487599376,3053.1443298654312,0.02549082033322667,0.08076602830967464,246.5903413819762,6285.790088082218
2025-02-08,google,외부,GGL_CMP_03_첫구매,첫구매,논타겟,IMG_적립혜택_겨울_B_v1,50551,1490,249169,97,45,2918071,1280,79,31,2422774,IMG,적립혜택,겨울,B,v1,False,False,9.723416636901021,3154.0379746436197,0.02947518347807107,0.053020134228152334,167.22751677841126,4929.061739629188
2025-02-08,google,외부,GGL_CMP_03_첫구매,첫구매,논타겟,CRS_할인쿠폰_겨울_v1,31190,667,174901,71,20,1264757,639,51,17,1096219,CRS,할인쿠폰,겨울,N,v1,False,False,6.2676542729886835,3429.431372481776,0.02138505931388197,0.07646176911532765,262.2203898047043,5607.5985892912595
2025-02-08,google,외부,GGL_CMP_03_첫구매,첫구매,유사타겟,VID_적립혜택_겨울_A_v1,31087,612,167036,52,21,1067319,580,41,17,990982,VID,적립혜택,겨울,A,v1,False,False,5.932745036997977,4074.048780388438,0.019686685752886426,0.06699346405217811,272.93464052242985,5373.178499050878
2025-02-08,google,외부,GGL_CMP_03_첫구매,첫구매,유사타겟,IMG_적립혜택_겨울_B_v1,37232,670,164765,43,18,884380,640,30,13,777447,IMG,적립혜택,겨울,B,v1,False,False,4.718520316814829,5492.166666483595,0.01799527288354056,0.044776119402918244,245.91791044739415,4425.3599054575525
2025-02-08,google,외부,GGL_CMP_03_첫구매,첫구매,유사타겟,CRS_할인쿠폰_겨울_v1,48872,1284,223921,94,46,2363129,1222,76,35,2092238,CRS,할인쿠폰,겨울,N,v1,False,False,9.343643517133234,2946.3289473296536,0.02627271239155291,0.05919003115260188,174.39330218054954,4581.785071206324
2025-02-08,meta,외부,META_CMP_01_신규유저,신규유저,논타겟,VID_플러스멤버십_겨울_A_v1,36196,623,165354,56,11,569862,593,45,8,445261,VID,플러스멤버십,겨울,A,v1,False,False,2.6927742903104694,3674.5333332516775,0.017211846612884926,0.07223113964675404,265.41573033665264,4568.294839208627
2025-02-08,meta,외부,META_CMP_01_신규유저,신규유저,논타겟,IMG_적립혜택_겨울_B_v1,25060,417,90430,32,7,301194,382,27,4,269000,IMG,적립혜택,겨울,B,v1,False,False,2.9746765453941943,3349.2592591352127,0.016640063846767094,0.06474820143869366,216.8585131889284,3608.5395051874057
2025-02-08,meta,외부,META_CMP_01_신규유저,신규유저,논타겟,CRS_플러스멤버십_겨울_v1,27511,478,94399,31,5,231954,407,25,3,179734,CRS,플러스멤버십,겨울,N,v1,False,False,1.903982033707964,3775.9599998489616,0.01737486823452374,0.05230125523001611,197.4874476983316,3431.318381738089
2025-02-08,meta,외부,META_CMP_02_룩얼라이크,룩얼라이크,유사타겟,VID_플러스멤버십_겨울_A_v1,26692,435,104998,30,7,357845,392,24,5,268865,VID,플러스멤버십,겨울,A,v1,False,False,2.5606678222442087,4374.916666484379,0.016297017833057984,0.05517241379297662,241.37471264312327,3933.687996403269
2025-02-08,meta,외부,META_CMP_02_룩얼라이크,룩얼라이크,유사타겟,IMG_할인쿠폰_겨울_B_v1,27141,408,105860,34,7,406825,388,26,4,353937,IMG,할인쿠폰,겨울,B,v1,False,False,3.343444171547295,4071.5384613818637,0.015032607494196418,0.06372549019592225,259.46078431308956,3900.37213072459
2025-02-08,meta,외부,META_CMP_02_룩얼라이크,룩얼라이크,유사타겟,CRS_특가_겨울_v1,33862,446,125604,32,9,466184,414,27,6,396780,CRS,특가,겨울,N,v1,False,False,3.158975828795236,4651.9999998277035,0.013171106254798502,0.060538116591792514,281.62331838501876,3709.2906502863475
2025-02-08,meta,외부,META_CMP_03_재구매,재구매,VIP,IMG_배송혜택_겨울_A_v1,10222,302,50225,13,4,251033,258,9,3,224757,IMG,배송혜택,겨울,A,v1,False,False,4.4750024888003095,5580.555554935494,0.029544120524356333,0.02980132450321258,166.30794701931686,4913.422030913234
2025-02-08,meta,외부,META_CMP_03_재구매,재구매,VIP,VID_적립혜택_겨울_B_v1,7319,176,31100,6,3,187353,169,4,2,154505,VID,적립혜택,겨울,B,v1,False,False,4.968006430868007,7774.99999805625,0.024047000956411525,0.022727272727143595,176.70454545354147,4249.214373547718
2025-02-08,meta,외부,META_CMP_03_재구매,재구매,VIP,CRS_신상품_겨울_v1,11893,280,47515,18,9,503243,247,13,6,435957,CRS,신상품,겨울,N,v1,False,False,9.17514469114997,3654.999999718846,0.023543260741610735,0.04642857142840561,169.69642857082252,3995.2072647772643
2025-02-08,meta,외부,META_CMP_03_재구매,재구매,윈백,IMG_배송혜택_겨울_A_v1,16875,346,61544,20,11,861371,312,14,8,696123,IMG,배송혜택,겨울,A,v1,False,False,11.31098076173126,4395.999999686,0.020503703703702487,0.0404624277455478,177.87283236942812,3647.0518518516355
2025-02-08,meta,외부,META_CMP_03_재구매,재구매,윈백,VID_적립혜택_겨울_B_v1,17800,383,81495,21,8,513296,364,15,6,458182,VID,적립혜택,겨울,B,v1,False,False,5.622209951530699,5432.9999996378,0.021516853932583062,0.03916449086151654,212.78067885061938,4578.370786516596
2025-02-08,meta,외부,META_CMP_03_재구매,재구매,윈백,CRS_신상품_겨울_v1,13780,415,55327,21,12,950607,399,14,9,730167,CRS,신상품,겨울,N,v1,False,False,13.197299690928242,3951.928571146291,0.030116110304787364,0.033734939758954856,133.3180722888354,4015.021770681857
2025-02-08,naver,자체,NVR_CMP_01_브랜드KW,브랜드KW,논타겟,TXT_플러스멤버십_겨울_A_v1,7461,910,64062,191,127,10876262,776,137,96,8770076,TXT,플러스멤버십,겨울,A,v1,False,False,136.8998158034383,467.60583941264525,0.12196756466959897,0.15054945054928512,70.39780219772484,8586.248492158078
2025-02-08,naver,자체,NVR_CMP_02_일반KW,일반KW,논타겟,TXT_할인쿠폰_겨울_A_v1,8201,580,67595,107,41,3200443,551,92,31,2678063,TXT,할인쿠폰,겨울,A,v1,False,False,39.61924698572321,734.728260861579,0.0707230825508998,0.15862068965489892,116.54310344807493,8242.287525910468
2025-02-08,naver,자체,NVR_CMP_02_일반KW,일반KW,논타겟,TXT_플러스멤버십_겨울_B_v1,9455,618,90232,86,42,2689518,592,61,34,1957656,TXT,플러스멤버십,겨울,B,v1,False,False,21.69580636581233,1479.213114729849,0.06536224219988732,0.09870550161796326,146.00647249167312,9543.310417767367
2025-02-08,naver,자체,NVR_CMP_03_재구매,재구매,VIP,IMG_배송혜택_겨울_A_v1,4503,193,41110,15,13,1020602,183,11,11,790069,IMG,배송혜택,겨울,A,v1,False,False,19.218414011189026,3737.2727269329753,0.042860315345315814,0.05699481865255444,213.0051813460466,9129.469242725043
2025-02-08,naver,자체,NVR_CMP_03_재구매,재구매,VIP,VID_적립혜택_겨울_B_v1,3600,236,27587,18,9,664869,203,14,7,579408,VID,적립혜택,겨울,B,v1,False,False,21.00293616558448,1970.49999985925,0.06555555555553734,0.059322033898053725,116.89406779611487,7663.055555553427
2025-02-08,naver,자체,NVR_CMP_03_재구매,재구매,VIP,CRS_신상품_겨울_v1,4748,285,39601,22,16,1549118,249,16,12,1220448,CRS,신상품,겨울,N,v1,False,False,30.818615691522165,2475.0624998453086,0.060025273799481874,0.056140350876996,138.95087719249491,8340.564448186953
2025-02-08,naver,자체,NVR_CMP_03_재구매,재구매,윈백,IMG_배송혜택_겨울_A_v1,5639,405,51515,44,39,4262187,376,35,33,3361853,IMG,배송혜택,겨울,A,v1,False,False,65.25969135203212,1471.85714281509,0.07182124490156555,0.08641975308620638,127.19753086388347,9135.485015071974
2025-02-08,naver,자체,NVR_CMP_03_재구매,재구매,윈백,VID_적립혜택_겨울_B_v1,6301,360,50422,32,23,2459580,347,22,16,2194617,VID,적립혜택,겨울,B,v1,False,False,43.52498909206213,2291.9090908049134,0.05713378828756433,0.06111111111094136,140.06111111072207,8002.221869543247
2025-02-08,naver,자체,NVR_CMP_03_재구매,재구매,윈백,CRS_신상품_겨울_v1,8763,367,59077,41,22,1649805,340,37,16,1318575,CRS,신상품,겨울,N,v1,False,False,22.31959984427066,1596.6756756325224,0.041880634485901874,0.10081743869182339,160.97275204315812,6741.640990527589
2025-02-09,google,외부,GGL_CMP_01_플러스가입,플러스가입,논타겟,VID_플러스멤버십_겨울_A_v1,40563,1251,202026,127,44,2080838,1181,100,29,1769590,VID,플러스멤버십,겨울,A,v1,False,False,8.759219110411488,2020.2599999797974,0.030840914133569243,0.07993605115900884,161.4916067144992,4980.548775977985
2025-02-09,google,외부,GGL_CMP_01_플러스가입,플러스가입,논타겟,IMG_플러스멤버십_겨울_B_v1,34164,865,209855,78,15,788381,743,56,11,695424,IMG,플러스멤버십,겨울,B,v1,False,False,3.313830978532781,3747.4107142187963,0.025319049291651293,0.06473988439298874,242.6069364159045,6142.576981617898
2025-02-09,google,외부,GGL_CMP_01_플러스가입,플러스가입,논타겟,CRS_플러스멤버십_겨울_v1,35974,1012,176160,111,29,1944357,937,96,22,1469595,CRS,플러스멤버십,겨울,N,v1,False,False,8.34238760217979,1834.9999999808854,0.02813142825373803,0.09486166007895765,174.07114624488727,4896.869961638826
2025-02-09,google,외부,GGL_CMP_01_플러스가입,플러스가입,논타겟,IMG_적립혜택_겨울_v2,46768,1626,268189,190,38,2143600,1452,150,26,1963737,IMG,적립혜택,겨울,N,v2,False,False,7.3222130661585405,1787.9266666547474,0.03476736229900713,0.09225092250916836,164.93788437874235,5734.45518303101
2025-02-09,google,외부,GGL_CMP_01_플러스가입,플러스가입,유사타겟,VID_플러스멤버십_겨울_A_v1,46086,1539,232582,182,46,2969138,1474,152,39,2348211,VID,플러스멤버십,겨울,A,v1,False,False,10.096271422552004,1530.1447368320387,0.03339408931128687,0.09876543209870126,151.12540610776406,5046.69530877045
2025-02-09,google,외부,GGL_CMP_01_플러스가입,플러스가입,유사타겟,IMG_플러스멤버십_겨울_B_v1,41061,1058,219997,145,28,1766138,915,105,23,1278283,IMG,플러스멤버십,겨울,B,v1,False,False,5.810456506225059,2095.209523789569,0.025766542461215614,0.09924385633260942,207.93667296766736,5357.809113270369
2025-02-09,google,외부,GGL_CMP_01_플러스가입,플러스가입,유사타겟,CRS_플러스멤버십_겨울_v1,29918,671,196818,79,17,930600,647,56,14,675361,CRS,플러스멤버십,겨울,N,v1,False,False,3.4313985509455263,3514.607142794382,0.022427969784075727,0.08345752608035252,293.32041728719327,6578.581455979457
2025-02-09,google,외부,GGL_CMP_01_플러스가입,플러스가입,유사타겟,IMG_적립혜택_겨울_v2,32686,874,166857,117,24,1171835,767,105,18,1044870,IMG,적립혜택,겨울,N,v2,False,False,6.26206871752455,1589.1142856991512,0.026739276754573004,0.12013729977102959,190.9118993132827,5104.846111484883
2025-02-09,google,외부,GGL_CMP_02_리타겟팅,리타겟팅,리마케팅,VID_할인쿠폰_겨울_A_v1,24884,705,140806,75,40,2226920,650,67,32,2063515,VID,할인쿠폰,겨울,A,v1,False,False,14.655021803048063,2101.5820895208717,0.02833145796495626,0.095035460992773,199.72482269475216,5658.49541874274
2025-02-09,google,외부,GGL_CMP_02_리타겟팅,리타겟팅,리마케팅,IMG_할인쿠폰_겨울_B_v1,29671,907,193422,75,29,1718238,864,68,24,1360755,IMG,할인쿠폰,겨울,B,v1,False,False,7.035161460433627,2844.441176428758,0.030568568636040894,0.07497243660410698,213.25468577705266,6518.890499140355
2025-02-09,google,외부,GGL_CMP_02_리타겟팅,리타겟팅,리마케팅,CRS_특가_겨울_v1,20850,888,133607,109,49,2705048,779,91,39,2018151,CRS,특가,겨울,N,v1,False,False,15.105129222271175,1468.208791192657,0.042589928057551914,0.10247747747736208,150.4583333331639,6408.009592325831
2025-02-09,google,외부,GGL_CMP_03_첫구매,첫구매,논타겟,VID_적립혜택_겨울_A_v1,31411,724,185967,46,21,1338725,708,38,14,1045227,VID,적립혜택,겨울,A,v1,False,False,5.620497184984403,4893.868420923846,0.02304925026264611,0.052486187845231375,256.8604972372143,5920.441883416449
2025-02-09,google,외부,GGL_CMP_03_첫구매,첫구매,논타겟,IMG_적립혜택_겨울_B_v1,43083,1358,257302,118,39,2840041,1225,98,31,2606998,IMG,적립혜택,겨울,B,v1,False,False,10.132054939331953,2625.530612218107,0.031520553350508754,0.0721649484535551,189.47128129588404,5972.2396304805625
2025-02-09,google,외부,GGL_CMP_03_첫구매,첫구매,논타겟,CRS_할인쿠폰_겨울_v1,39288,1055,242712,116,49,3602285,984,100,41,3104956,CRS,할인쿠폰,겨울,N,v1,False,False,12.792758495665593,2427.1199999757287,0.02685298309916446,0.09478672985773007,230.05876777229378,6177.764202809861
2025-02-09,google,외부,GGL_CMP_03_첫구매,첫구매,유사타겟,VID_적립혜택_겨울_A_v1,47711,1446,219339,131,40,2884072,1337,110,32,2165521,VID,적립혜택,겨울,A,v1,False,False,9.872940972649598,1993.9909090727817,0.030307476263334868,0.07607192254489899,151.68672199159636,4597.24172622656
2025-02-09,google,외부,GGL_CMP_03_첫구매,첫구매,유사타겟,IMG_적립혜택_겨울_B_v1,42867,939,261448,104,42,3039415,902,94,36,2257539,IMG,적립혜택,겨울,B,v1,False,False,8.63475337351975,2781.3617020980705,0.021904961858771974,0.10010649627252385,278.43237486658313,6099.050551706299
2025-02-09,google,외부,GGL_CMP_03_첫구매,첫구매,유사타겟,CRS_할인쿠폰_겨울_v1,49644,1469,242792,154,70,4298259,1356,140,48,3656381,CRS,할인쿠폰,겨울,N,v1,False,False,15.059726020626648,1734.2285714161842,0.029590685682055647,0.09530292716126937,165.27705922384936,4890.661509950752
2025-02-09,meta,외부,META_CMP_01_신규유저,신규유저,논타겟,VID_플러스멤버십_겨울_A_v1,22483,376,81397,28,6,276021,363,23,4,211250,VID,플러스멤버십,겨울,A,v1,False,False,2.5953044952516358,3538.9999998461303,0.016723746830938187,0.06117021276579476,216.48138297814765,3620.3798425475416
2025-02-09,meta,외부,META_CMP_01_신규유저,신규유저,논타겟,IMG_적립혜택_겨울_B_v1,32665,686,122272,51,10,515859,664,42,8,427772,IMG,적립혜택,겨울,B,v1,False,False,3.4985278722847135,2911.23809516878,0.021001071483238296,0.06122448979582912,178.23906705513377,3743.211388336025
2025-02-09,meta,외부,META_CMP_01_신규유저,신규유저,논타겟,CRS_플러스멤버십_겨울_v1,34472,578,116839,48,9,328950,517,37,7,304652,CRS,플러스멤버십,겨울,N,v1,False,False,2.6074512791105486,3157.8108107254648,0.016767231376188886,0.06401384083033908,202.14359861556724,3389.3884892085352
2025-02-09,meta,외부,META_CMP_02_룩얼라이크,룩얼라이크,유사타겟,VID_플러스멤버십_겨울_A_v1,39102,731,159903,40,11,629396,659,34,8,472543,VID,플러스멤버십,겨울,A,v1,False,False,2.955185331106965,4703.029411626382,0.018694695923481698,0.04651162790691312,218.74555403526847,4089.3816173084733
2025-02-09,meta,외부,META_CMP_02_룩얼라이크,룩얼라이크,유사타겟,IMG_할인쿠폰_겨울_B_v1,34541,470,148009,37,8,428227,455,27,6,381051,IMG,할인쿠폰,겨울,B,v1,False,False,2.574512360734803,5481.814814611785,0.013607017747024882,0.05744680851051607,314.9127659567768,4285.023595147672
2025-02-09,meta,외부,META_CMP_02_룩얼라이크,룩얼라이크,유사타겟,CRS_특가_겨울_v1,23906,515,115759,45,13,597072,460,40,9,535630,CRS,특가,겨울,N,v1,False,False,4.627113226617329,2893.974999927651,0.0215427089433606,0.07766990291247054,224.77475728111693,4842.257173931028
2025-02-09,meta,외부,META_CMP_03_재구매,재구매,VIP,IMG_배송혜택_겨울_A_v1,11021,242,39788,14,8,658496,214,12,6,589242,IMG,배송혜택,겨울,A,v1,False,False,14.8095405649941,3315.666666390361,0.021958080029033485,0.04958677685929923,164.4132231398165,3610.1987115503484
2025-02-09,meta,외부,META_CMP_03_재구매,재구매,VIP,VID_적립혜택_겨울_B_v1,7546,203,25367,12,6,443599,196,9,5,330270,VID,적립혜택,겨울,B,v1,False,False,13.019671226395985,2818.5555552423825,0.02690166975880905,0.044334975369239735,124.96059113238937,3361.648555525661
2025-02-09,meta,외부,META_CMP_03_재구매,재구매,VIP,CRS_신상품_겨울_v1,12169,265,45019,11,4,297277,253,9,2,273055,CRS,신상품,겨울,N,v1,False,False,6.065327972633643,5002.111110555321,0.021776645574819477,0.03396226415081524,169.88301886728345,3699.4822910671624
2025-02-09,meta,외부,META_CMP_03_재구매,재구매,윈백,IMG_배송혜택_겨울_A_v1,14570,250,64824,10,5,281091,236,7,3,212844,IMG,배송혜택,겨울,A,v1,False,False,3.2834135505367876,9260.57142724849,0.017158544955386604,0.027999999999888,259.2959999989628,4449.142072751925
2025-02-09,meta,외부,META_CMP_03_재구매,재구매,윈백,VID_적립혜택_겨울_B_v1,16974,324,73642,17,8,468692,306,12,5,339113,VID,적립혜택,겨울,B,v1,False,False,4.604885798864715,6136.8333328219305,0.019088016967125067,0.037037037036922724,227.29012345608862,4338.517733003162
2025-02-09,meta,외부,META_CMP_03_재구매,재구매,윈백,CRS_신상품_겨울_v1,15705,354,60196,15,8,550777,307,11,6,474214,CRS,신상품,겨울,N,v1,False,False,7.877832414113764,5472.363635866149,0.022540592168097895,0.031073446327595837,170.04519773963264,3832.9194524034488
2025-02-09,naver,자체,NVR_CMP_01_브랜드KW,브랜드KW,논타겟,TXT_플러스멤버십_겨울_A_v1,7140,873,58387,158,101,8007491,835,142,89,7416668,TXT,플러스멤버십,겨울,A,v1,False,False,127.02601606521783,411.1760563351326,0.12226890756300808,0.1626575028635021,66.88087056120632,8177.450980391011
2025-02-09,naver,자체,NVR_CMP_02_일반KW,일반KW,논타겟,TXT_할인쿠폰_겨울_A_v1,9820,1001,64947,182,50,3931690,938,137,44,2994659,TXT,할인쿠폰,겨울,A,v1,False,False,46.10927371549038,474.06569342719666,0.1019348268839,0.13686313686300014,64.88211788205307,6613.747454174479
2025-02-09,naver,자체,NVR_CMP_02_일반KW,일반KW,논타겟,TXT_플러스멤버십_겨울_B_v1,9188,560,62704,109,38,2981059,490,98,29,2438835,TXT,플러스멤버십,겨울,B,v1,False,False,38.89440865016524,639.8367346873486,0.06094906399651056,0.17499999999968752,111.97142857122863,6824.553765780711
2025-02-09,naver,자체,NVR_CMP_03_재구매,재구매,VIP,IMG_배송혜택_겨울_A_v1,5088,291,35900,36,31,3064865,250,26,23,2347572,IMG,배송혜택,겨울,A,v1,False,False,65.39197771587563,1380.7692307161242,0.05719339622640385,0.08934707903749366,123.36769759407778,7055.817610061506
2025-02-09,naver,자체,NVR_CMP_03_재구매,재구매,VIP,VID_적립혜택_겨울_B_v1,3860,269,36803,23,15,1397119,262,18,10,1137216,VID,적립혜택,겨울,B,v1,False,False,30.90008966660243,2044.6111109975216,0.0696891191709664,0.06691449814101519,136.81412639354346,9534.455958546752
2025-02-09,naver,자체,NVR_CMP_03_재구매,재구매,VIP,CRS_신상품_겨울_v1,5001,300,36921,30,23,1765509,277,21,20,1380175,CRS,신상품,겨울,N,v1,False,False,37.38184231196237,1758.142857059136,0.0599880023995081,0.06999999999976667,123.06999999958977,7382.723455307461
2025-02-09,naver,자체,NVR_CMP_03_재구매,재구매,윈백,IMG_배송혜택_겨울_A_v1,4899,341,38113,28,14,1246636,320,24,10,1037423,IMG,배송혜택,겨울,A,v1,False,False,27.219662582320282,1588.0416666004983,0.06960604204938362,0.07038123167134785,111.76832844542004,7779.750969584041
2025-02-09,naver,자체,NVR_CMP_03_재구매,재구매,윈백,VID_적립혜택_겨울_B_v1,8482,616,74395,59,41,4475494,529,52,33,4047717,VID,적립혜택,겨울,B,v1,False,False,54.40845486927812,1430.673076895564,0.07262438104219845,0.08441558441544737,120.77110389590784,8770.92666823759
2025-02-09,naver,자체,NVR_CMP_03_재구매,재구매,윈백,CRS_신상품_겨울_v1,8346,514,75510,37,21,1931643,501,27,16,1688748,CRS,신상품,겨울,N,v1,False,False,22.36456098529966,2796.6666665630864,0.06158638868918505,0.05252918287927524,146.9066147857064,9047.447879222496
2025-02-10,google,외부,GGL_CMP_01_플러스가입,플러스가입,논타겟,VID_플러스멤버십_겨울_A_v1,54713,1713,313740,168,60,4003450,1650,137,52,3595482,VID,플러스멤버십,겨울,A,v1,False,False,11.4600688468158,2290.072992684014,0.03130882971140257,0.07997664915348512,183.152364273098,5734.286184270544
2025-02-10,google,외부,GGL_CMP_01_플러스가입,플러스가입,논타겟,IMG_플러스멤버십_겨울_B_v1,44348,1352,226200,113,35,2262136,1317,79,29,1908357,IMG,플러스멤버십,겨울,B,v1,False,False,8.436591511936303,2863.291139204262,0.03048615495625439,0.05843195266267868,167.30769230756857,5100.568233065638
2025-02-10,google,외부,GGL_CMP_01_플러스가입,플러스가입,논타겟,CRS_플러스멤버십_겨울_v1,62233,1638,367028,248,91,5756029,1478,224,66,4633993,CRS,플러스멤버십,겨울,N,v1,False,False,12.625720653465097,1638.5178571355425,0.02632044092362531,0.13675213675205328,224.07081807068127,5897.642729741361
2025-02-10,google,외부,GGL_CMP_01_플러스가입,플러스가입,논타겟,IMG_적립혜택_겨울_v2,64236,1391,394620,149,39,2295815,1197,131,28,1956325,IMG,적립혜택,겨울,N,v2,False,False,4.957490750595497,3012.3664121907455,0.021654523942959997,0.09417685118612927,283.6951833211476,6143.284139734633
2025-02-10,google,외부,GGL_CMP_01_플러스가입,플러스가입,유사타겟,VID_플러스멤버십_겨울_A_v1,49320,1078,324660,139,57,2531249,963,127,50,2187548,VID,플러스멤버십,겨울,A,v1,False,False,6.737965871989138,2556.3779527357765,0.021857258718572144,0.11781076066779424,301.1688311685518,6582.725060827118
2025-02-10,google,외부,GGL_CMP_01_플러스가입,플러스가입,유사타겟,IMG_플러스멤버십_겨울_B_v1,51862,1126,236506,143,68,3128048,1040,110,52,2552213,IMG,플러스멤버십,겨울,B,v1,False,False,10.791324532992775,2150.0545454349995,0.021711465041841394,0.09769094138534841,210.04085257530193,4560.29462805128
2025-02-10,google,외부,GGL_CMP_01_플러스가입,플러스가입,유사타겟,CRS_플러스멤버십_겨울_v1,58107,1156,331175,157,51,2847020,1074,119,40,2059519,CRS,플러스멤버십,겨울,N,v1,False,False,6.21882388465311,2782.9831932539246,0.019894332868672968,0.10294117647049919,286.483564013593,5699.399383895129
2025-02-10,google,외부,GGL_CMP_01_플러스가입,플러스가입,유사타겟,IMG_적립혜택_겨울_v2,43725,1485,196025,156,42,2546967,1403,131,33,2355312,IMG,적립혜택,겨울,N,v2,False,False,12.015365387067915,1496.3740457901042,0.033962264150942625,0.08821548821542881,132.0033670032781,4483.133218982173
2025-02-10,google,외부,GGL_CMP_02_리타겟팅,리타겟팅,리마케팅,VID_할인쿠폰_겨울_A_v1,34944,1363,192758,128,62,4232647,1218,110,49,3607054,VID,할인쿠폰,겨울,A,v1,False,False,18.712862760559776,1752.345454529524,0.03900526556776446,0.08070432868666126,141.42186353621318,5516.197344322187
2025-02-10,google,외부,GGL_CMP_02_리타겟팅,리타겟팅,리마케팅,IMG_할인쿠폰_겨울_B_v1,35915,1093,193729,121,74,4904877,1058,103,57,3899166,IMG,할인쿠폰,겨울,B,v1,False,False,20.126909239194855,1880.864077651642,0.030432966726993447,0.09423604757539411,177.24519670615075,5394.097173882628
2025-02-10,google,외부,GGL_CMP_02_리타겟팅,리타겟팅,리마케팅,CRS_특가_겨울_v1,26645,1153,140783,116,59,3843876,1078,81,48,2989493,CRS,특가,겨울,N,v1,False,False,21.234758458052315,1738.0617283736042,0.04327265903546469,0.07025151777964418,122.10147441446479,5283.655470069233
2025-02-10,google,외부,GGL_CMP_03_첫구매,첫구매,논타겟,VID_적립혜택_겨울_A_v1,64248,2052,291664,198,138,8745152,1886,155,98,7441815,VID,적립혜택,겨울,A,v1,False,False,25.515027565966232,1881.7032257943117,0.03193873739260317,0.07553606237813083,142.13645224164614,4539.65882206443
2025-02-10,google,외부,GGL_CMP_03_첫구매,첫구매,논타겟,IMG_적립혜택_겨울_B_v1,68705,1723,410910,122,79,4588597,1593,98,66,4065546,IMG,적립혜택,겨울,B,v1,False,False,9.894005986712395,4192.959183630684,0.025078233025252528,0.056877539175823055,238.48520023201482,5980.787424495947
2025-02-10,google,외부,GGL_CMP_03_첫구매,첫구매,논타겟,CRS_할인쿠폰_겨울_v1,56060,1554,246745,151,91,6585693,1395,128,79,5659413,CRS,할인쿠폰,겨울,N,v1,False,False,22.936282396806327,1927.6953124849401,0.027720299678914956,0.08236808236802937,158.78056628046411,4401.444880485116
2025-02-10,google,외부,GGL_CMP_03_첫구매,첫구매,유사타겟,VID_적립혜택_겨울_A_v1,67136,1935,353024,197,96,5972469,1654,167,68,5428681,VID,적립혜택,겨울,A,v1,False,False,15.377654210478564,2113.9161676520125,0.028822092469017683,0.08630490956067892,182.44134366915637,5258.341277406976
2025-02-10,google,외부,GGL_CMP_03_첫구매,첫구매,유사타겟,IMG_적립혜택_겨울_B_v1,44304,1271,278028,98,43,2762253,1156,77,30,2468234,IMG,적립혜택,겨울,B,v1,False,False,8.877645417008328,3610.753246706354,0.02868815456843561,0.06058221872536539,218.74744295812846,6275.460455037779
2025-02-10,google,외부,GGL_CMP_03_첫구매,첫구매,유사타겟,CRS_할인쿠폰_겨울_v1,58675,1190,290006,136,82,5802783,1142,118,70,4448769,CRS,할인쿠폰,겨울,N,v1,False,False,15.3402653738198,2457.677966080867,0.020281210055389513,0.09915966386546289,243.70252100819857,4942.582019599405
2025-02-10,meta,외부,META_CMP_01_신규유저,신규유저,논타겟,VID_플러스멤버십_겨울_A_v1,53103,884,258853,64,15,685676,781,54,13,520555,VID,플러스멤버십,겨울,A,v1,False,False,2.0110062467887104,4793.5740739853045,0.016646893772479587,0.061085972850609634,292.82013574627507,4874.5456942168075
2025-02-10,meta,외부,META_CMP_01_신규유저,신규유저,논타겟,IMG_적립혜택_겨울_B_v1,48589,892,239351,50,19,861667,870,36,16,660508,IMG,적립혜택,겨울,B,v1,False,False,2.7595790282889867,6648.638888704205,0.0183580645825183,0.04035874439457359,268.3307174884884,4926.032641132665
2025-02-10,meta,외부,META_CMP_01_신규유저,신규유저,논타겟,CRS_플러스멤버십_겨울_v1,46903,688,205498,53,12,673179,668,38,10,536886,CRS,플러스멤버십,겨울,N,v1,False,False,2.612609368460994,5407.842105120847,0.014668571306739129,0.0552325581394546,298.68895348793797,4381.3402127794725
2025-02-10,meta,외부,META_CMP_02_룩얼라이크,룩얼라이크,유사타겟,VID_플러스멤버십_겨울_A_v1,30046,588,127149,57,25,1295210,500,43,19,1117535,VID,플러스멤버십,겨울,A,v1,False,False,8.78917647799032,2956.953488303327,0.019569992677893243,0.0731292517005559,216.2397959179996,4231.811222791578
2025-02-10,meta,외부,META_CMP_02_룩얼라이크,룩얼라이크,유사타겟,IMG_할인쿠폰_겨울_B_v1,50186,753,184995,62,16,873763,690,51,14,649879,IMG,할인쿠폰,겨울,B,v1,False,False,3.512954404173067,3627.3529411053464,0.015004184433905571,0.0677290836652487,245.67729083632713,3686.1873829354067
2025-02-10,meta,외부,META_CMP_02_룩얼라이크,룩얼라이크,유사타겟,CRS_특가_겨울_v1,41526,740,142799,57,22,1152083,654,40,19,880351,CRS,특가,겨울,N,v1,False,False,6.164966141219433,3569.9749999107507,0.01782016086307331,0.05405405405398101,192.97162162136084,3438.785339305413
2025-02-10,meta,외부,META_CMP_03_재구매,재구매,VIP,IMG_배송혜택_겨울_A_v1,11145,233,45942,11,6,344176,220,8,5,306895,IMG,배송혜택,겨울,A,v1,False,False,6.680053110443458,5742.749999282156,0.020906235980258328,0.03433476394835049,197.17596566438982,4122.207267832739
2025-02-10,meta,외부,META_CMP_03_재구매,재구매,VIP,VID_적립혜택_겨울_B_v1,12417,350,52663,16,10,823723,299,14,7,739527,VID,적립혜택,겨울,B,v1,False,False,14.04262955015829,3761.6428568741685,0.028187162760728985,0.03999999999988572,150.46571428528438,4241.201578480773
2025-02-10,meta,외부,META_CMP_03_재구매,재구매,VIP,CRS_신상품_겨울_v1,14090,358,49925,25,20,1098849,320,20,16,1009924,CRS,신상품,겨울,N,v1,False,False,20.228823234851873,2496.2499998751873,0.025408090844568812,0.05586592178755345,139.4553072621803,3543.2931156846316
2025-02-10,meta,외부,META_CMP_03_재구매,재구매,윈백,IMG_배송혜택_겨울_A_v1,16237,400,67456,16,12,698194,364,12,8,626550,IMG,배송혜택,겨울,A,v1,False,False,9.288276802656409,5621.333332864889,0.024635092689534725,0.029999999999925,168.6399999995784,4154.462031163137
2025-02-10,meta,외부,META_CMP_03_재구매,재구매,윈백,VID_적립혜택_겨울_B_v1,21337,606,84178,27,14,908292,578,23,10,665103,VID,적립혜택,겨울,B,v1,False,False,7.90114994416584,3659.913043319134,0.02840136851478519,0.037953795379475325,138.90759075884668,3945.1656746494846
2025-02-10,meta,외부,META_CMP_03_재구매,재구매,윈백,CRS_신상품_겨울_v1,18788,511,79113,33,22,1509595,454,24,17,1194024,CRS,신상품,겨울,N,v1,False,False,15.092639642030827,3296.374999862651,0.027198211624439684,0.04696673189814684,154.81996086075378,4210.82605918649
2025-02-10,naver,자체,NVR_CMP_01_브랜드KW,브랜드KW,논타겟,TXT_플러스멤버십_겨울_A_v1,8121,1254,69368,308,204,15222837,1223,269,152,13238722,TXT,플러스멤버십,겨울,A,v1,False,False,190.84768192826388,257.87360594699675,0.15441448097523033,0.2145135566186487,55.31738436997183,8541.805196403331
2025-02-10,naver,자체,NVR_CMP_02_일반KW,일반KW,논타겟,TXT_할인쿠폰_겨울_A_v1,13459,879,91689,174,116,9233213,839,138,87,6911856,TXT,할인쿠폰,겨울,A,v1,False,False,75.38369924418332,664.4130434734464,0.06530945835499923,0.15699658703053812,104.31058020465949,6812.467493869766
2025-02-10,naver,자체,NVR_CMP_02_일반KW,일반KW,논타겟,TXT_플러스멤버십_겨울_B_v1,15253,1519,99712,279,138,7826914,1418,209,122,5850906,TXT,플러스멤버십,겨울,B,v1,False,False,58.67805279204049,477.0909090886264,0.09958696649838723,0.13759052007890876,65.64318630673756,6537.205795580769
2025-02-10,naver,자체,NVR_CMP_03_재구매,재구매,VIP,IMG_배송혜택_겨울_A_v1,6622,476,59907,53,63,4564043,404,41,43,3481722,IMG,배송혜택,겨울,A,v1,False,False,58.11878411537787,1461.146341427777,0.07188160676531684,0.08613445378133165,125.85504201654233,9046.66263968453
2025-02-10,naver,자체,NVR_CMP_03_재구매,재구매,VIP,VID_적립혜택_겨울_B_v1,5830,352,40710,25,21,2233952,323,19,16,2075276,VID,적립혜택,겨울,B,v1,False,False,50.97705723409357,2142.6315788345983,0.06037735849055568,0.053977272727119385,115.65340909058054,6982.847341336708
2025-02-10,naver,자체,NVR_CMP_03_재구매,재구매,VIP,CRS_신상품_겨울_v1,5369,314,48971,39,31,2756730,292,31,27,2357171,CRS,신상품,겨울,N,v1,False,False,48.13401809233938,1579.7096773683966,0.05848388899235267,0.09872611464936712,155.95859872561797,9121.065375300963
2025-02-10,naver,자체,NVR_CMP_03_재구매,재구매,윈백,IMG_배송혜택_겨울_A_v1,7108,292,53823,28,31,2378275,262,20,27,1974976,IMG,배송혜택,겨울,A,v1,False,False,36.69390409304504,2691.1499998654426,0.04108047270680345,0.06849315068469694,184.3253424651222,7572.172200336582
2025-02-10,naver,자체,NVR_CMP_03_재구매,재구매,윈백,VID_적립혜택_겨울_B_v1,10649,500,86670,57,63,4895376,429,42,44,4389414,VID,적립혜택,겨울,B,v1,False,False,50.64513672550997,2063.571428522296,0.04695276551788459,0.083999999999832,173.33999999965332,8138.792374870116
2025-02-10,naver,자체,NVR_CMP_03_재구매,재구매,윈백,CRS_신상품_겨울_v1,6338,327,42441,29,20,1466790,288,21,14,1277111,CRS,신상품,겨울,N,v1,False,False,30.091444593670506,2020.9999999037618,0.05159356263804803,0.06422018348604214,129.78899082529117,6696.276427894178
2025-02-11,google,외부,GGL_CMP_01_플러스가입,플러스가입,논타겟,VID_플러스멤버십_겨울_A_v1,53785,1056,256185,121,33,1531035,960,105,28,1256699,VID,플러스멤버십,겨울,A,v1,False,False,4.905435525108789,2439.857142833906,0.01963372687552255,0.09943181818172403,242.59943181795208,4763.130984475138
2025-02-11,google,외부,GGL_CMP_01_플러스가입,플러스가입,논타겟,IMG_플러스멤버십_겨울_B_v1,49088,1549,255209,195,52,2829840,1490,176,39,2405104,IMG,플러스멤버십,겨울,B,v1,False,False,9.42405636164865,1450.0511363553976,0.03155557366362387,0.11362169141374201,164.75726275005502,5199.009941329751
2025-02-11,google,외부,GGL_CMP_01_플러스가입,플러스가입,논타겟,CRS_플러스멤버십_겨울_v1,55360,1774,325158,201,67,3968376,1676,158,53,3008612,CRS,플러스멤버십,겨울,N,v1,False,False,9.252769422865164,2057.962025303431,0.03204479768786069,0.08906426155575588,183.29086809459793,5873.5187861270615
2025-02-11,google,외부,GGL_CMP_01_플러스가입,플러스가입,논타겟,IMG_적립혜택_겨울_v2,53004,1126,287881,97,29,1434161,1072,83,25,1229984,IMG,적립혜택,겨울,N,v2,False,False,4.2725431688787925,3468.4457830907413,0.021243679722284713,0.07371225577258107,255.66696269959533,5431.307071164338
2025-02-11,google,외부,GGL_CMP_01_플러스가입,플러스가입,유사타겟,VID_플러스멤버십_겨울_A_v1,70398,2466,453180,258,55,3292180,2277,215,46,2979842,VID,플러스멤버십,겨울,A,v1,False,False,6.575404916368758,2107.8139534785682,0.03502940424443826,0.0871857258718219,183.77128953763838,6437.398789738253
2025-02-11,google,외부,GGL_CMP_01_플러스가입,플러스가입,유사타겟,IMG_플러스멤버십_겨울_B_v1,70026,2194,431268,280,79,4867176,1932,229,57,3674612,IMG,플러스멤버십,겨울,B,v1,False,False,8.520483782705861,1883.2663755376277,0.03133121983263314,0.10437556973559509,196.56700091148744,6158.683917402019
2025-02-11,google,외부,GGL_CMP_01_플러스가입,플러스가입,유사타겟,CRS_플러스멤버십_겨울_v1,60059,1852,296568,226,75,3719072,1708,173,57,3059723,CRS,플러스멤버십,겨울,N,v1,False,False,10.317104340319892,1714.2658959438484,0.030836344261475704,0.09341252699778974,160.13390928717055,4937.944354717779
2025-02-11,google,외부,GGL_CMP_01_플러스가입,플러스가입,유사타겟,IMG_적립혜택_겨울_v2,59772,1877,379045,182,58,3014299,1825,150,42,2331012,IMG,적립혜택,겨울,N,v2,False,False,6.149697265496165,2526.9666666498206,0.03140266345445976,0.0799147575918594,201.94192860937562,6341.51442146814
2025-02-11,google,외부,GGL_CMP_02_리타겟팅,리타겟팅,리마케팅,VID_할인쿠폰_겨울_A_v1,39153,1596,224921,195,70,3940141,1527,173,54,2991461,VID,할인쿠폰,겨울,A,v1,False,False,13.300052018264132,1300.1213872757219,0.040763159911116884,0.10839598997486943,140.92794486206708,5744.668352361103
2025-02-11,google,외부,GGL_CMP_02_리타겟팅,리타겟팅,리마케팅,IMG_할인쿠폰_겨울_B_v1,26551,689,120063,63,35,1990941,632,50,24,1638482,IMG,할인쿠폰,겨울,B,v1,False,False,13.646852069330155,2401.259999951975,0.02595005837821453,0.07256894049336347,174.25689404909397,4521.976573386895
2025-02-11,google,외부,GGL_CMP_02_리타겟팅,리타겟팅,리마케팅,CRS_특가_겨울_v1,40828,1280,231702,143,80,4054659,1112,125,67,3003273,CRS,특가,겨울,N,v1,False,False,12.961791439003493,1853.6159999851711,0.03135103360438838,0.09765624999992371,181.01718749985858,5675.075928284372
2025-02-11,google,외부,GGL_CMP_03_첫구매,첫구매,논타겟,VID_적립혜택_겨울_A_v1,64676,1517,397065,166,66,3540326,1463,125,52,3000007,VID,적립혜택,겨울,A,v1,False,False,7.5554556558749635,3176.519999974588,0.02345537757437035,0.08239947264332076,261.7435728409613,6139.294328653501
2025-02-11,google,외부,GGL_CMP_03_첫구매,첫구매,논타겟,IMG_적립혜택_겨울_B_v1,69510,2138,385153,193,78,4599403,1875,166,65,3671061,IMG,적립혜택,겨울,B,v1,False,False,9.531435559375081,2320.198795166746,0.03075816429290705,0.0776426566884576,180.14639850318983,5540.972521939209
2025-02-11,google,외부,GGL_CMP_03_첫구매,첫구매,논타겟,CRS_할인쿠폰_겨울_v1,55473,1124,321873,94,27,1991117,1065,86,22,1518065,CRS,할인쿠폰,겨울,N,v1,False,False,4.716347752063688,3742.7093022820613,0.020262109494708774,0.07651245551594617,286.36387900330396,5802.336271699642
2025-02-11,google,외부,GGL_CMP_03_첫구매,첫구매,유사타겟,VID_적립혜택_겨울_A_v1,47678,1050,306550,102,47,3490660,970,73,32,3125497,VID,적립혜택,겨울,A,v1,False,False,10.195716848801142,4199.315068435626,0.02202273585301351,0.0695238095237433,291.9523809521029,6429.5901673726585
2025-02-11,google,외부,GGL_CMP_03_첫구매,첫구매,유사타겟,IMG_적립혜택_겨울_B_v1,43879,906,263340,101,48,2356364,787,83,40,2057697,IMG,적립혜택,겨울,B,v1,False,False,7.81384142173613,3172.7710842991232,0.020647690239066055,0.09161147902859645,290.6622516553083,6001.504136374895
2025-02-11,google,외부,GGL_CMP_03_첫구매,첫구매,유사타겟,CRS_할인쿠폰_겨울_v1,57867,1314,257674,104,40,2727043,1242,77,32,2075906,CRS,할인쿠폰,겨울,N,v1,False,False,8.056326986812763,3346.415584372124,0.02270724246980105,0.05859969558595236,196.0989345508401,4452.866054918962
2025-02-11,meta,외부,META_CMP_01_신규유저,신규유저,논타겟,VID_플러스멤버십_겨울_A_v1,29523,454,122513,26,6,231592,442,19,4,174086,VID,플러스멤버십,겨울,A,v1,False,False,1.4209594083893022,6448.052631239576,0.015377841005317366,0.041850220264225,269.8524229068946,4149.747654371027
2025-02-11,meta,외부,META_CMP_01_신규유저,신규유저,논타겟,IMG_적립혜택_겨울_B_v1,33225,443,118227,34,8,375806,403,28,5,318392,IMG,적립혜택,겨울,B,v1,False,False,2.6930565776006943,4222.392856992057,0.013333333333332933,0.0632054176070808,266.87810383686934,3558.3747178328504
2025-02-11,meta,외부,META_CMP_01_신규유저,신규유저,논타겟,CRS_플러스멤버십_겨울_v1,48199,588,171075,38,6,243600,509,32,4,212377,CRS,플러스멤버십,겨울,N,v1,False,False,1.2414262750255665,5346.093749832935,0.012199423224547975,0.05442176870739044,290.9438775505256,3549.3474968359606
2025-02-11,meta,외부,META_CMP_02_룩얼라이크,룩얼라이크,유사타겟,VID_플러스멤버십_겨울_A_v1,46075,1041,213637,100,20,1067027,983,70,16,864936,VID,플러스멤버십,겨울,A,v1,False,False,4.048624536012001,3051.957142813543,0.022593597395550245,0.06724303554268277,205.2228626318874,4636.722734671631
2025-02-11,meta,외부,META_CMP_02_룩얼라이크,룩얼라이크,유사타겟,IMG_할인쿠폰_겨울_B_v1,37900,696,169389,52,15,868053,661,37,12,676412,IMG,할인쿠폰,겨울,B,v1,False,False,3.993246314695736,4578.0810809573495,0.018364116094986324,0.053160919540153506,243.37499999965033,4469.3667546172965
2025-02-11,meta,외부,META_CMP_02_룩얼라이크,룩얼라이크,유사타겟,CRS_특가_겨울_v1,31931,500,149658,42,11,459521,446,29,9,425615,CRS,특가,겨울,N,v1,False,False,2.8439174651538655,5160.62068947722,0.01565876421032803,0.057999999999884,299.31599999940136,4686.918668378545
2025-02-11,meta,외부,META_CMP_03_재구매,재구매,VIP,IMG_배송혜택_겨울_A_v1,9954,203,35599,13,6,463806,182,11,5,415721,IMG,배송혜택,겨울,A,v1,False,False,11.677884210230298,3236.2727269785205,0.02039381153304999,0.05418719211795967,175.36453201884058,3576.3512155913622
2025-02-11,meta,외부,META_CMP_03_재구매,재구매,VIP,VID_적립혜택_겨울_B_v1,9319,249,41569,16,6,457017,230,11,4,376708,VID,적립혜택,겨울,B,v1,False,False,9.062233876205608,3778.9999996564543,0.02671960510784132,0.044176706827131824,166.94377509973117,4460.671745895003
2025-02-11,meta,외부,META_CMP_03_재구매,재구매,VIP,CRS_신상품_겨울_v1,8949,158,44635,6,2,136003,141,4,1,106688,CRS,신상품,겨울,N,v1,False,False,2.3902318808109695,11158.749997210312,0.017655603978096138,0.025316455696042302,282.49999999821205,4987.708123812159
2025-02-11,meta,외부,META_CMP_03_재구매,재구매,윈백,IMG_배송혜택_겨울_A_v1,26342,509,89706,36,22,1758202,434,33,19,1421887,IMG,배송혜택,겨울,A,v1,False,False,15.85052281898629,2718.363636281262,0.01932275453648093,0.06483300589378226,176.239685657807,3405.4361855590537
2025-02-11,meta,외부,META_CMP_03_재구매,재구매,윈백,VID_적립혜택_겨울_B_v1,19258,359,72174,20,7,517220,308,17,6,419236,VID,적립혜택,겨울,B,v1,False,False,5.808684567849838,4245.529411514969,0.018641603489457956,0.04735376044555055,201.04178272924503,3747.7411984627815
2025-02-11,meta,외부,META_CMP_03_재구매,재구매,윈백,CRS_신상품_겨울_v1,25560,426,95681,18,7,529222,412,13,5,477068,CRS,신상품,겨울,N,v1,False,False,4.986026483836864,7360.076922510763,0.016666666666666014,0.030516431924810995,224.6032863844493,3743.3881064161287
2025-02-11,naver,자체,NVR_CMP_01_브랜드KW,브랜드KW,논타겟,TXT_플러스멤버십_겨울_A_v1,10769,1614,91047,322,190,12215868,1424,234,154,11124696,TXT,플러스멤버십,겨울,A,v1,False,False,122.18629938383337,389.0897435880808,0.14987464017084687,0.14498141263931538,56.41078066911003,8454.54545454467
2025-02-11,naver,자체,NVR_CMP_02_일반KW,일반KW,논타겟,TXT_할인쿠폰_겨울_A_v1,11885,960,110833,162,57,4405206,854,115,44,3798099,TXT,할인쿠폰,겨울,A,v1,False,False,34.268665469670275,963.7652173829238,0.08077408498106177,0.11979166666654188,115.4510416665464,9325.452250735436
2025-02-11,naver,자체,NVR_CMP_02_일반KW,일반KW,논타겟,TXT_플러스멤버십_겨울_B_v1,16365,1223,127001,153,49,3158869,1056,135,36,2562407,TXT,플러스멤버십,겨울,B,v1,False,False,20.176274202565175,940.7481481411797,0.07473266116712039,0.11038430089933739,103.8438266556796,7760.525511762435
2025-02-11,naver,자체,NVR_CMP_03_재구매,재구매,VIP,IMG_배송혜택_겨울_A_v1,4138,250,36668,28,19,1351297,213,25,16,1130099,IMG,배송혜택,겨울,A,v1,False,False,30.819761099595542,1466.7199999413313,0.06041565973898974,0.0999999999996,146.67199999941332,8861.285645237103
2025-02-11,naver,자체,NVR_CMP_03_재구매,재구매,VIP,VID_적립혜택_겨울_B_v1,4105,225,36301,16,8,734772,207,13,6,632448,VID,적립혜택,겨울,B,v1,False,False,17.422329963361413,2792.3846151698167,0.05481120584651526,0.05777777777752099,161.33777777706072,8843.118148597114
2025-02-11,naver,자체,NVR_CMP_03_재구매,재구매,VIP,CRS_신상품_겨울_v1,5230,241,33982,26,23,2300156,219,19,15,1874908,CRS,신상품,겨울,N,v1,False,False,55.17356247424946,1788.5263156953406,0.04608030592733344,0.07883817427353179,141.00414937700828,6497.514340342926
2025-02-11,naver,자체,NVR_CMP_03_재구매,재구매,윈백,IMG_배송혜택_겨울_A_v1,7631,436,54435,31,15,1608119,391,25,11,1259237,IMG,배송혜택,겨울,A,v1,False,False,23.132855699457647,2177.399999912904,0.05713536889004624,0.057339449541152894,124.8509174309063,7133.4032236918965
2025-02-11,naver,자체,NVR_CMP_03_재구매,재구매,윈백,VID_적립혜택_겨울_B_v1,10625,500,91938,34,24,1855845,459,27,18,1502196,VID,적립혜택,겨울,B,v1,False,False,16.339228610585216,3405.111110984996,0.04705882352940734,0.053999999999892,183.87599999963226,8652.988235293304
2025-02-11,naver,자체,NVR_CMP_03_재구매,재구매,윈백,CRS_신상품_겨울_v1,8619,429,55980,31,15,1171126,402,27,10,942219,CRS,신상품,겨울,N,v1,False,False,16.831350482314814,2073.333333256543,0.04977375565610282,0.06293706293691623,130.4895104892063,6494.9530107893615
2025-02-12,google,외부,GGL_CMP_01_플러스가입,플러스가입,논타겟,VID_플러스멤버십_겨울_A_v1,65645,2259,352307,225,58,3179830,2161,161,46,2639797,VID,플러스멤버십,겨울,A,v1,False,False,7.4928883048023245,2188.242236011253,0.03441236956356106,0.07127047366088037,155.95706064623462,5366.852007007306
2025-02-12,google,외부,GGL_CMP_01_플러스가입,플러스가입,논타겟,IMG_플러스멤버십_겨울_B_v1,65912,2029,358891,170,59,3249842,1836,130,44,2742073,IMG,플러스멤버십,겨울,B,v1,False,False,7.640406140025781,2760.699999978764,0.030783468867580547,0.0640709709216047,176.8807294232741,5445.00242747898
2025-02-12,google,외부,GGL_CMP_01_플러스가입,플러스가입,논타겟,CRS_플러스멤버십_겨울_v1,63418,2052,286096,252,74,3508998,1811,177,60,2957975,CRS,플러스멤버십,겨울,N,v1,False,False,10.33909946311724,1616.361581911772,0.032356744142041184,0.08625730994147843,139.4230019492498,4511.274401589383
2025-02-12,google,외부,GGL_CMP_01_플러스가입,플러스가입,논타겟,IMG_적립혜택_겨울_v2,56447,1963,256804,259,80,5407424,1829,196,54,4176429,IMG,적립혜택,겨울,N,v2,False,False,16.263099484431645,1310.2244897892335,0.03477598455187991,0.09984717269480395,130.82221090161445,4549.471185359637
2025-02-12,google,외부,GGL_CMP_01_플러스가입,플러스가입,유사타겟,VID_플러스멤버십_겨울_A_v1,71417,1452,437487,123,35,2023017,1386,94,30,1805662,VID,플러스멤버십,겨울,A,v1,False,False,4.127350069830637,4654.117021227084,0.020331293669574185,0.0647382920109747,301.299586776652,6125.810381281682
2025-02-12,google,외부,GGL_CMP_01_플러스가입,플러스가입,유사타겟,IMG_플러스멤버십_겨울_B_v1,69165,1782,396553,269,78,4822017,1560,223,64,4295788,IMG,플러스멤버십,겨울,B,v1,False,False,10.83282184222535,1778.2645739830573,0.025764476252439442,0.12514029180688824,222.5325476990895,5733.434540591256
2025-02-12,google,외부,GGL_CMP_01_플러스가입,플러스가입,유사타겟,CRS_플러스멤버십_겨울_v1,51113,1453,257801,160,40,1869534,1275,122,27,1534471,CRS,플러스멤버십,겨울,N,v1,False,False,5.952153017249716,2113.122950802351,0.028427210298749273,0.08396421197516589,177.426703372211,5043.74620937912
2025-02-12,google,외부,GGL_CMP_01_플러스가입,플러스가입,유사타겟,IMG_적립혜택_겨울_v2,47283,1092,226165,114,24,1542398,1065,96,19,1299318,IMG,적립혜택,겨울,N,v2,False,False,5.745000331616272,2355.885416642126,0.023094981282913034,0.08791208791200741,207.1108058606162,4783.2201848443465
2025-02-12,google,외부,GGL_CMP_02_리타겟팅,리타겟팅,리마케팅,VID_할인쿠폰_겨울_A_v1,41156,1868,221475,142,72,4971920,1627,112,64,4269227,VID,할인쿠폰,겨울,A,v1,False,False,19.27633818715422,1977.4553571252013,0.04538827874428892,0.059957173447505376,118.56263383291298,5381.353873068196
2025-02-12,google,외부,GGL_CMP_02_리타겟팅,리타겟팅,리마케팅,IMG_할인쿠폰_겨울_B_v1,23620,810,130719,104,47,2289700,697,74,33,1968512,IMG,할인쿠폰,겨울,B,v1,False,False,15.059111529310849,1766.4729729491016,0.03429297205757687,0.09135802469124524,161.38148148128224,5534.250635054804
2025-02-12,google,외부,GGL_CMP_02_리타겟팅,리타겟팅,리마케팅,CRS_특가_겨울_v1,23643,978,136682,79,44,3069180,951,69,32,2650889,CRS,특가,겨울,N,v1,False,False,19.394572804026726,1980.8985506959289,0.041365308970941025,0.07055214723919166,139.75664621662602,5781.076851499142
2025-02-12,google,외부,GGL_CMP_03_첫구매,첫구매,논타겟,VID_적립혜택_겨울_A_v1,63280,1649,361332,182,82,5081503,1433,131,73,4685801,VID,적립혜택,겨울,A,v1,False,False,12.968131801224324,2758.2595419636777,0.026058786346396554,0.07944208611274746,219.12189205565852,5710.0505689000365
2025-02-12,google,외부,GGL_CMP_03_첫구매,첫구매,논타겟,IMG_적립혜택_겨울_B_v1,62621,1600,361769,184,90,5739622,1529,163,80,5251156,IMG,적립혜택,겨울,B,v1,False,False,14.51521827464483,2219.441717777795,0.025550534165854497,0.10187499999993632,226.1056249998587,5777.119496654385
2025-02-12,google,외부,GGL_CMP_03_첫구매,첫구매,논타겟,CRS_할인쿠폰_겨울_v1,68007,1500,319914,155,58,4351471,1344,125,51,3654924,CRS,할인쿠폰,겨울,N,v1,False,False,11.424707890245468,2559.3119999795254,0.022056553001896538,0.08333333333327778,213.27599999985782,4704.133398032486
2025-02-12,google,외부,GGL_CMP_03_첫구매,첫구매,유사타겟,VID_적립혜택_겨울_A_v1,53031,1331,284398,84,26,1896935,1176,59,20,1554325,VID,적립혜택,겨울,A,v1,False,False,5.465316211787687,4820.305084664063,0.02509852727649818,0.04432757325315979,213.67242674664638,5362.863230940293
2025-02-12,google,외부,GGL_CMP_03_첫구매,첫구매,유사타겟,IMG_적립혜택_겨울_B_v1,41592,1253,260061,104,30,1992579,1079,87,20,1500699,IMG,적립혜택,겨울,B,v1,False,False,5.770565367356098,2989.2068965173653,0.030125985766492835,0.06943335993609782,207.55067837174178,6252.668782458016
2025-02-12,google,외부,GGL_CMP_03_첫구매,첫구매,유사타겟,CRS_할인쿠폰_겨울_v1,67902,1875,386970,198,81,4958018,1814,145,68,3978025,CRS,할인쿠폰,겨울,N,v1,False,False,10.279931260821225,2668.7586206712504,0.027613325086153166,0.07733333333329209,206.38399999988994,5698.948484580635
2025-02-12,meta,외부,META_CMP_01_신규유저,신규유저,논타겟,VID_플러스멤버십_겨울_A_v1,53170,949,254393,72,11,412098,850,61,8,365118,VID,플러스멤버십,겨울,A,v1,False,False,1.4352517561410831,4170.377049111961,0.017848410757945875,0.06427818756579107,268.0642781872834,4784.521346623947
2025-02-12,meta,외부,META_CMP_01_신규유저,신규유저,논타겟,IMG_적립혜택_겨울_B_v1,49310,762,195058,38,10,511250,665,28,8,442280,IMG,적립혜택,겨울,B,v1,False,False,2.2674281495760122,6966.3571426083445,0.015453254917866246,0.03674540682409876,255.981627296252,3955.749340904402
2025-02-12,meta,외부,META_CMP_01_신규유저,신규유저,논타겟,CRS_플러스멤버십_겨울_v1,43466,633,173604,33,9,447548,608,27,7,339314,CRS,플러스멤버십,겨울,N,v1,False,False,1.9545286974954383,6429.777777539638,0.01456310679611617,0.04265402843595158,274.2559241701829,3994.0183131642207
2025-02-12,meta,외부,META_CMP_02_룩얼라이크,룩얼라이크,유사타겟,VID_플러스멤버십_겨울_A_v1,45527,1008,223814,87,18,954644,907,65,13,809995,VID,플러스멤버십,겨울,A,v1,False,False,3.6190542146603715,3443.2923076393336,0.022140707711906734,0.06448412698406301,222.03769841247814,4916.0717815800535
2025-02-12,meta,외부,META_CMP_02_룩얼라이크,룩얼라이크,유사타겟,IMG_할인쿠폰_겨울_B_v1,30045,525,116719,29,5,259299,453,21,4,206057,IMG,할인쿠폰,겨울,B,v1,False,False,1.7654109442335715,5558.04761878295,0.01747378931602538,0.03999999999992381,222.3219047614813,3884.806124146983
2025-02-12,meta,외부,META_CMP_02_룩얼라이크,룩얼라이크,유사타겟,CRS_특가_겨울_v1,48553,1044,196307,82,15,756911,965,71,10,629954,CRS,특가,겨울,N,v1,False,False,3.2090246399771623,2764.88732390472,0.02150227586348894,0.0680076628351839,188.03352490403446,4043.1487240746396
2025-02-12,meta,외부,META_CMP_03_재구매,재구매,VIP,IMG_배송혜택_겨울_A_v1,12847,300,56420,20,7,437126,273,18,5,355596,IMG,배송혜택,겨울,A,v1,False,False,6.302658631690778,3134.444444270309,0.023351755273602913,0.059999999999800005,188.0666666660398,4391.686775122254
2025-02-12,meta,외부,META_CMP_03_재구매,재구매,VIP,VID_적립혜택_겨울_B_v1,13172,294,58050,12,5,304827,281,9,4,265870,VID,적립혜택,겨울,B,v1,False,False,4.580017226528776,6449.999999283334,0.02232007288186894,0.03061224489785506,197.44897959116514,4407.075614940449
2025-02-12,meta,외부,META_CMP_03_재구매,재구매,VIP,CRS_신상품_겨울_v1,11524,310,50331,20,12,997167,292,14,8,868672,CRS,신상품,겨울,N,v1,False,False,17.25918420059174,3595.0714283146376,0.026900381811868542,0.04516129032243497,162.3580645156053,4367.493925719857
2025-02-12,meta,외부,META_CMP_03_재구매,재구매,윈백,IMG_배송혜택_겨울_A_v1,25969,549,130055,22,9,652063,473,17,7,472488,IMG,배송혜택,겨울,A,v1,False,False,3.632986044365817,7650.2941171970415,0.02114059070430047,0.030965391621072924,236.8943533693317,5008.086564750086
2025-02-12,meta,외부,META_CMP_03_재구매,재구매,윈백,VID_적립혜택_겨울_B_v1,16786,488,64252,24,9,521509,420,18,6,396650,VID,적립혜택,겨울,B,v1,False,False,6.17334868953486,3569.5555553572467,0.02907184558560532,0.03688524590156376,131.6639344259597,3827.713570832609
2025-02-12,meta,외부,META_CMP_03_재구매,재구매,윈백,CRS_신상품_겨울_v1,18343,307,79112,16,5,395741,280,14,4,349124,CRS,신상품,겨울,N,v1,False,False,4.413034685003483,5650.85714245351,0.016736629777025745,0.04560260586304364,257.6938110740792,4312.925911791729
2025-02-12,naver,자체,NVR_CMP_01_브랜드KW,브랜드KW,논타겟,TXT_플러스멤버십_겨울_A_v1,6984,806,56727,222,125,9150327,785,191,108,7475471,TXT,플러스멤버십,겨울,A,v1,False,False,131.77976977453184,296.99999999844505,0.11540664375714269,0.2369727047143462,70.38089330016082,8122.422680411207
2025-02-12,naver,자체,NVR_CMP_02_일반KW,일반KW,논타겟,TXT_할인쿠폰_겨울_A_v1,12986,797,86419,107,41,3298596,759,94,33,3011666,TXT,할인쿠폰,겨울,A,v1,False,False,34.849581689211455,919.3510638200069,0.06137378715539339,0.11794228356321462,108.4303638643558,6654.782073001181
2025-02-12,naver,자체,NVR_CMP_02_일반KW,일반KW,논타겟,TXT_플러스멤버십_겨울_B_v1,13557,1392,110448,232,91,6783845,1228,212,69,5765552,TXT,플러스멤버십,겨울,B,v1,False,False,52.201506591336624,520.9811320730142,0.102677583536173,0.15229885057460324,79.34482758614989,8146.935162646003
2025-02-12,naver,자체,NVR_CMP_03_재구매,재구매,VIP,IMG_배송혜택_겨울_A_v1,5206,383,39668,32,27,1980688,342,24,20,1700579,IMG,배송혜택,겨울,A,v1,False,False,42.870298477361025,1652.8333332644652,0.0735689588935702,0.06266318537842647,103.57180156630922,7619.669611984706
2025-02-12,naver,자체,NVR_CMP_03_재구매,재구매,VIP,VID_적립혜택_겨울_B_v1,4138,258,36049,27,13,1290580,235,21,10,1032609,VID,적립혜택,겨울,B,v1,False,False,28.6445948569994,1716.619047537304,0.06234896085063742,0.08139534883689382,139.72480620100882,8711.696471723364
2025-02-12,naver,자체,NVR_CMP_03_재구매,재구매,VIP,CRS_신상품_겨울_v1,6031,321,39957,23,17,1226125,307,18,14,1090731,CRS,신상품,겨울,N,v1,False,False,27.297619941436363,2219.833333210009,0.053225004145240715,0.0560747663549655,124.47663551363092,6625.269441219262
2025-02-12,naver,자체,NVR_CMP_03_재구매,재구매,윈백,IMG_배송혜택_겨울_A_v1,7418,385,57226,41,22,2019084,340,32,15,1659599,IMG,배송혜택,겨울,A,v1,False,False,29.00078635585173,1788.3124999441154,0.05190078188190187,0.08311688311666723,148.63896103857496,7714.478296035627
2025-02-12,naver,자체,NVR_CMP_03_재구매,재구매,윈백,VID_적립혜택_겨울_B_v1,6565,405,55699,34,18,1664231,374,25,13,1329771,VID,적립혜택,겨울,B,v1,False,False,23.874234725937203,2227.9599999108814,0.06169078446305229,0.06172839506157598,137.52839506138884,8484.23457730259
2025-02-12,naver,자체,NVR_CMP_03_재구매,재구매,윈백,CRS_신상품_겨울_v1,8325,593,74206,65,47,4150805,542,46,40,3217070,CRS,신상품,겨울,N,v1,False,False,43.35323289221837,1613.1739130084093,0.07123123123122267,0.07757166947710359,125.13659359169455,8913.633633632562
2025-02-13,google,외부,GGL_CMP_01_플러스가입,플러스가입,논타겟,VID_플러스멤버십_겨울_A_v1,38973,1258,198124,140,34,2203108,1124,125,27,1948271,VID,플러스멤버십,겨울,A,v1,False,False,9.833594112777806,1584.99199998732,0.032278757088239754,0.09936406995222626,157.49125596171902,5083.621994714159
2025-02-13,google,외부,GGL_CMP_01_플러스가입,플러스가입,논타겟,IMG_플러스멤버십_겨울_B_v1,48681,1193,237836,163,52,2329314,1034,144,39,2067907,IMG,플러스멤버십,겨울,B,v1,False,False,8.694676163406681,1651.6388888774193,0.0245064809679336,0.12070410729243863,199.3595976528086,4885.602185657548
2025-02-13,google,외부,GGL_CMP_01_플러스가입,플러스가입,논타겟,CRS_플러스멤버십_겨울_v1,67404,2168,423259,205,52,3289855,1858,161,39,2788910,CRS,플러스멤버십,겨울,N,v1,False,False,6.589133367512548,2628.937888182429,0.03216426324847142,0.07426199261989194,195.23016605157048,6279.434454928397
2025-02-13,google,외부,GGL_CMP_01_플러스가입,플러스가입,논타겟,IMG_적립혜택_겨울_v2,46053,927,273027,119,25,1228382,809,90,22,1090336,IMG,적립혜택,겨울,N,v2,False,False,3.9935097993971147,3033.633333299626,0.020128981825287818,0.09708737864067196,294.52750809029715,5928.538857403299
2025-02-13,google,외부,GGL_CMP_01_플러스가입,플러스가입,유사타겟,VID_플러스멤버십_겨울_A_v1,52630,1778,311922,204,51,3315241,1653,160,35,2510115,VID,플러스멤버십,겨울,A,v1,False,False,8.047252197664776,1949.5124999878158,0.03378301349040407,0.08998875140602362,175.43419572543564,5926.695800873915
2025-02-13,google,외부,GGL_CMP_01_플러스가입,플러스가입,유사타겟,IMG_플러스멤버십_겨울_B_v1,61901,1293,323094,194,52,3655859,1188,157,39,2678258,IMG,플러스멤버십,겨울,B,v1,False,False,8.289408036051402,2057.9235668658735,0.020888192436309256,0.12142304717701359,249.8793503478346,5219.527955929546
2025-02-13,google,외부,GGL_CMP_01_플러스가입,플러스가입,유사타겟,CRS_플러스멤버십_겨울_v1,63596,2251,281923,259,70,3842455,2121,237,49,3472311,CRS,플러스멤버십,겨울,N,v1,False,False,12.316522596595481,1189.548523201732,0.03539530788099825,0.10528653931581285,125.24344735667471,4433.030379269067
2025-02-13,google,외부,GGL_CMP_01_플러스가입,플러스가입,유사타겟,IMG_적립혜택_겨울_v2,44205,1285,286090,145,45,1996854,1226,115,40,1609055,IMG,적립혜택,겨울,N,v2,False,False,5.624296550036682,2487.73913041315,0.029069109829204187,0.08949416342405486,222.6381322955466,6471.892319873172
2025-02-13,google,외부,GGL_CMP_02_리타겟팅,리타겟팅,리마케팅,VID_할인쿠폰_겨울_A_v1,28309,791,175130,63,32,2217179,677,51,23,1950101,VID,할인쿠폰,겨울,A,v1,False,False,11.135162450750808,3433.9215685601193,0.02794164400014031,0.06447534766110685,221.40328697822832,6186.371825214377
2025-02-13,google,외부,GGL_CMP_02_리타겟팅,리타겟팅,리마케팅,IMG_할인쿠폰_겨울_B_v1,32578,954,168121,108,45,2911291,816,88,40,2484691,IMG,할인쿠폰,겨울,B,v1,False,False,14.779182850446913,1910.4659090691991,0.02928356559641386,0.09224318658271254,176.22746331218426,5160.568481797374
2025-02-13,google,외부,GGL_CMP_02_리타겟팅,리타겟팅,리마케팅,CRS_특가_겨울_v1,30396,913,168118,87,30,1779930,865,70,26,1416870,CRS,특가,겨울,N,v1,False,False,8.427830452420274,2401.6857142514045,0.03003684695354553,0.07667031763408907,184.13800657153982,5530.925121726361
2025-02-13,google,외부,GGL_CMP_03_첫구매,첫구매,논타겟,VID_적립혜택_겨울_A_v1,63329,2010,285217,199,74,4265468,1804,167,55,3201595,VID,적립혜택,겨울,A,v1,False,False,11.225119821048496,1707.8862275346835,0.031739013721991005,0.08308457711438652,141.89900497505377,4503.734466042342
2025-02-13,google,외부,GGL_CMP_03_첫구매,첫구매,논타겟,IMG_적립혜택_겨울_B_v1,44994,1381,209001,157,48,3358367,1254,136,39,2937431,IMG,적립혜택,겨울,B,v1,False,False,14.054626532887337,1536.7720588122297,0.03069298128639306,0.09847936278052247,151.34033309185276,4645.086011468094
2025-02-13,google,외부,GGL_CMP_03_첫구매,첫구매,논타겟,CRS_할인쿠폰_겨울_v1,70745,1961,407897,209,61,3761336,1864,181,44,2939968,CRS,할인쿠폰,겨울,N,v1,False,False,7.207623493185762,2253.5745856229087,0.027719273446886312,0.09229984701678108,208.00458949504946,5765.7360944235525
2025-02-13,google,외부,GGL_CMP_03_첫구매,첫구매,유사타겟,VID_적립혜택_겨울_A_v1,59670,1708,326778,110,52,3389954,1536,81,36,2778724,VID,적립혜택,겨울,A,v1,False,False,8.50339986167977,4034.29629624649,0.02862409921233403,0.04742388758779425,191.32201405141024,5476.420311714338
2025-02-13,google,외부,GGL_CMP_03_첫구매,첫구매,유사타겟,IMG_적립혜택_겨울_B_v1,62069,1696,281403,184,76,4568170,1496,130,57,3898575,IMG,적립혜택,겨울,B,v1,False,False,13.854063389516055,2164.6384615218108,0.027324429264205526,0.07665094339618123,165.9215801885814,4533.712481270772
2025-02-13,google,외부,GGL_CMP_03_첫구매,첫구매,유사타겟,CRS_할인쿠폰_겨울_v1,39595,1054,243280,79,34,2162977,915,66,24,1942422,CRS,할인쿠폰,겨울,N,v1,False,False,7.984306149292963,3686.0606060047567,0.02661952266700274,0.06261859582536754,230.8159392787184,6144.2101275412015
2025-02-13,meta,외부,META_CMP_01_신규유저,신규유저,논타겟,VID_플러스멤버십_겨울_A_v1,51603,591,247755,50,13,693666,541,42,9,568511,VID,플러스멤버십,겨울,A,v1,False,False,2.294649956610352,5898.928571288121,0.011452822510318946,0.07106598984759549,419.2131979688338,4801.174350328377
2025-02-13,meta,외부,META_CMP_01_신규유저,신규유저,논타겟,IMG_적립혜택_겨울_B_v1,36622,737,174888,46,8,338188,714,41,5,273856,IMG,적립혜택,겨울,B,v1,False,False,1.5658936004757242,4265.5609755057185,0.020124515318660368,0.05563093622787567,237.29715061026147,4775.490142537143
2025-02-13,meta,외부,META_CMP_01_신규유저,신규유저,논타겟,CRS_플러스멤버십_겨울_v1,50211,672,213845,43,7,351561,590,36,5,254273,CRS,플러스멤버십,겨울,N,v1,False,False,1.1890528186303109,5940.138888723885,0.013383521539104711,0.053571428571348854,318.22172619000264,4258.92732668132
2025-02-13,meta,외부,META_CMP_02_룩얼라이크,룩얼라이크,유사타겟,VID_플러스멤버십_겨울_A_v1,46693,969,219679,82,17,895868,842,65,13,769393,VID,플러스멤버십,겨울,A,v1,False,False,3.502351157825721,3379.676923024928,0.02075257533249051,0.06707946336422387,226.7069143444513,4704.752318334554
2025-02-13,meta,외부,META_CMP_02_룩얼라이크,룩얼라이크,유사타겟,IMG_할인쿠폰_겨울_B_v1,51428,1056,242255,84,20,1049436,968,61,17,907789,IMG,할인쿠폰,겨울,B,v1,False,False,3.7472456708839705,3971.3934425578464,0.02053356148401609,0.05776515151509681,229.4081439391767,4710.5662285135595
2025-02-13,meta,외부,META_CMP_02_룩얼라이크,룩얼라이크,유사타겟,CRS_특가_겨울_v1,30935,721,120287,58,11,548946,638,46,7,438682,CRS,특가,겨울,N,v1,False,False,3.6469610182313663,2614.9347825518494,0.023306933893647217,0.06380027739242192,166.8335644935273,3888.3788588975626
2025-02-13,meta,외부,META_CMP_03_재구매,재구매,VIP,IMG_배송혜택_겨울_A_v1,9095,160,41696,9,5,332864,141,6,4,297795,IMG,배송혜택,겨울,A,v1,False,False,7.142051995395071,6949.333332175111,0.017592083562394986,0.03749999999976563,260.5999999983713,4584.496976360134
2025-02-13,meta,외부,META_CMP_03_재구매,재구매,VIP,VID_적립혜택_겨울_B_v1,13724,338,49865,15,7,400593,330,13,5,330486,VID,적립혜택,겨울,B,v1,False,False,6.627614559310005,3835.7692304741718,0.02462838822500549,0.03846153846142467,147.52958579838008,3633.4159137275115
2025-02-13,meta,외부,META_CMP_03_재구매,재구매,VIP,CRS_신상품_겨울_v1,11782,328,58267,19,12,853607,300,13,9,780252,CRS,신상품,겨울,N,v1,False,False,13.390976024164392,4482.076922732148,0.02783907655745817,0.03963414634134258,177.64329268238524,4945.4252249189485
2025-02-13,meta,외부,META_CMP_03_재구매,재구매,윈백,IMG_배송혜택_겨울_A_v1,16814,304,79551,12,5,418145,259,10,3,339171,IMG,배송혜택,겨울,A,v1,False,False,4.263566768488086,7955.09999920449,0.01808017128583216,0.032894736841997056,261.6809210517708,4731.235874865902
2025-02-13,meta,외부,META_CMP_03_재구매,재구매,윈백,VID_적립혜택_겨울_B_v1,16144,470,68020,28,15,1087686,448,22,11,785693,VID,적립혜택,겨울,B,v1,False,False,11.550911496618472,3091.8181816776446,0.02911298315163348,0.046808510638198284,144.72340425501122,4213.3300297321475
2025-02-13,meta,외부,META_CMP_03_재구매,재구매,윈백,CRS_신상품_겨울_v1,15753,323,62793,21,9,761222,284,17,7,651966,CRS,신상품,겨울,N,v1,False,False,10.382781520232982,3693.7058821356645,0.020504030978225066,0.05263157894720548,194.4055727548161,3986.097886116677
2025-02-13,naver,자체,NVR_CMP_01_브랜드KW,브랜드KW,논타겟,TXT_플러스멤버십_겨울_A_v1,9762,989,78419,172,89,6133958,937,152,73,4667619,TXT,플러스멤버십,겨울,A,v1,False,False,59.52153177163621,515.9144736808164,0.10131120671992405,0.15369059656202863,79.29120323551133,8033.087482072522
2025-02-13,naver,자체,NVR_CMP_02_일반KW,일반KW,논타겟,TXT_할인쿠폰_겨울_A_v1,11158,1102,92431,206,93,4713327,965,179,63,4220375,TXT,할인쿠폰,겨울,A,v1,False,False,45.659735370167525,516.3743016730929,0.0987632192149042,0.16243194192362756,83.87568058068614,8283.832227997105
2025-02-13,naver,자체,NVR_CMP_02_일반KW,일반KW,논타겟,TXT_플러스멤버십_겨울_B_v1,11876,778,90070,144,70,5538918,720,114,48,4010755,TXT,플러스멤버십,겨울,B,v1,False,False,44.529310536249085,790.087719291315,0.0655102728191255,0.1465295629818168,115.77120822607228,7584.203435499529
2025-02-13,naver,자체,NVR_CMP_03_재구매,재구매,VIP,IMG_배송혜택_겨울_A_v1,6012,338,57185,35,23,1688981,287,29,20,1322149,IMG,배송혜택,겨울,A,v1,False,False,23.12055608988331,1971.8965516561416,0.056220891550223515,0.08579881656779349,169.18639053204384,9511.80971390394
2025-02-13,naver,자체,NVR_CMP_03_재구매,재구매,VIP,VID_적립혜택_겨울_B_v1,4060,179,36907,22,12,980245,170,18,8,832193,VID,적립혜택,겨울,B,v1,False,False,22.548378356408744,2050.3888887749786,0.044088669950728056,0.10055865921731533,206.18435754074758,9090.394088667712
2025-02-13,naver,자체,NVR_CMP_03_재구매,재구매,VIP,CRS_신상품_겨울_v1,6768,417,60044,39,27,1892509,396,33,20,1580489,CRS,신상품,겨울,N,v1,False,False,26.3221804010388,1819.515151460015,0.06161347517729586,0.07913669064729224,143.99040767351562,8871.74940898214
2025-02-13,naver,자체,NVR_CMP_03_재구매,재구매,윈백,IMG_배송혜택_겨울_A_v1,7888,362,63970,36,27,2061554,336,31,21,1718071,IMG,배송혜택,겨울,A,v1,False,False,26.857448804126516,2063.5483870302082,0.045892494929000265,0.08563535911578554,176.7127071818323,8109.7870182545485
2025-02-13,naver,자체,NVR_CMP_03_재구매,재구매,윈백,VID_적립혜택_겨울_B_v1,9313,551,78536,40,28,2773242,514,34,19,2014575,VID,적립혜택,겨울,B,v1,False,False,25.651611999592216,2309.882352873239,0.05916460861161181,0.06170598911059581,142.53357531734568,8432.943197679755
2025-02-13,naver,자체,NVR_CMP_03_재구매,재구매,윈백,CRS_신상품_겨울_v1,10635,595,80418,68,49,5309678,507,56,34,4874742,CRS,신상품,겨울,N,v1,False,False,60.61754831007907,1436.0357142600708,0.055947343676534464,0.09411764705866535,135.15630252078125,7561.6361071925185
2025-02-14,google,외부,GGL_CMP_01_플러스가입,플러스가입,논타겟,VID_플러스멤버십_겨울_A_v1,42879,1448,260739,155,50,3067707,1339,136,36,2218214,VID,플러스멤버십,겨울,A,v1,False,False,8.50741162618554,1917.1985293976677,0.033769444250098334,0.09392265193363679,180.0683701656215,6080.808787518225
2025-02-14,google,외부,GGL_CMP_01_플러스가입,플러스가입,논타겟,IMG_플러스멤버십_겨울_B_v1,70766,2008,312280,297,99,5359360,1743,212,77,4236461,IMG,플러스멤버십,겨울,B,v1,False,False,13.566225822979334,1473.01886791758,0.02837520843342808,0.10557768924297531,155.51792828677515,4412.853630274362
2025-02-14,google,외부,GGL_CMP_01_플러스가입,플러스가입,논타겟,CRS_플러스멤버십_겨울_v1,48873,1712,264562,195,59,3684639,1485,149,47,3259624,CRS,플러스멤버십,겨울,N,v1,False,False,12.320832167884987,1775.583892605533,0.03502956642726997,0.087032710280323,154.53387850458265,5413.2547623431055
2025-02-14,google,외부,GGL_CMP_01_플러스가입,플러스가입,논타겟,IMG_적립혜택_겨울_v2,41686,1265,259976,152,35,2125730,1172,137,27,1609550,IMG,적립혜택,겨울,N,v2,False,False,6.191148413699702,1897.6350364824991,0.030345919493354356,0.10830039525683138,205.5146245057664,6236.530249963867
2025-02-14,google,외부,GGL_CMP_01_플러스가입,플러스가입,유사타겟,VID_플러스멤버십_겨울_A_v1,43150,1502,221592,184,48,3182734,1448,165,35,2780424,VID,플러스멤버십,겨울,A,v1,False,False,12.547492689266704,1342.981818173679,0.03480880648899108,0.10985352862842221,147.53129161108686,5135.388180764656
2025-02-14,google,외부,GGL_CMP_01_플러스가입,플러스가입,유사타겟,IMG_플러스멤버십_겨울_B_v1,47291,1013,293737,107,25,1434198,971,82,21,1070697,IMG,플러스멤버십,겨울,B,v1,False,False,3.645087271947342,3582.158536541681,0.02142056628111012,0.08094768015786678,289.96742349428433,6211.266414328176
2025-02-14,google,외부,GGL_CMP_01_플러스가입,플러스가입,유사타겟,CRS_플러스멤버십_겨울_v1,66382,1432,415421,154,49,3113138,1220,132,34,2502504,CRS,플러스멤버십,겨울,N,v1,False,False,6.024019007223982,3147.128787854946,0.021572112922177374,0.0921787709496563,290.09846368694826,6258.0368172093895
2025-02-14,google,외부,GGL_CMP_01_플러스가입,플러스가입,유사타겟,IMG_적립혜택_겨울_v2,69036,2352,366030,349,91,4532708,2040,309,71,3432625,IMG,적립혜택,겨울,N,v2,False,False,9.37798814304836,1184.563106792283,0.03406918129671426,0.1313775510203523,155.62499999993383,5302.016339301157
2025-02-14,google,외부,GGL_CMP_02_리타겟팅,리타겟팅,리마케팅,VID_할인쿠폰_겨울_A_v1,26326,954,134837,116,61,2692482,821,94,54,2400438,VID,할인쿠폰,겨울,A,v1,False,False,17.80251711325513,1434.436170197506,0.03623793967940302,0.09853249475880657,141.33857442333192,5121.8187343308855
2025-02-14,google,외부,GGL_CMP_02_리타겟팅,리타겟팅,리마케팅,IMG_할인쿠폰_겨울_B_v1,26718,1041,159709,94,33,1832864,937,85,29,1625597,IMG,할인쿠폰,겨울,B,v1,False,False,10.178493384843621,1878.9294117426007,0.0389624971929022,0.08165225744468621,153.4188280498046,5977.580657234599
2025-02-14,google,외부,GGL_CMP_02_리타겟팅,리타겟팅,리마케팅,CRS_특가_겨울_v1,30488,1055,138099,103,48,3033379,1026,74,38,2804941,CRS,특가,겨울,N,v1,False,False,20.311088422073873,1866.2027026774836,0.03460377853581623,0.07014218009472024,130.89952606622663,4529.618210443305
2025-02-14,google,외부,GGL_CMP_03_첫구매,첫구매,논타겟,VID_적립혜택_겨울_A_v1,58643,1768,372324,121,56,2856378,1545,86,48,2502793,VID,적립혜택,겨울,A,v1,False,False,6.72208345419579,4329.348837158961,0.03014852582575874,0.04864253393662407,210.59049773743746,6348.993059700111
2025-02-14,google,외부,GGL_CMP_03_첫구매,첫구매,논타겟,IMG_적립혜택_겨울_B_v1,46004,1368,282772,90,36,1959774,1168,64,27,1540227,IMG,적립혜택,겨울,B,v1,False,False,5.446886537563813,4418.312499930964,0.02973654464829081,0.046783625730959955,206.704678362422,6146.682897139246
2025-02-14,google,외부,GGL_CMP_03_첫구매,첫구매,논타겟,CRS_할인쿠폰_겨울_v1,38985,1241,193527,125,63,3214283,1136,109,50,2535163,CRS,할인쿠폰,겨울,N,v1,False,False,13.099789693427724,1775.4770642038945,0.03183275618827673,0.08783239323119434,155.94439967755363,4964.140053866745
2025-02-14,google,외부,GGL_CMP_03_첫구매,첫구매,유사타겟,VID_적립혜택_겨울_A_v1,48170,1428,226874,133,50,3317060,1320,118,38,2479887,VID,적립혜택,겨울,A,v1,False,False,10.930679584262583,1922.6610169328587,0.02964500726593254,0.08263305322123064,158.87535013994477,4709.860909279537
2025-02-14,google,외부,GGL_CMP_03_첫구매,첫구매,유사타겟,IMG_적립혜택_겨울_B_v1,46983,1496,285900,127,56,4335515,1425,103,39,3553250,IMG,적립혜택,겨울,B,v1,False,False,12.428296607205274,2775.728155312857,0.031841304301555205,0.06885026737963312,191.10962566832146,6085.179745865397
2025-02-14,google,외부,GGL_CMP_03_첫구매,첫구매,유사타겟,CRS_할인쿠폰_겨울_v1,65057,1929,298079,215,95,4801240,1704,152,71,4023011,CRS,할인쿠폰,겨울,N,v1,False,False,13.496458992414718,1961.0460526186775,0.02965092149960758,0.07879730430270669,154.52514256083228,4581.812871789283
2025-02-14,meta,외부,META_CMP_01_신규유저,신규유저,논타겟,VID_플러스멤버십_겨울_A_v1,44791,604,164282,41,8,468917,574,35,6,389221,VID,플러스멤버십,겨울,A,v1,False,False,2.3692248694318163,4693.771428437321,0.01348485186756238,0.05794701986745373,271.99006622471524,3667.7457524948395
2025-02-14,meta,외부,META_CMP_01_신규유저,신규유저,논타겟,IMG_적립혜택_겨울_B_v1,51608,706,248951,39,8,365827,625,31,5,296373,IMG,적립혜택,겨울,B,v1,False,False,1.1904872846463714,8030.677419095785,0.013680049604712183,0.04390934844186415,352.621813030662,4823.8838939698335
2025-02-14,meta,외부,META_CMP_01_신규유저,신규유저,논타겟,CRS_플러스멤버십_겨울_v1,34282,571,172190,51,14,807878,522,41,12,635608,CRS,플러스멤버십,겨울,N,v1,False,False,3.691317730414056,4199.756097458543,0.016655971063531397,0.0718038528895415,301.5586690012232,5022.752464850213
2025-02-14,meta,외부,META_CMP_02_룩얼라이크,룩얼라이크,유사타겟,VID_플러스멤버십_겨울_A_v1,35141,792,165173,65,19,914686,687,46,14,744150,VID,플러스멤버십,겨울,A,v1,False,False,4.505276286075785,3590.7173912262892,0.022537776386556373,0.05808080808073475,208.55176767650437,4700.293104920045
2025-02-14,meta,외부,META_CMP_02_룩얼라이크,룩얼라이크,유사타겟,IMG_할인쿠폰_겨울_B_v1,40597,632,139824,44,11,515443,567,34,7,390902,IMG,할인쿠폰,겨울,B,v1,False,False,2.7956717015676653,4112.470588114339,0.015567652782224906,0.053797468354345256,221.24050632876387,3444.195383895277
2025-02-14,meta,외부,META_CMP_02_룩얼라이크,룩얼라이크,유사타겟,CRS_특가_겨울_v1,50181,954,214203,66,19,778455,872,56,15,669375,CRS,특가,겨울,N,v1,False,False,3.1249562331059644,3825.053571360267,0.019011179530100657,0.05870020964354434,224.53144654064513,4268.607640341877
2025-02-14,meta,외부,META_CMP_03_재구매,재구매,VIP,IMG_배송혜택_겨울_A_v1,13356,385,47114,16,6,479588,374,11,5,347226,IMG,배송혜택,겨울,A,v1,False,False,7.369911279025187,4283.090908701537,0.028825995807125724,0.02857142857135436,122.37402597370813,3527.553159628367
2025-02-14,meta,외부,META_CMP_03_재구매,재구매,VIP,VID_적립혜택_겨울_B_v1,11303,231,55874,14,5,386853,201,9,4,308669,VID,적립혜택,겨울,B,v1,False,False,5.524376275190509,6208.22222153242,0.020437052110057467,0.0389610389608703,241.8787878777408,4943.289392196324
2025-02-14,meta,외부,META_CMP_03_재구매,재구매,VIP,CRS_신상품_겨울_v1,10587,294,52152,18,6,358268,249,12,4,290886,CRS,신상품,겨울,N,v1,False,False,5.577657616198697,4345.999999637834,0.02776990648908777,0.040816326530473415,177.38775510143745,4926.041371492875
2025-02-14,meta,외부,META_CMP_03_재구매,재구매,윈백,IMG_배송혜택_겨울_A_v1,18653,513,80407,35,12,708788,463,30,10,522077,IMG,배송혜택,겨울,A,v1,False,False,6.492929720049168,2680.233333243992,0.027502278453866536,0.058479532163628695,156.7387914226964,4310.673886237908
2025-02-14,meta,외부,META_CMP_03_재구매,재구매,윈백,VID_적립혜택_겨울_B_v1,16098,312,73547,14,8,689905,291,11,5,588544,VID,적립혜택,겨울,B,v1,False,False,8.002284253606428,6686.090908483083,0.019381289601191492,0.035256410256297256,235.72756410180858,4568.704186855226
2025-02-14,meta,외부,META_CMP_03_재구매,재구매,윈백,CRS_신상품_겨울_v1,22482,378,86210,26,12,953561,355,23,9,796849,CRS,신상품,겨울,N,v1,False,False,9.24311564783657,3748.2608694022497,0.016813450760607737,0.06084656084639988,228.06878306817973,3834.623254158712
2025-02-14,naver,자체,NVR_CMP_01_브랜드KW,브랜드KW,논타겟,TXT_플러스멤버십_겨울_A_v1,11326,1720,93866,379,142,8864129,1629,270,96,7113115,TXT,플러스멤버십,겨울,A,v1,False,False,75.77946221208876,347.65185185056424,0.15186297015714711,0.15697674418595525,54.57325581392176,8287.656719052773
2025-02-14,naver,자체,NVR_CMP_02_일반KW,일반KW,논타겟,TXT_할인쿠폰_겨울_A_v1,16057,1395,152597,253,68,4827381,1290,177,51,4426295,TXT,할인쿠폰,겨울,A,v1,False,False,29.006435251020473,862.1299434979542,0.08687799713520042,0.12688172043001658,109.38853046587141,9503.456436444572
2025-02-14,naver,자체,NVR_CMP_02_일반KW,일반KW,논타겟,TXT_플러스멤버십_겨울_B_v1,15459,1198,123993,209,93,4798492,1102,175,81,4417666,TXT,플러스멤버십,겨울,B,v1,False,False,35.62834998749901,708.5314285673799,0.0774953101752974,0.146076794657641,103.49999999991361,8020.7646031432805
2025-02-14,naver,자체,NVR_CMP_03_재구매,재구매,VIP,IMG_배송혜택_겨울_A_v1,6989,368,58492,43,38,3231070,349,32,28,2711149,IMG,배송혜택,겨울,A,v1,False,False,46.35076591670577,1827.8749999428792,0.05265417083988372,0.08695652173889415,158.94565217348114,8369.151523821953
2025-02-14,naver,자체,NVR_CMP_03_재구매,재구매,VIP,VID_적립혜택_겨울_B_v1,4254,228,28188,16,14,1318124,210,13,10,1067653,VID,적립혜택,겨울,B,v1,False,False,37.87615297289492,2168.3076921408992,0.05359661495062209,0.05701754385939905,123.63157894682618,6626.234132579542
2025-02-14,naver,자체,NVR_CMP_03_재구매,재구매,VIP,CRS_신상품_겨울_v1,6741,471,44411,46,36,3245887,403,39,26,2663530,CRS,신상품,겨울,N,v1,False,False,59.97455585327825,1138.7435897143912,0.06987093902980716,0.08280254777052484,94.29087048812252,6588.1916629570405
2025-02-14,naver,자체,NVR_CMP_03_재구매,재구매,윈백,IMG_배송혜택_겨울_A_v1,7742,501,67304,61,46,4332739,444,50,41,3460746,IMG,배송혜택,겨울,A,v1,False,False,51.41961844763979,1346.0799999730784,0.0647119607336522,0.0998003992013976,134.3393213570173,8693.360888658137
2025-02-14,naver,자체,NVR_CMP_03_재구매,재구매,윈백,VID_적립혜택_겨울_B_v1,7515,308,59898,27,22,1677751,274,20,18,1499863,VID,적립혜택,겨울,B,v1,False,False,25.04028515142367,2994.899999850255,0.04098469727211697,0.06493506493485411,194.47402597339456,7970.459081835266
2025-02-14,naver,자체,NVR_CMP_03_재구매,재구매,윈백,CRS_신상품_겨울_v1,6693,324,50963,26,22,1703024,279,21,15,1248046,CRS,신상품,겨울,N,v1,False,False,24.489256911876765,2426.8095236939616,0.048408785298065374,0.06481481481461478,157.29320987605774,7614.373225757116
2025-02-15,google,외부,GGL_CMP_01_플러스가입,플러스가입,논타겟,VID_플러스멤버십_겨울_A_v1,33497,1168,199153,107,47,2465721,1122,76,39,1791861,VID,플러스멤버십,겨울,A,v1,False,False,8.997409027230276,2620.4342104918364,0.034868794220376906,0.06506849315062922,170.50770547930608,5945.398095351646
2025-02-15,google,외부,GGL_CMP_01_플러스가입,플러스가입,논타겟,IMG_플러스멤버십_겨울_B_v1,29860,1015,159090,131,45,1986953,963,107,39,1643591,IMG,플러스멤버십,겨울,B,v1,False,False,10.331202464014016,1486.8224298926464,0.033991962491626455,0.1054187192117188,156.73891625600322,5327.863362357491
2025-02-15,google,외부,GGL_CMP_01_플러스가입,플러스가입,논타겟,CRS_플러스멤버십_겨울_v1,34888,758,222804,66,23,1151114,657,59,17,992779,CRS,플러스멤버십,겨울,N,v1,False,False,4.455840110590454,3776.338982986842,0.021726668195367414,0.077836411609396,293.9366754613537,6386.264618206651
2025-02-15,google,외부,GGL_CMP_01_플러스가입,플러스가입,논타겟,IMG_적립혜택_겨울_v2,52577,1813,284146,244,119,7057092,1772,195,103,6356660,IMG,적립혜택,겨울,N,v2,False,False,22.37110499531923,1457.158974351502,0.034482758620689,0.10755653612790537,156.72697186974256,5404.378340338829
2025-02-15,google,외부,GGL_CMP_01_플러스가입,플러스가입,유사타겟,VID_플러스멤버십_겨울_A_v1,31046,901,177146,100,30,1358301,877,75,24,1229648,VID,플러스멤버십,겨울,A,v1,False,False,6.9414381357749715,2361.946666635174,0.02902145203890907,0.08324084350712183,196.61043285216803,5705.920247374679
2025-02-15,google,외부,GGL_CMP_01_플러스가입,플러스가입,유사타겟,IMG_플러스멤버십_겨울_B_v1,48609,1645,229008,177,67,3091231,1497,141,45,2612479,IMG,플러스멤버십,겨울,B,v1,False,False,11.407806714175875,1624.1702127544386,0.03384146968668284,0.0857142857142336,139.21458966556887,4711.226316114203
2025-02-15,google,외부,GGL_CMP_01_플러스가입,플러스가입,유사타겟,CRS_플러스멤버십_겨울_v1,28902,768,132944,81,24,1527038,707,59,18,1406495,CRS,플러스멤버십,겨울,N,v1,False,False,10.579604946443537,2253.288135555029,0.02657255553248818,0.07682291666656664,173.10416666644127,4599.820081655089
2025-02-15,google,외부,GGL_CMP_01_플러스가입,플러스가입,유사타겟,IMG_적립혜택_겨울_v2,31324,1014,187826,95,32,2209139,965,77,28,1925895,IMG,적립혜택,겨울,N,v2,False,False,10.253612385931605,2439.298701267022,0.0323713446558539,0.07593688362911644,185.23274161717433,5996.232920444197
2025-02-15,google,외부,GGL_CMP_02_리타겟팅,리타겟팅,리마케팅,VID_할인쿠폰_겨울_A_v1,27517,1000,147332,125,78,3885530,898,102,54,3277808,VID,할인쿠폰,겨울,A,v1,False,False,22.24776694811703,1444.4313725348584,0.03634117091252548,0.101999999999898,147.33199999985266,5354.217392884205
2025-02-15,google,외부,GGL_CMP_02_리타겟팅,리타겟팅,리마케팅,IMG_할인쿠폰_겨울_B_v1,21972,884,130043,93,65,3028376,815,66,44,2811566,IMG,할인쿠폰,겨울,B,v1,False,False,21.620279446029222,1970.348484818631,0.04023302384853267,0.07466063348407843,147.10746606318202,5918.578190423907
2025-02-15,google,외부,GGL_CMP_02_리타겟팅,리타겟팅,리마케팅,CRS_특가_겨울_v1,22369,659,124751,84,56,2796558,607,65,49,2312164,CRS,특가,겨울,N,v1,False,False,18.534232190523372,1919.246153816627,0.029460413965754863,0.0986342943852828,189.3034901362833,5576.959184585561
2025-02-15,google,외부,GGL_CMP_03_첫구매,첫구매,논타겟,VID_적립혜택_겨울_A_v1,43276,1341,266933,104,72,4162140,1149,74,57,3143687,VID,적립혜택,겨울,A,v1,False,False,11.777063907422418,3607.2027026539567,0.03098715223218341,0.05518269947796034,199.05518269932958,6168.153248913805
2025-02-15,google,외부,GGL_CMP_03_첫구매,첫구매,논타겟,IMG_적립혜택_겨울_B_v1,47536,947,214803,87,50,3231690,881,76,36,2776415,IMG,적립혜택,겨울,B,v1,False,False,12.925401414319108,2826.355263120706,0.019921743520699683,0.08025343189009478,226.82470960905297,4518.74368899351
2025-02-15,google,외부,GGL_CMP_03_첫구매,첫구매,논타겟,CRS_할인쿠폰_겨울_v1,32723,696,163953,62,29,1589070,603,53,23,1180739,CRS,할인쿠폰,겨울,N,v1,False,False,7.201691948302214,3093.4528301303126,0.02126944351067991,0.07614942528724691,235.56465517207533,5010.329126302448
2025-02-15,google,외부,GGL_CMP_03_첫구매,첫구매,유사타겟,VID_적립혜택_겨울_A_v1,39306,1250,204068,119,53,2581565,1083,99,36,1878306,VID,적립혜택,겨울,A,v1,False,False,9.204314248191734,2061.2929292721083,0.03180176054546299,0.07919999999993664,163.2543999998694,5191.777336793233
2025-02-15,google,외부,GGL_CMP_03_첫구매,첫구매,유사타겟,IMG_적립혜택_겨울_B_v1,34019,621,219818,62,28,1466326,585,50,24,1094920,IMG,적립혜택,겨울,B,v1,False,False,4.981029760984065,4396.359999912073,0.01825450483553255,0.0805152979064726,353.9742351040999,6461.624386372132
2025-02-15,google,외부,GGL_CMP_03_첫구매,첫구매,유사타겟,CRS_할인쿠폰_겨울_v1,50551,1069,302258,69,43,2251133,921,53,29,1740638,CRS,할인쿠폰,겨울,N,v1,False,False,5.758782232397469,5702.981131967868,0.02114696049534092,0.04957904583718468,282.74836295576915,5979.268461553561
2025-02-15,meta,외부,META_CMP_01_신규유저,신규유저,논타겟,VID_플러스멤버십_겨울_A_v1,25774,463,122318,29,10,417424,443,23,7,379709,VID,플러스멤버십,겨울,A,v1,False,False,3.1042773753658244,5318.173912812254,0.017963839528206023,0.04967602591781928,264.18574513981815,4745.790331341478
2025-02-15,meta,외부,META_CMP_01_신규유저,신규유저,논타겟,IMG_적립혜택_겨울_B_v1,23863,395,85472,20,4,160685,366,15,3,138834,IMG,적립혜택,겨울,B,v1,False,False,1.6243214152002805,5698.133332953458,0.016552822360976552,0.03797468354420766,216.38481012603447,3581.7793236389566
2025-02-15,meta,외부,META_CMP_01_신규유저,신규유저,논타겟,CRS_플러스멤버십_겨울_v1,36079,573,144144,42,16,641727,542,34,11,567853,CRS,플러스멤버십,겨울,N,v1,False,False,3.9394841269841,4239.529411640015,0.01588181490617767,0.05933682373462594,251.56020942364475,3995.2326838325903
2025-02-15,meta,외부,META_CMP_02_룩얼라이크,룩얼라이크,유사타겟,VID_플러스멤버십_겨울_A_v1,27033,586,124523,53,13,619975,510,43,11,472814,VID,플러스멤버십,겨울,A,v1,False,False,3.7970013571789645,2895.8837208628865,0.021677209336735778,0.07337883959031846,212.4965870303541,4606.33300040674
2025-02-15,meta,외부,META_CMP_02_룩얼라이크,룩얼라이크,유사타겟,IMG_할인쿠폰_겨울_B_v1,24289,433,102058,30,10,472457,415,26,8,385858,IMG,할인쿠폰,겨울,B,v1,False,False,3.7807717180426446,3925.307692156719,0.017826999876486564,0.060046189376304744,235.69976905257346,4201.819753797842
2025-02-15,meta,외부,META_CMP_02_룩얼라이크,룩얼라이크,유사타겟,CRS_특가_겨울_v1,36284,806,145271,69,30,1212561,738,54,22,950249,CRS,특가,겨울,N,v1,False,False,6.541216072030849,2690.2037036538854,0.022213647888876028,0.06699751861033872,180.23697270449102,4003.720648219491
2025-02-15,meta,외부,META_CMP_03_재구매,재구매,VIP,IMG_배송혜택_겨울_A_v1,8241,223,31217,13,8,546063,217,11,6,414788,IMG,배송혜택,겨울,A,v1,False,False,13.287247333183416,2837.909090651099,0.027059822837031056,0.04932735425986849,139.98654708457406,3788.0111636932666
2025-02-15,meta,외부,META_CMP_03_재구매,재구매,VIP,VID_적립혜택_겨울_B_v1,7889,175,26620,10,6,414008,151,7,4,374773,VID,적립혜택,겨울,B,v1,False,False,14.078625093913821,3802.8571423138774,0.022182786157938623,0.039999999999771434,152.1142857134165,3374.3186715675783
2025-02-15,meta,외부,META_CMP_03_재구매,재구매,VIP,CRS_신상품_겨울_v1,7281,149,26261,6,3,175134,142,4,2,151672,CRS,신상품,겨울,N,v1,False,False,5.775560717413435,6565.249998358688,0.020464221947531867,0.02684563758371245,176.24832214646815,3606.7847823096267
2025-02-15,meta,외부,META_CMP_03_재구매,재구매,윈백,IMG_배송혜택_겨울_A_v1,13543,250,60957,16,12,1030159,229,12,10,947311,IMG,배송혜택,겨울,A,v1,False,False,15.540643404366758,5079.7499995766875,0.018459720889018795,0.047999999999808,243.8279999990247,4500.996824927674
2025-02-15,meta,외부,META_CMP_03_재구매,재구매,윈백,VID_적립혜택_겨울_B_v1,16862,451,83010,19,11,706355,431,13,8,609843,VID,적립혜택,겨울,B,v1,False,False,7.346620889049423,6385.384614893432,0.02674653066065551,0.028824833702818572,184.05764966699766,4922.9035701574585
2025-02-15,meta,외부,META_CMP_03_재구매,재구매,윈백,CRS_신상품_겨울_v1,13516,259,53108,12,6,517243,253,10,5,392690,CRS,신상품,겨울,N,v1,False,False,7.394177901634267,5310.79999946892,0.019162474104763304,0.03861003860988954,205.05019304940137,3929.269014501041
2025-02-15,naver,자체,NVR_CMP_01_브랜드KW,브랜드KW,논타겟,TXT_플러스멤버십_겨울_A_v1,6205,615,50268,123,77,4732317,587,107,56,3485464,TXT,플러스멤버십,겨울,A,v1,False,False,69.33763030158214,469.7943925189739,0.09911361804994373,0.1739837398371155,81.73658536572076,8101.208702657839
2025-02-15,naver,자체,NVR_CMP_02_일반KW,일반KW,논타겟,TXT_할인쿠폰_겨울_A_v1,11346,1111,91821,163,81,5822426,997,130,68,5312316,TXT,할인쿠폰,겨울,A,v1,False,False,57.855131179141395,706.3153846099515,0.09791997179621911,0.1170117011700117,82.64716471639726,8092.808038074379
2025-02-15,naver,자체,NVR_CMP_02_일반KW,일반KW,논타겟,TXT_플러스멤버십_겨울_B_v1,9811,684,73177,103,58,4485856,652,78,49,4079044,TXT,플러스멤버십,겨울,B,v1,False,False,55.742159421675446,938.1666666546388,0.06971766384669557,0.11403508771913153,106.98391812849856,7458.668841095968
2025-02-15,naver,자체,NVR_CMP_03_재구매,재구매,VIP,IMG_배송혜택_겨울_A_v1,4379,324,33077,26,23,2068458,311,20,20,1747590,IMG,배송혜택,겨울,A,v1,False,False,52.83399340931606,1653.8499999173075,0.07398949531854898,0.06172839506153788,102.08950617252442,7553.551039048286
2025-02-15,naver,자체,NVR_CMP_03_재구매,재구매,VIP,VID_적립혜택_겨울_B_v1,4056,303,26784,24,20,1457440,271,18,15,1327340,VID,적립혜택,겨울,B,v1,False,False,49.55719832735777,1487.9999999173333,0.0747041420118159,0.05940594059386335,88.39603960366867,6603.55029585636
2025-02-15,naver,자체,NVR_CMP_03_재구매,재구매,VIP,CRS_신상품_겨울_v1,4226,310,39716,37,32,2343653,277,32,25,1846447,CRS,신상품,겨울,N,v1,False,False,46.491262967065005,1241.124999961215,0.07335541883576115,0.10322580645127992,128.1161290318448,9398.012304777709
2025-02-15,naver,자체,NVR_CMP_03_재구매,재구매,윈백,IMG_배송혜택_겨울_A_v1,8531,521,65438,60,47,5004544,459,47,42,3746946,IMG,배송혜택,겨울,A,v1,False,False,57.25948225801435,1392.2978723108022,0.061071386707295616,0.09021113243744681,125.60076775407754,7670.613058257218
2025-02-15,naver,자체,NVR_CMP_03_재구매,재구매,윈백,VID_적립혜택_겨울_B_v1,6215,411,59411,33,30,3298128,364,30,26,2825307,VID,적립혜택,겨울,B,v1,False,False,47.5552843749466,1980.3666666006545,0.06613032984713337,0.07299270072974941,144.55231143517142,9559.292035396691
2025-02-15,naver,자체,NVR_CMP_03_재구매,재구매,윈백,CRS_신상품_겨울_v1,7088,351,65715,42,48,3960157,312,32,40,2897748,CRS,신상품,겨울,N,v1,False,False,44.09568591645676,2053.5937499358256,0.04952031602708105,0.09116809116783144,187.22222222168884,9271.303611736841
2025-02-16,google,외부,GGL_CMP_01_플러스가입,플러스가입,논타겟,VID_플러스멤버십_겨울_A_v1,42897,981,261445,95,32,2006989,836,77,26,1496443,VID,플러스멤버십,겨울,A,v1,False,False,5.723739218573675,3395.3896103455145,0.022868732079165843,0.07849133537198931,266.508664627659,6094.71524815241
2025-02-16,google,외부,GGL_CMP_01_플러스가입,플러스가입,논타겟,IMG_플러스멤버십_겨울_B_v1,52143,1710,334938,157,32,1732157,1575,113,28,1349313,IMG,플러스멤버십,겨울,B,v1,False,False,4.028545581570309,2964.053097318902,0.03279443070018923,0.06608187134499059,195.87017543848194,6423.45089465496
2025-02-16,google,외부,GGL_CMP_01_플러스가입,플러스가입,논타겟,CRS_플러스멤버십_겨울_v1,32746,826,213924,83,27,1509462,799,72,19,1354394,CRS,플러스멤버십,겨울,N,v1,False,False,6.331192386081009,2971.1666666254005,0.02522445489525361,0.08716707021781214,258.9878934621562,6532.828437060815
2025-02-16,google,외부,GGL_CMP_01_플러스가입,플러스가입,논타겟,IMG_적립혜택_겨울_v2,44974,1369,202695,159,46,2230954,1278,139,31,1854140,IMG,적립혜택,겨울,N,v2,False,False,9.147438269320856,1458.2374100614516,0.03043980966780739,0.1015339663987571,148.06062819565517,4506.937341575032
2025-02-16,google,외부,GGL_CMP_01_플러스가입,플러스가입,유사타겟,VID_플러스멤버십_겨울_A_v1,48591,1637,301497,159,41,2314719,1514,125,30,1758128,VID,플러스멤버십,겨울,A,v1,False,False,5.831328338258737,2411.9759999807043,0.03368936634356087,0.07635919364686844,184.17654245559916,6204.791010680862
2025-02-16,google,외부,GGL_CMP_01_플러스가입,플러스가입,유사타겟,IMG_플러스멤버십_겨울_B_v1,40458,853,259104,108,21,1364743,802,94,18,1249845,IMG,플러스멤버십,겨울,B,v1,False,False,4.823719433123361,2756.42553188557,0.021083592861732635,0.11019929660010527,303.7561547475923,6404.2710959512
2025-02-16,google,외부,GGL_CMP_01_플러스가입,플러스가입,유사타겟,CRS_플러스멤버십_겨울_v1,30431,1051,158499,133,39,1764938,896,97,33,1336795,CRS,플러스멤버십,겨울,N,v1,False,False,8.434091066820558,1634.010309261505,0.03453714961716557,0.09229305423397498,150.80780209310103,5208.471624330281
2025-02-16,google,외부,GGL_CMP_01_플러스가입,플러스가입,유사타겟,IMG_적립혜택_겨울_v2,32043,780,163533,100,34,1608120,665,76,30,1391639,IMG,적립혜택,겨울,N,v2,False,False,8.509835935254607,2151.7499999716874,0.02434229004774758,0.09743589743577252,209.65769230742353,5103.548356895262
2025-02-16,google,외부,GGL_CMP_02_리타겟팅,리타겟팅,리마케팅,VID_할인쿠폰_겨울_A_v1,19157,838,116450,92,44,2041081,820,82,31,1554496,VID,할인쿠폰,겨울,A,v1,False,False,13.34904250751384,1420.1219512021935,0.04374380122148334,0.09785202863950138,138.96181384231627,6078.717962102308
2025-02-16,google,외부,GGL_CMP_02_리타겟팅,리타겟팅,리마케팅,IMG_할인쿠폰_겨울_B_v1,26568,846,125911,106,38,2425283,785,78,31,2182144,IMG,할인쿠폰,겨울,B,v1,False,False,17.33084480307505,1614.2435897228943,0.03184281842818308,0.09219858156017471,148.83096926696356,4739.197530864019
2025-02-16,google,외부,GGL_CMP_02_리타겟팅,리타겟팅,리마케팅,CRS_특가_겨울_v1,28968,918,173289,126,51,3496784,858,94,37,2641767,CRS,특가,겨울,N,v1,False,False,15.244862628326004,1843.4999999803883,0.031690140845069326,0.1023965141611085,188.76797385600352,5982.083678541633
2025-02-16,google,외부,GGL_CMP_03_첫구매,첫구매,논타겟,VID_적립혜택_겨울_A_v1,44713,1299,240284,130,41,2632074,1206,91,31,2156913,VID,적립혜택,겨울,A,v1,False,False,8.976515290239846,2640.4835164545,0.029051953570549304,0.07005388760579673,184.97613548869518,5373.918099881346
2025-02-16,google,외부,GGL_CMP_03_첫구매,첫구매,논타겟,IMG_적립혜택_겨울_B_v1,46038,1423,286794,149,48,2652277,1288,120,42,2171164,IMG,적립혜택,겨울,B,v1,False,False,7.570465211963962,2389.9499999800837,0.03090924888135821,0.08432888264224572,201.5418130708352,6229.506060210995
2025-02-16,google,외부,GGL_CMP_03_첫구매,첫구매,논타겟,CRS_할인쿠폰_겨울_v1,31143,567,203908,37,11,734423,540,26,8,553213,CRS,할인쿠폰,겨울,N,v1,False,False,2.7130519646114784,7842.615384313745,0.018206338503033805,0.04585537918863165,359.6261022921347,6547.474552868814
2025-02-16,google,외부,GGL_CMP_03_첫구매,첫구매,유사타겟,VID_적립혜택_겨울_A_v1,50000,1160,230854,103,31,1593965,1083,93,27,1222052,VID,적립혜택,겨울,A,v1,False,False,5.29361414573711,2482.3010752421255,0.023199999999999537,0.08017241379303433,199.0120689653457,4617.079999999908
2025-02-16,google,외부,GGL_CMP_03_첫구매,첫구매,유사타겟,IMG_적립혜택_겨울_B_v1,52702,1458,305180,106,31,2305955,1365,93,24,2002871,IMG,적립혜택,겨울,B,v1,False,False,6.562916967035826,3281.505376308801,0.027664984251071542,0.06378600823040893,209.314128943615,5790.6720807558395
2025-02-16,google,외부,GGL_CMP_03_첫구매,첫구매,유사타겟,CRS_할인쿠폰_겨울_v1,35362,1074,216223,95,33,2349632,931,70,29,1798655,CRS,할인쿠폰,겨울,N,v1,False,False,8.318518381485744,3088.8999999558728,0.03037158531757168,0.06517690875226706,201.32495344487774,6114.558000112943
2025-02-16,meta,외부,META_CMP_01_신규유저,신규유저,논타겟,VID_플러스멤버십_겨울_A_v1,35107,450,174125,39,8,407616,426,29,7,323109,VID,플러스멤버십,겨울,A,v1,False,False,1.8556152189518917,6004.310344620541,0.012817956532884816,0.06444444444430124,386.9444444435846,4959.837069530153
2025-02-16,meta,외부,META_CMP_01_신규유저,신규유저,논타겟,IMG_적립혜택_겨울_B_v1,40768,802,175751,63,15,781582,771,46,13,629217,IMG,적립혜택,겨울,B,v1,False,False,3.5801617060500166,3820.6739129604202,0.019672291993720083,0.057356608478731474,219.14089775533773,4311.003728414337
2025-02-16,meta,외부,META_CMP_01_신규유저,신규유저,논타겟,CRS_플러스멤버십_겨울_v1,29175,563,128315,51,9,462949,544,38,7,410161,CRS,플러스멤버십,겨울,N,v1,False,False,3.1965163854576377,3376.710526226929,0.01929734361610902,0.06749555950254442,227.91296625181545,4398.114824335753
2025-02-16,meta,외부,META_CMP_02_룩얼라이크,룩얼라이크,유사타겟,VID_플러스멤버십_겨울_A_v1,31099,660,107976,55,14,628842,619,44,9,483973,VID,플러스멤버십,겨울,A,v1,False,False,4.482227532044116,2453.9999999442275,0.021222547348788666,0.06666666666656566,163.59999999975213,3472.0087462618258
2025-02-16,meta,외부,META_CMP_02_룩얼라이크,룩얼라이크,유사타겟,IMG_할인쿠폰_겨울_B_v1,31227,499,149870,48,13,702998,445,33,10,538600,IMG,할인쿠폰,겨울,B,v1,False,False,3.5937812771068023,4541.51515137753,0.01597976110417216,0.0661322645289256,300.3406813621236,4799.3723380406445
2025-02-16,meta,외부,META_CMP_02_룩얼라이크,룩얼라이크,유사타겟,CRS_특가_겨울_v1,29333,496,101384,44,12,526820,475,35,9,386308,CRS,특가,겨울,N,v1,False,False,3.810344827586169,2896.685714202952,0.016909283060034197,0.07056451612888999,204.4032258060395,3456.312003545377
2025-02-16,meta,외부,META_CMP_03_재구매,재구매,VIP,IMG_배송혜택_겨울_A_v1,10756,295,36954,14,7,564311,286,11,5,457038,IMG,배송혜택,겨울,A,v1,False,False,12.367754505601225,3359.4545451491404,0.027426552621789935,0.03728813559309394,125.26779660974486,3435.6638155444925
2025-02-16,meta,외부,META_CMP_03_재구매,재구매,VIP,VID_적립혜택_겨울_B_v1,10699,186,46126,13,5,340748,158,11,3,296923,VID,적립혜택,겨울,B,v1,False,False,6.437215453323366,4193.2727268915205,0.017384802317972018,0.05913978494591861,247.9892473104947,4311.244041498802
2025-02-16,meta,외부,META_CMP_03_재구매,재구매,VIP,CRS_신상품_겨울_v1,9974,192,38892,11,5,299856,175,7,3,231866,CRS,신상품,겨울,N,v1,False,False,5.961791628098171,5555.999999206286,0.01925005013033695,0.036458333333143446,202.562499998945,3899.3382795263788
2025-02-16,meta,외부,META_CMP_03_재구매,재구매,윈백,IMG_배송혜택_겨울_A_v1,15131,281,51219,16,8,455910,265,11,5,418328,IMG,배송혜택,겨울,A,v1,False,False,8.16743786485468,4656.27272684943,0.018571145330776646,0.0391459074731703,182.27402135166452,3385.037340558893
2025-02-16,meta,외부,META_CMP_03_재구매,재구매,윈백,VID_적립혜택_겨울_B_v1,16426,442,67057,31,14,1002883,412,24,11,832268,VID,적립혜택,겨울,B,v1,False,False,12.411351536752129,2794.0416665502485,0.026908559600631505,0.05429864253381381,151.71266968291468,4082.3694143428656
2025-02-16,meta,외부,META_CMP_03_재구매,재구매,윈백,CRS_신상품_겨울_v1,13062,244,54653,13,4,295941,231,9,3,255024,CRS,신상품,겨울,N,v1,False,False,4.666239730664288,6072.555554880827,0.018680140866634613,0.03688524590148818,223.98770491711483,4184.121880263038
2025-02-16,naver,자체,NVR_CMP_01_브랜드KW,브랜드KW,논타겟,TXT_플러스멤버십_겨울_A_v1,4839,833,41739,255,136,9623735,767,198,117,8820668,TXT,플러스멤버십,겨울,A,v1,False,False,211.3291645703009,210.80303030196566,0.17214300475301256,0.23769507803092713,50.10684273703469,8625.54246745017
2025-02-16,naver,자체,NVR_CMP_02_일반KW,일반KW,논타겟,TXT_할인쿠폰_겨울_A_v1,11948,1075,110882,187,63,3349957,926,162,47,2544489,TXT,할인쿠폰,겨울,A,v1,False,False,22.947719196983975,684.4567901192318,0.08997321727485018,0.15069767441846446,103.14604651153196,9280.3816538325
2025-02-16,naver,자체,NVR_CMP_02_일반KW,일반KW,논타겟,TXT_플러스멤버십_겨울_B_v1,12023,1074,107174,181,56,2994060,919,131,38,2685236,TXT,플러스멤버십,겨울,B,v1,False,False,25.0549200365758,818.122137398335,0.0893287864925485,0.1219739292363855,99.78957169450672,8914.081344089751
2025-02-16,naver,자체,NVR_CMP_03_재구매,재구매,VIP,IMG_배송혜택_겨울_A_v1,4717,273,35897,33,23,2052393,264,26,19,1478236,IMG,배송혜택,겨울,A,v1,False,False,41.179931470595285,1380.653846100744,0.05787576849691374,0.09523809523774639,131.49084249036085,7610.133559464148
2025-02-16,naver,자체,NVR_CMP_03_재구매,재구매,VIP,VID_적립혜택_겨울_B_v1,3857,233,29568,19,14,1236623,210,15,11,1130155,VID,적립혜택,겨울,B,v1,False,False,38.222233495669705,1971.1999998685867,0.06040964480164366,0.06437768240315718,126.90128755310343,7666.061705987123
2025-02-16,naver,자체,NVR_CMP_03_재구매,재구매,VIP,CRS_신상품_겨울_v1,4985,219,44924,19,12,1192958,187,16,8,960818,CRS,신상품,겨울,N,v1,False,False,21.38763244590817,2807.7499998245157,0.04393179538614966,0.07305936073026001,205.13242009038754,9011.83550651775
2025-02-16,naver,자체,NVR_CMP_03_재구매,재구매,윈백,IMG_배송혜택_겨울_A_v1,6154,403,48646,27,21,2346901,372,22,18,1907302,IMG,배송혜택,겨울,A,v1,False,False,39.20778686839537,2211.1818180813098,0.06548586285341802,0.05459057071946752,120.70967741905531,7904.777380564201
2025-02-16,naver,자체,NVR_CMP_03_재구매,재구매,윈백,VID_적립혜택_겨울_B_v1,5170,326,43843,24,18,1423924,285,20,14,1240228,VID,적립혜택,겨울,B,v1,False,False,28.28793650069502,2192.1499998903923,0.06305609284331469,0.06134969325134555,134.48773006093717,8480.270793035108
2025-02-16,naver,자체,NVR_CMP_03_재구매,재구매,윈백,CRS_신상품_겨울_v1,5450,290,37697,22,14,1097550,257,20,12,931772,CRS,신상품,겨울,N,v1,False,False,24.717404568002106,1884.8499999057574,0.05321100917430216,0.0689655172411415,129.98965517196555,6916.880733943684
2025-02-17,google,외부,GGL_CMP_01_플러스가입,플러스가입,논타겟,VID_플러스멤버십_겨울_A_v1,68733,2027,387042,247,60,3289227,1966,195,46,2574454,VID,플러스멤버십,겨울,A,v1,False,False,6.651614036719512,1984.8307692205908,0.02949092866599698,0.09620128268372166,190.94326591011793,5631.094234210558
2025-02-17,google,외부,GGL_CMP_01_플러스가입,플러스가입,논타겟,IMG_플러스멤버십_겨울_B_v1,49403,1164,315314,170,52,2727569,1028,121,45,2314389,IMG,플러스멤버십,겨울,B,v1,False,False,7.339950018077195,2605.9008264247445,0.02356132218691125,0.10395189003427496,270.88831615097,6382.486893508362
2025-02-17,google,외부,GGL_CMP_01_플러스가입,플러스가입,논타겟,CRS_플러스멤버십_겨울_v1,51552,1781,293640,240,54,3423945,1712,182,42,2628039,CRS,플러스멤버십,겨울,N,v1,False,False,8.949867184307285,1613.4065933977286,0.034547641216634964,0.10218978102184044,164.87366647941332,5695.9962756051045
2025-02-17,google,외부,GGL_CMP_01_플러스가입,플러스가입,논타겟,IMG_적립혜택_겨울_v2,67570,2278,336522,270,80,4966241,2102,197,55,3917964,IMG,적립혜택,겨울,N,v2,False,False,11.642519656961472,1708.2335025293999,0.033713186325291786,0.08647936786651164,147.7269534678895,4980.3463075328555
2025-02-17,google,외부,GGL_CMP_01_플러스가입,플러스가입,유사타겟,VID_플러스멤버십_겨울_A_v1,52364,1531,285356,225,78,4867021,1407,195,62,4381331,VID,플러스멤버십,겨울,A,v1,False,False,15.353912306031711,1463.3641025565983,0.02923764418302595,0.12736773350742825,186.3853690397215,5449.469100908917
2025-02-17,google,외부,GGL_CMP_01_플러스가입,플러스가입,유사타겟,IMG_플러스멤버십_겨울_B_v1,47397,1107,219351,91,30,1791080,959,77,21,1469643,IMG,플러스멤버십,겨울,B,v1,False,False,6.699960337541171,2848.7142856772894,0.02335590860180975,0.06955736224022624,198.14905149033592,4627.95113614776
2025-02-17,google,외부,GGL_CMP_01_플러스가입,플러스가입,유사타겟,CRS_플러스멤버십_겨울_v1,39930,983,254686,116,25,1533329,935,90,19,1292561,CRS,플러스멤버십,겨울,N,v1,False,False,5.075116025223196,2829.844444413002,0.024618081642874417,0.09155645981679394,259.09053916555536,6378.312046080482
2025-02-17,google,외부,GGL_CMP_01_플러스가입,플러스가입,유사타겟,IMG_적립혜택_겨울_v2,66851,1425,330094,121,28,1565284,1267,109,19,1327825,IMG,적립혜택,겨울,N,v2,False,False,4.022566299296552,3028.385321073134,0.021316061091082836,0.07649122807012176,231.6449122805392,4937.757101613963
2025-02-17,google,외부,GGL_CMP_02_리타겟팅,리타겟팅,리마케팅,VID_할인쿠폰_겨울_A_v1,34318,1433,161677,176,72,3437993,1239,151,56,3095153,VID,할인쿠폰,겨울,A,v1,False,False,19.144052648181134,1070.7086092644324,0.04175651261728418,0.10537334263774922,112.82414514995617,4711.142840491733
2025-02-17,google,외부,GGL_CMP_02_리타겟팅,리타겟팅,리마케팅,IMG_할인쿠폰_겨울_B_v1,40213,1431,229568,125,59,3614937,1372,114,47,2929368,IMG,할인쿠폰,겨울,B,v1,False,False,12.76034987454692,2013.7543859472478,0.03558550717429599,0.07966457023055229,160.42487770778447,5708.80063660991
2025-02-17,google,외부,GGL_CMP_02_리타겟팅,리타겟팅,리마케팅,CRS_특가_겨울_v1,39062,1713,224250,234,90,4852228,1522,177,67,3888847,CRS,특가,겨울,N,v1,False,False,17.341569676700036,1266.949152535215,0.043853361323023816,0.10332749562165597,130.91068301218277,5740.873483180439
2025-02-17,google,외부,GGL_CMP_03_첫구매,첫구매,논타겟,VID_적립혜택_겨울_A_v1,41293,860,230931,71,34,1950677,751,62,24,1679254,VID,적립혜택,겨울,A,v1,False,False,7.271669892738492,3724.6935483270213,0.020826774513839616,0.07209302325573012,268.5244186043389,5592.49751773895
2025-02-17,google,외부,GGL_CMP_03_첫구매,첫구매,논타겟,IMG_적립혜택_겨울_B_v1,42979,1305,207536,114,36,2185162,1220,80,26,1780164,IMG,적립혜택,겨울,B,v1,False,False,8.577615449849624,2594.1999999675722,0.030363665976406377,0.06130268199229019,159.0314176243992,4828.776844505344
2025-02-17,google,외부,GGL_CMP_03_첫구매,첫구매,논타겟,CRS_할인쿠폰_겨울_v1,57621,1444,341400,153,55,4028861,1383,108,46,3737175,CRS,할인쿠폰,겨울,N,v1,False,False,10.946616871704714,3161.1111110818415,0.025060307873864998,0.07479224376726122,236.4265927976202,5924.923205081378
2025-02-17,google,외부,GGL_CMP_03_첫구매,첫구매,유사타겟,VID_적립혜택_겨울_A_v1,59987,1689,382346,158,53,3772869,1646,115,45,2787511,VID,적립혜택,겨울,A,v1,False,False,7.290545736061036,3324.7478260580456,0.028156100488438696,0.06808762581405087,226.37418590868776,6373.814326437289
2025-02-17,google,외부,GGL_CMP_03_첫구매,첫구매,유사타겟,IMG_적립혜택_겨울_B_v1,60367,1497,383716,99,33,2589008,1331,87,22,1988254,IMG,적립혜택,겨울,B,v1,False,False,5.181576999655983,4410.528735581488,0.024798316961253255,0.05811623246489104,256.3233132930819,6356.386767604712
2025-02-17,google,외부,GGL_CMP_03_첫구매,첫구매,유사타겟,CRS_할인쿠폰_겨울_v1,64699,1942,419505,139,64,4277595,1721,109,46,3755032,CRS,할인쿠폰,겨울,N,v1,False,False,8.951101893898741,3848.669724735333,0.030015919875113525,0.05612770339852929,216.01699279082595,6483.948747275746
2025-02-17,meta,외부,META_CMP_01_신규유저,신규유저,논타겟,VID_플러스멤버십_겨울_A_v1,47791,892,221499,51,8,473148,830,38,5,354024,VID,플러스멤버십,겨울,A,v1,False,False,1.5983096989151122,5828.9210524781865,0.018664602121738014,0.04260089686093879,248.31726457371266,4634.742943231893
2025-02-17,meta,외부,META_CMP_01_신규유저,신규유저,논타겟,IMG_적립혜택_겨울_B_v1,39512,828,147067,71,13,539287,731,57,9,466685,IMG,적립혜택,겨울,B,v1,False,False,3.1732815655449342,2580.122806972279,0.02095565904029103,0.06884057971006179,177.6171497582396,3722.084430046474
2025-02-17,meta,외부,META_CMP_01_신규유저,신규유저,논타겟,CRS_플러스멤버십_겨울_v1,46292,717,191027,63,10,559945,622,50,8,491458,CRS,플러스멤버십,겨울,N,v1,False,False,2.5727148518272154,3820.5399999235897,0.015488637345545333,0.06973500697340344,266.4253835421668,4126.566145338199
2025-02-17,meta,외부,META_CMP_02_룩얼라이크,룩얼라이크,유사타겟,VID_플러스멤버십_겨울_A_v1,37342,832,129024,55,12,476942,809,40,8,401662,VID,플러스멤버십,겨울,A,v1,False,False,3.1130797371031504,3225.5999999193605,0.022280542017031165,0.04807692307686529,155.07692307673668,3455.1979004872946
2025-02-17,meta,외부,META_CMP_02_룩얼라이크,룩얼라이크,유사타겟,IMG_할인쿠폰_겨울_B_v1,48793,1044,177931,57,12,725155,994,40,9,591925,IMG,할인쿠폰,겨울,B,v1,False,False,3.3267109160292287,4448.274999888794,0.021396511794724217,0.03831417624517403,170.4319923370015,3646.6501342404927
2025-02-17,meta,외부,META_CMP_02_룩얼라이크,룩얼라이크,유사타겟,CRS_특가_겨울_v1,53253,1130,251352,102,31,1202590,1027,75,22,1067159,CRS,특가,겨울,N,v1,False,False,4.24567538750436,3351.359999955315,0.02121946181435748,0.06637168141587046,222.43539822989166,4719.959438904762
2025-02-17,meta,외부,META_CMP_03_재구매,재구매,VIP,IMG_배송혜택_겨울_A_v1,11032,317,38152,21,11,930021,280,18,8,821208,IMG,배송혜택,겨울,A,v1,False,False,21.524638288948903,2119.5555554378025,0.02873459028281103,0.056782334384678924,120.35331230245946,3458.3031182012814
2025-02-17,meta,외부,META_CMP_03_재구매,재구매,VIP,VID_적립혜택_겨울_B_v1,9588,280,42560,17,7,437577,241,14,5,394290,VID,적립혜택,겨울,B,v1,False,False,9.2643327067667,3039.9999997828572,0.02920317062995106,0.04999999999982143,151.99999999945715,4438.881935752561
2025-02-17,meta,외부,META_CMP_03_재구매,재구매,VIP,CRS_신상품_겨울_v1,15817,270,62705,15,7,592821,234,12,5,469093,CRS,신상품,겨울,N,v1,False,False,7.480950482417551,5225.4166662312155,0.01707024088006467,0.044444444444279835,232.2407407398806,3964.405386609094
2025-02-17,meta,외부,META_CMP_03_재구매,재구매,윈백,IMG_배송혜택_겨울_A_v1,25689,443,93028,26,15,1101206,416,20,12,858023,IMG,배송혜택,겨울,A,v1,False,False,9.223276862879894,4651.39999976743,0.017244735100626057,0.04514672686220057,209.99548532683974,3621.316516796932
2025-02-17,meta,외부,META_CMP_03_재구매,재구매,윈백,VID_적립혜택_겨울_B_v1,17909,420,82424,29,14,1047675,381,25,9,795315,VID,적립혜택,겨울,B,v1,False,False,9.649070659031233,3296.9599998681215,0.023451895694900693,0.0595238095236678,196.2476190471518,4602.378692277369
2025-02-17,meta,외부,META_CMP_03_재구매,재구매,윈백,CRS_신상품_겨울_v1,16337,287,56186,16,10,551699,269,14,8,490759,CRS,신상품,겨울,N,v1,False,False,8.734542412700518,4013.285713999051,0.017567484850338645,0.04878048780470808,195.77003484252344,3439.1871212582823
2025-02-17,naver,자체,NVR_CMP_01_브랜드KW,브랜드KW,논타겟,TXT_플러스멤버십_겨울_A_v1,10310,1016,96216,313,122,10213531,977,252,101,9065192,TXT,플러스멤버십,겨울,A,v1,False,False,94.21709486987513,381.8095238080087,0.09854510184286144,0.248031496062748,94.70078740148159,9332.298739087359
2025-02-17,naver,자체,NVR_CMP_02_일반KW,일반KW,논타겟,TXT_할인쿠폰_겨울_A_v1,15869,1361,119463,223,92,5281388,1219,185,77,4797897,TXT,할인쿠폰,겨울,A,v1,False,False,40.16220084879804,645.7459459424555,0.08576469846870717,0.1359294636295842,87.7759000734109,7528.073602620989
2025-02-17,naver,자체,NVR_CMP_02_일반KW,일반KW,논타겟,TXT_플러스멤버십_겨울_B_v1,9647,594,67159,115,56,4076888,524,94,40,2953735,TXT,플러스멤버십,겨울,B,v1,False,False,43.98122366324626,714.45744680091,0.061573546180153246,0.15824915824889185,113.06228956209922,6961.646107597496
2025-02-17,naver,자체,NVR_CMP_03_재구매,재구매,VIP,IMG_배송혜택_겨울_A_v1,6557,302,44336,23,17,1685946,266,20,12,1553100,IMG,배송혜택,겨울,A,v1,False,False,35.03022374593931,2216.79999988916,0.04605764831477107,0.06622516556269462,146.80794701938143,6761.628793654603
2025-02-17,naver,자체,NVR_CMP_03_재구매,재구매,VIP,VID_적립혜택_겨울_B_v1,6724,450,43066,44,25,2795135,399,35,21,2023369,VID,적립혜택,겨울,B,v1,False,False,46.982979612686414,1230.457142821987,0.06692444973229224,0.07777777777760495,95.70222222200955,6404.818560379773
2025-02-17,naver,자체,NVR_CMP_03_재구매,재구매,VIP,CRS_신상품_겨울_v1,5407,319,43404,32,20,1623995,272,23,17,1378623,CRS,신상품,겨울,N,v1,False,False,31.762579485760952,1887.1304347005596,0.05899759570925485,0.07210031347939781,136.06269592433836,8027.371925280557
2025-02-17,naver,자체,NVR_CMP_03_재구매,재구매,윈백,IMG_배송혜택_겨울_A_v1,8338,489,62685,50,42,3261839,458,40,34,2967596,IMG,배송혜택,겨울,A,v1,False,False,47.34140543989715,1567.124999960822,0.058647157591741585,0.08179959100187771,128.1901840488176,7517.989925640738
2025-02-17,naver,자체,NVR_CMP_03_재구매,재구매,윈백,VID_적립혜택_겨울_B_v1,8445,533,59702,64,47,3909342,469,47,41,3203997,VID,적립혜택,겨울,B,v1,False,False,53.66649358480363,1270.2553191219095,0.06311426879809791,0.08818011257019104,112.01125703543713,7069.508584960678
2025-02-17,naver,자체,NVR_CMP_03_재구매,재구매,윈백,CRS_신상품_겨울_v1,10591,493,79939,37,24,2589232,441,26,20,1937010,CRS,신상품,겨울,N,v1,False,False,24.231101214675885,3074.57692295867,0.04654895666131181,0.05273833671388897,162.14807302198346,7547.823623830842
2025-02-18,google,외부,GGL_CMP_01_플러스가입,플러스가입,논타겟,VID_플러스멤버십_겨울_A_v1,60085,1724,386970,159,37,1700584,1672,144,31,1302404,VID,플러스멤버십,겨울,A,v1,False,False,3.365645915704051,2687.291666648005,0.028692685362402787,0.08352668213452231,224.46055684441737,6440.376133810329
2025-02-18,google,외부,GGL_CMP_01_플러스가입,플러스가입,논타겟,IMG_플러스멤버십_겨울_B_v1,43503,1065,263906,139,35,1959545,969,119,24,1579015,IMG,플러스멤버십,겨울,B,v1,False,False,5.983247823088502,2217.6974789729607,0.02448107027101523,0.11173708920177301,247.7990610326312,6066.386226237132
2025-02-18,google,외부,GGL_CMP_01_플러스가입,플러스가입,논타겟,CRS_플러스멤버십_겨울_v1,65780,2050,385535,305,59,3207655,1831,230,46,2744868,CRS,플러스멤버십,겨울,N,v1,False,False,7.119633755690127,1676.2391304274947,0.03116448768622634,0.11219512195116478,188.06585365844484,5860.975980541109
2025-02-18,google,외부,GGL_CMP_01_플러스가입,플러스가입,논타겟,IMG_적립혜택_겨울_v2,56690,1182,274974,105,30,1947233,1010,79,23,1749994,IMG,적립혜택,겨울,N,v2,False,False,6.364216253173004,3480.683544259738,0.020850238137237243,0.06683587140434277,232.63451776630066,4850.48509437282
2025-02-18,google,외부,GGL_CMP_01_플러스가입,플러스가입,유사타겟,VID_플러스멤버십_겨울_A_v1,61744,1348,382913,118,38,1770607,1291,102,28,1384924,VID,플러스멤버십,겨울,A,v1,False,False,3.616811129421034,3754.0490195710386,0.02183208084996078,0.07566765578629402,284.0600890205608,6201.6228297485395
2025-02-18,google,외부,GGL_CMP_01_플러스가입,플러스가입,유사타겟,IMG_플러스멤버십_겨울_B_v1,60370,2042,360089,244,80,4715567,1877,224,59,3403562,IMG,플러스멤버십,겨울,B,v1,False,False,9.452002143914395,1607.540178564252,0.03382474739108773,0.1096963761018072,176.34133202733773,5964.701010435549
2025-02-18,google,외부,GGL_CMP_01_플러스가입,플러스가입,유사타겟,CRS_플러스멤버십_겨울_v1,63698,1341,326056,162,32,1680187,1193,118,27,1210073,CRS,플러스멤버십,겨울,N,v1,False,False,3.7112428539882605,2763.186440654549,0.021052466325472998,0.08799403430269352,243.14392244575455,5118.779239536483
2025-02-18,google,외부,GGL_CMP_01_플러스가입,플러스가입,유사타겟,IMG_적립혜택_겨울_v2,64722,1435,416923,209,56,3446952,1309,184,44,3043476,IMG,적립혜택,겨울,N,v2,False,False,7.299851531337904,2265.885869552903,0.02217174994592222,0.12822299651559008,290.5386759579857,6441.750872964271
2025-02-18,google,외부,GGL_CMP_02_리타겟팅,리타겟팅,리마케팅,VID_할인쿠폰_겨울_A_v1,42103,1595,211353,210,108,7053960,1380,167,76,5517613,VID,할인쿠폰,겨울,A,v1,False,False,26.106149427734522,1265.5868263397272,0.03788328622663378,0.10470219435730113,132.50971786825548,5019.903569816758
2025-02-18,google,외부,GGL_CMP_02_리타겟팅,리타겟팅,리마케팅,IMG_할인쿠폰_겨울_B_v1,26669,995,159286,103,36,1658352,869,79,24,1293029,IMG,할인쿠폰,겨울,B,v1,False,False,8.117656291199427,2016.2784809871357,0.03730923544189743,0.07939698492454332,160.08643216064314,5972.702388540778
2025-02-18,google,외부,GGL_CMP_02_리타겟팅,리타겟팅,리마케팅,CRS_특가_겨울_v1,35212,1256,216583,104,53,3698640,1217,85,46,3335532,CRS,특가,겨울,N,v1,False,False,15.400710120369487,2548.03529408767,0.03566965807111111,0.06767515923561492,172.43869426737862,6150.82926275116
2025-02-18,google,외부,GGL_CMP_03_첫구매,첫구매,논타겟,VID_적립혜택_겨울_A_v1,41471,1262,223211,135,49,3274898,1232,102,40,2424316,VID,적립혜택,겨울,A,v1,False,False,10.861095555326527,2188.3431372334476,0.030430903522943014,0.08082408874795498,176.8708399364684,5382.339466132831
2025-02-18,google,외부,GGL_CMP_03_첫구매,첫구매,논타겟,IMG_적립혜택_겨울_B_v1,43809,1225,203448,113,32,2395977,1108,79,26,1809679,IMG,적립혜택,겨울,B,v1,False,False,8.89504443395851,2575.2911392079077,0.02796229085347696,0.0644897959183147,166.0799999998644,4643.9772649454535
2025-02-18,google,외부,GGL_CMP_03_첫구매,첫구매,논타겟,CRS_할인쿠폰_겨울_v1,38570,678,249152,70,27,1464752,611,62,18,1248964,CRS,할인쿠폰,겨울,N,v1,False,False,5.012859619830445,4018.5806450964747,0.01757842883069698,0.09144542772847869,367.48082595816004,6459.735545760787
2025-02-18,google,외부,GGL_CMP_03_첫구매,첫구매,유사타겟,VID_적립혜택_겨울_A_v1,49279,995,243310,91,29,2026258,966,74,20,1636740,VID,적립혜택,겨울,A,v1,False,False,6.726973819407313,3287.972972928541,0.020191156476389128,0.07437185929640766,244.53266331633716,4937.397268613306
2025-02-18,google,외부,GGL_CMP_03_첫구매,첫구매,유사타겟,IMG_적립혜택_겨울_B_v1,65240,1308,398772,136,39,2419787,1202,108,33,2126557,IMG,적립혜택,겨울,B,v1,False,False,5.332764085743219,3692.333333299145,0.02004904966278326,0.08256880733938642,304.87155963279446,6112.3850398527575
2025-02-18,google,외부,GGL_CMP_03_첫구매,첫구매,유사타겟,CRS_할인쿠폰_겨울_v1,69307,2104,331986,195,93,6982526,1925,174,77,6321842,CRS,할인쿠폰,겨울,N,v1,False,False,19.04249576789377,1907.9655172304142,0.030357683928029917,0.08269961977182382,157.78802281361322,4790.07892420672
2025-02-18,meta,외부,META_CMP_01_신규유저,신규유저,논타겟,VID_플러스멤버십_겨울_A_v1,34536,665,139685,53,11,560537,641,48,9,491876,VID,플러스멤버십,겨울,A,v1,False,False,3.5213229766975447,2910.1041666060396,0.01925526986333046,0.072180451127711,210.0526315786315,4044.620106555362
2025-02-18,meta,외부,META_CMP_01_신규유저,신규유저,논타겟,IMG_적립혜택_겨울_B_v1,48752,636,201063,37,8,467880,549,33,5,402097,IMG,적립혜택,겨울,B,v1,False,False,1.9998557666005083,6092.818181633552,0.013045618641286245,0.051886792452748604,316.1367924523331,4124.200032819082
2025-02-18,meta,외부,META_CMP_01_신규유저,신규유저,논타겟,CRS_플러스멤버십_겨울_v1,49335,655,184465,48,8,390438,600,43,6,296434,CRS,플러스멤버십,겨울,N,v1,False,False,1.6069931965413407,4289.8837208304685,0.013276578493969531,0.06564885496173184,281.6259541980433,3739.0290868550983
2025-02-18,meta,외부,META_CMP_02_룩얼라이크,룩얼라이크,유사타겟,VID_플러스멤버십_겨울_A_v1,47976,981,166301,74,20,1134841,953,52,17,932020,VID,플러스멤버십,겨울,A,v1,False,False,5.604416088899011,3198.0961537846524,0.020447723861930542,0.05300713557588888,169.52191641165186,3466.3373353342618
2025-02-18,meta,외부,META_CMP_02_룩얼라이크,룩얼라이크,유사타겟,IMG_할인쿠폰_겨울_B_v1,39118,767,159202,63,14,733152,652,56,11,543335,IMG,할인쿠폰,겨울,B,v1,False,False,3.4128654162635934,2842.892857092091,0.019607341888644114,0.07301173402858799,207.56453715748688,4069.7888440103266
2025-02-18,meta,외부,META_CMP_02_룩얼라이크,룩얼라이크,유사타겟,CRS_특가_겨울_v1,45885,710,213555,58,14,686983,641,46,11,510593,CRS,특가,겨울,N,v1,False,False,2.3909203718011645,4642.499999899076,0.01547346627438127,0.06478873239427495,300.78169014042146,4654.135338345764
2025-02-18,meta,외부,META_CMP_03_재구매,재구매,VIP,IMG_배송혜택_겨울_A_v1,16152,359,77423,21,10,638033,335,15,8,592121,IMG,배송혜택,겨울,A,v1,False,False,7.647869496144457,5161.533332989231,0.022226349678057068,0.04178272980489754,215.66295264563882,4793.4001981175825
2025-02-18,meta,외부,META_CMP_03_재구매,재구매,VIP,VID_적립혜택_겨울_B_v1,15033,278,60380,14,8,537399,250,10,6,451789,VID,적립혜택,겨울,B,v1,False,False,7.48242795627679,6037.9999993962,0.018492649504422372,0.03597122302145334,217.19424460353528,4016.497039845405
2025-02-18,meta,외부,META_CMP_03_재구매,재구매,VIP,CRS_신상품_겨울_v1,9532,199,35297,11,5,418506,173,8,4,360310,CRS,신상품,겨울,N,v1,False,False,10.207949684108844,4412.124999448484,0.02087704574066084,0.04020100502492362,177.3718592955911,3703.0004196387217
2025-02-18,meta,외부,META_CMP_03_재구매,재구매,윈백,IMG_배송혜택_겨울_A_v1,22616,373,92872,18,7,578980,318,13,5,509858,IMG,배송혜택,겨울,A,v1,False,False,5.489900077525998,7143.9999994504615,0.01649274849663882,0.034852546916796644,248.98659517359522,4106.47329324354
2025-02-18,meta,외부,META_CMP_03_재구매,재구매,윈백,VID_적립혜택_겨울_B_v1,19891,490,100151,20,9,670945,447,16,7,566955,VID,적립혜택,겨울,B,v1,False,False,5.661001887150346,6259.437499608785,0.024634256699008362,0.03265306122442316,204.38979591795024,5034.990699310993
2025-02-18,meta,외부,META_CMP_03_재구매,재구매,윈백,CRS_신상품_겨울_v1,18568,481,70340,24,12,875338,434,17,9,777801,CRS,신상품,겨울,N,v1,False,False,11.057733864088554,4137.647058580138,0.025904782421368705,0.03534303534296186,146.2370062367022,3788.2378285219843
2025-02-18,naver,자체,NVR_CMP_01_브랜드KW,브랜드KW,논타겟,TXT_플러스멤버십_겨울_A_v1,10630,1733,71860,406,186,13055199,1685,314,142,10994047,TXT,플러스멤버십,겨울,A,v1,False,False,152.99258279988655,228.85350318398454,0.16302916274692728,0.18118869013261327,41.46566647429806,6760.112888052045
2025-02-18,naver,자체,NVR_CMP_02_일반KW,일반KW,논타겟,TXT_할인쿠폰_겨울_A_v1,14931,924,113754,168,65,3758420,823,146,46,3211201,TXT,할인쿠폰,겨울,A,v1,False,False,28.229345781247005,779.1369862960333,0.06188466947960204,0.158008658008487,123.11038961025638,7618.645770543993
2025-02-18,naver,자체,NVR_CMP_02_일반KW,일반KW,논타겟,TXT_플러스멤버십_겨울_B_v1,14914,1480,111040,185,85,6815651,1289,135,66,5475071,TXT,플러스멤버십,겨울,B,v1,False,False,49.30719560518688,822.5185185124259,0.09923561754055925,0.09121621621615458,75.02702702697633,7445.353359259257
2025-02-18,naver,자체,NVR_CMP_03_재구매,재구매,VIP,IMG_배송혜택_겨울_A_v1,4719,292,31126,33,18,1667581,257,26,15,1200849,IMG,배송혜택,겨울,A,v1,False,False,38.580254449654994,1197.1538461078019,0.06187751642295785,0.08904109589010603,106.59589041059385,6595.888959523924
2025-02-18,naver,자체,NVR_CMP_03_재구매,재구매,VIP,VID_적립혜택_겨울_B_v1,6622,404,46406,42,21,1897960,378,34,15,1603683,VID,적립혜택,겨울,B,v1,False,False,34.55766495711687,1364.882352901033,0.061008758683168074,0.08415841584137584,114.86633663337905,7007.8526125027165
2025-02-18,naver,자체,NVR_CMP_03_재구매,재구매,VIP,CRS_신상품_겨울_v1,5314,373,46653,27,17,1906658,328,19,15,1688428,CRS,신상품,겨울,N,v1,False,False,36.19119885109133,2455.4210525023464,0.07019194580352461,0.050938337801472014,125.07506702379337,8779.262325929849
2025-02-18,naver,자체,NVR_CMP_03_재구매,재구매,윈백,IMG_배송혜택_겨울_A_v1,11242,479,79606,50,39,3994150,432,41,33,3376065,IMG,배송혜택,겨울,A,v1,False,False,42.409680174860654,1941.6097560502049,0.0426080768546484,0.08559498956140794,166.19206680549857,7081.124355096327
2025-02-18,naver,자체,NVR_CMP_03_재구매,재구매,윈백,VID_적립혜택_겨울_B_v1,9783,406,92923,35,21,1966763,385,25,16,1639662,VID,적립혜택,겨울,B,v1,False,False,17.645383812403626,3716.919999851323,0.04150056219972999,0.06157635467965129,228.87438423588947,9498.415618929826
2025-02-18,naver,자체,NVR_CMP_03_재구매,재구매,윈백,CRS_신상품_겨울_v1,10861,822,84524,82,57,5145138,775,57,40,4214597,CRS,신상품,겨울,N,v1,False,False,49.8627253797732,1482.877192956441,0.07568363870729439,0.06934306569334629,102.82725060814741,7782.340484300913
2025-02-19,google,외부,GGL_CMP_01_플러스가입,플러스가입,논타겟,VID_플러스멤버십_겨울_A_v1,52176,1557,233583,139,43,2397786,1503,101,31,2189121,VID,플러스멤버십,겨울,A,v1,False,False,9.371919189324526,2312.7029702741315,0.02984130634774552,0.06486833654459546,150.0211946049133,4476.8284268628395
2025-02-19,google,외부,GGL_CMP_01_플러스가입,플러스가입,논타겟,IMG_플러스멤버십_겨울_B_v1,48499,1708,227429,211,41,2349651,1599,192,32,2150204,IMG,플러스멤버십,겨울,B,v1,False,False,9.45439675678999,1184.5260416604974,0.035217220973627596,0.11241217798588267,133.1551522247464,4689.35441967866
2025-02-19,google,외부,GGL_CMP_01_플러스가입,플러스가입,논타겟,CRS_플러스멤버십_겨울_v1,65510,1665,331608,140,29,1896549,1440,126,23,1539238,CRS,플러스멤버십,겨울,N,v1,False,False,4.641739644399397,2631.8095237886364,0.02541596702793428,0.07567567567563023,199.16396396384434,5061.944741260799
2025-02-19,google,외부,GGL_CMP_01_플러스가입,플러스가입,논타겟,IMG_적립혜택_겨울_v2,54263,1326,289549,125,42,2056824,1232,96,30,1755278,IMG,적립혜택,겨울,N,v2,False,False,6.062110385461508,3016.1354166352485,0.024436540552493884,0.07239819004519427,218.36274509787455,5336.03007574212
2025-02-19,google,외부,GGL_CMP_01_플러스가입,플러스가입,유사타겟,VID_플러스멤버십_겨울_A_v1,60276,1597,269113,186,49,2679904,1469,158,36,2265672,VID,플러스멤버십,겨울,A,v1,False,False,8.419035869690397,1703.246835432258,0.02649479062976929,0.09893550407006954,168.51158422030775,4464.679142610584
2025-02-19,google,외부,GGL_CMP_01_플러스가입,플러스가입,유사타겟,IMG_플러스멤버십_겨울_B_v1,58325,1436,268998,200,45,2258714,1221,176,40,1762629,IMG,플러스멤버십,겨울,B,v1,False,False,6.552572881582739,1528.3977272640434,0.024620660094298766,0.12256267409462217,187.3245125346885,4612.053150449985
2025-02-19,google,외부,GGL_CMP_01_플러스가입,플러스가입,유사타겟,CRS_플러스멤버십_겨울_v1,62545,1429,298070,200,66,3006287,1352,157,54,2762074,CRS,플러스멤버십,겨울,N,v1,False,False,9.26652799677925,1898.5350318350413,0.022847549764169434,0.10986703988795671,208.5864240726322,4765.688704132948
2025-02-19,google,외부,GGL_CMP_01_플러스가입,플러스가입,유사타겟,IMG_적립혜택_겨울_v2,69207,1409,413698,162,54,3326537,1313,129,38,2934684,IMG,적립혜택,겨울,N,v2,False,False,7.093783387881965,3206.9612402852176,0.020359212218416918,0.09155429382534311,293.6110716818356,5977.690118051555
2025-02-19,google,외부,GGL_CMP_02_리타겟팅,리타겟팅,리마케팅,VID_할인쿠폰_겨울_A_v1,33714,1212,166616,118,47,2940575,1117,87,38,2305726,VID,할인쿠폰,겨울,A,v1,False,False,13.83856292312855,1915.1264367595961,0.03594945719878876,0.07178217821776256,137.47194719460606,4942.041881710716
2025-02-19,google,외부,GGL_CMP_02_리타겟팅,리타겟팅,리마케팅,IMG_할인쿠폰_겨울_B_v1,36589,1162,218369,111,47,3331416,1037,86,32,2445184,IMG,할인쿠폰,겨울,B,v1,False,False,11.197486822763253,2539.174418575126,0.031758178687582836,0.07401032702231153,187.92512908761796,5968.1598294567775
2025-02-19,google,외부,GGL_CMP_02_리타겟팅,리타겟팅,리마케팅,CRS_특가_겨울_v1,29752,761,186655,59,23,1070661,691,45,18,942806,CRS,특가,겨울,N,v1,False,False,5.051062119953899,4147.888888796714,0.025578112395804462,0.05913272010504713,245.2759526935016,6273.695885990647
2025-02-19,google,외부,GGL_CMP_03_첫구매,첫구매,논타겟,VID_적립혜택_겨울_A_v1,59574,1361,280625,117,46,3260771,1286,84,39,2663597,VID,적립혜택,겨울,A,v1,False,False,9.491659688195957,3340.7738094840383,0.022845536643501817,0.06171932402640579,206.19030124893007,4710.528082720571
2025-02-19,google,외부,GGL_CMP_03_첫구매,첫구매,논타겟,IMG_적립혜택_겨울_B_v1,50261,1105,310247,103,32,1828924,1068,76,24,1504380,IMG,적립혜택,겨울,B,v1,False,False,4.848975171395679,4082.197368367339,0.02198523706253314,0.06877828054292419,280.76651583685,6172.718409900198
2025-02-19,google,외부,GGL_CMP_03_첫구매,첫구매,논타겟,CRS_할인쿠폰_겨울_v1,56132,1169,262394,87,25,1805558,1098,65,20,1648245,CRS,할인쿠폰,겨울,N,v1,False,False,6.281565127251362,4036.830769168664,0.02082591035416481,0.0556030795551278,224.4602224121262,4674.588470034835
2025-02-19,google,외부,GGL_CMP_03_첫구매,첫구매,유사타겟,VID_적립혜택_겨울_A_v1,70853,1693,317588,150,59,3168078,1640,107,50,2600304,VID,적립혜택,겨울,A,v1,False,False,8.187664521329495,2968.1121495049706,0.02389454222121824,0.0632014176018528,187.5888954517498,4482.350782606178
2025-02-19,google,외부,GGL_CMP_03_첫구매,첫구매,유사타겟,IMG_적립혜택_겨울_B_v1,54182,956,337005,82,28,1408217,835,65,20,1110534,IMG,적립혜택,겨울,B,v1,False,False,3.2953042239729284,5184.692307612543,0.017644236093167148,0.06799163179909205,352.5156903762003,6219.870067549994
2025-02-19,google,외부,GGL_CMP_03_첫구매,첫구매,유사타겟,CRS_할인쿠폰_겨울_v1,60309,1893,362075,168,77,4919044,1634,138,54,3980587,CRS,할인쿠폰,겨울,N,v1,False,False,10.993818960160159,2623.7318840389585,0.03138834999751229,0.07290015847856687,191.27047015309495,6003.664461357243
2025-02-19,meta,외부,META_CMP_01_신규유저,신규유저,논타겟,VID_플러스멤버십_겨울_A_v1,41454,587,199830,41,10,465734,527,30,8,392920,VID,플러스멤버십,겨울,A,v1,False,False,1.9662713306310267,6660.999999777967,0.014160274038693152,0.051107325383217876,340.42589437761427,4820.52395426244
2025-02-19,meta,외부,META_CMP_01_신규유저,신규유저,논타겟,IMG_적립혜택_겨울_B_v1,31045,445,115259,29,6,297620,429,24,4,275015,IMG,적립혜택,겨울,B,v1,False,False,2.386060958363317,4802.458333133231,0.014334031244966522,0.05393258426954173,259.0089887634629,3712.642937671003
2025-02-19,meta,외부,META_CMP_01_신규유저,신규유저,논타겟,CRS_플러스멤버십_겨울_v1,38004,656,164413,53,13,507485,602,43,10,426927,CRS,플러스멤버십,겨울,N,v1,False,False,2.596674228923488,3823.558139445964,0.01726134091148255,0.06554878048770496,250.62957317034966,4326.20250499936
2025-02-19,meta,외부,META_CMP_02_룩얼라이크,룩얼라이크,유사타겟,VID_플러스멤버십_겨울_A_v1,42788,647,210700,56,11,608327,595,44,8,553557,VID,플러스멤버십,겨울,A,v1,False,False,2.6272282866634904,4788.636363527531,0.015121061979994039,0.06800618238011127,325.6568778974874,4924.277834906869
2025-02-19,meta,외부,META_CMP_02_룩얼라이크,룩얼라이크,유사타겟,IMG_할인쿠폰_겨울_B_v1,33689,531,128869,51,14,637573,503,45,11,556015,IMG,할인쿠폰,겨울,B,v1,False,False,4.314575266355723,2863.7555554919168,0.015761821366024054,0.08474576271170481,242.6911487754375,3825.2545341208165
2025-02-19,meta,외부,META_CMP_02_룩얼라이크,룩얼라이크,유사타겟,CRS_특가_겨울_v1,44087,764,189686,72,21,1254875,682,61,15,1040515,CRS,특가,겨울,N,v1,False,False,5.4854601815631865,3109.606557326072,0.01732937147004747,0.07984293193706828,248.28010471171692,4302.538163177257
2025-02-19,meta,외부,META_CMP_03_재구매,재구매,VIP,IMG_배송혜택_겨울_A_v1,15967,427,76251,17,6,411487,395,14,4,373799,IMG,배송혜택,겨울,A,v1,False,False,4.902217675833695,5446.499999610965,0.026742656729502927,0.032786885245824855,178.5737704913851,4775.537045155334
2025-02-19,meta,외부,META_CMP_03_재구매,재구매,VIP,VID_적립혜택_겨울_B_v1,15213,428,72073,21,10,752404,414,16,6,544004,VID,적립혜택,겨울,B,v1,False,False,7.547958320036525,4504.562499718465,0.028133832906065328,0.037383177570006115,168.39485981269067,4737.592848221604
2025-02-19,meta,외부,META_CMP_03_재구매,재구매,VIP,CRS_신상품_겨울_v1,11300,277,43649,19,11,891063,263,16,7,734442,CRS,신상품,겨울,N,v1,False,False,16.82608994478644,2728.062499829496,0.024513274336281015,0.057761732851777034,157.577617327951,3862.7433628315166
2025-02-19,meta,외부,META_CMP_03_재구매,재구매,윈백,IMG_배송혜택_겨울_A_v1,25710,609,103283,34,12,937891,568,25,9,823390,IMG,배송혜택,겨울,A,v1,False,False,7.972173542596478,4131.319999834747,0.023687281213534667,0.04105090311980123,169.59441707689723,4017.2306495525463
2025-02-19,meta,외부,META_CMP_03_재구매,재구매,윈백,VID_적립혜택_겨울_B_v1,25396,456,88826,21,13,913647,419,15,11,768424,VID,적립혜택,겨울,B,v1,False,False,8.650890505032212,5921.733332938551,0.01795558355646488,0.032894736842033125,194.79385964869564,3497.637423216117
2025-02-19,meta,외부,META_CMP_03_재구매,재구매,윈백,CRS_신상품_겨울_v1,25882,432,121528,26,15,1231629,399,23,12,1001944,CRS,신상품,겨울,N,v1,False,False,8.244552695675003,5283.82608672679,0.016691136697317956,0.0532407407406175,281.31481481416364,4695.4640290547595
2025-02-19,naver,자체,NVR_CMP_01_브랜드KW,브랜드KW,논타겟,TXT_플러스멤버십_겨울_A_v1,9416,1172,64716,342,225,16765955,1029,298,157,14990480,TXT,플러스멤버십,겨울,A,v1,False,False,231.63483528029806,217.1677852341706,0.12446898895495703,0.25426621160387863,55.21843003408258,6872.982158028157
2025-02-19,naver,자체,NVR_CMP_02_일반KW,일반KW,논타겟,TXT_할인쿠폰_겨울_A_v1,11186,908,98468,163,61,4441963,862,138,44,3826308,TXT,할인쿠폰,겨울,A,v1,False,False,38.85839054312021,713.5362318788875,0.08117289468978355,0.15198237885445817,108.44493392058541,8802.789200785912
2025-02-19,naver,자체,NVR_CMP_02_일반KW,일반KW,논타겟,TXT_플러스멤버십_겨울_B_v1,8971,833,60913,109,44,2196633,811,89,38,2035838,TXT,플러스멤버십,겨울,B,v1,False,False,33.42206097220571,684.4157303293886,0.09285475420799322,0.10684273709470968,73.12484993988821,6789.989967672857
2025-02-19,naver,자체,NVR_CMP_03_재구매,재구매,VIP,IMG_배송혜택_겨울_A_v1,4775,303,35375,22,17,1211661,259,17,14,1075344,IMG,배송혜택,겨울,A,v1,False,False,30.398416961129886,2080.882352818772,0.06345549738218566,0.05610561056087094,116.74917491710644,7408.376963349233
2025-02-19,naver,자체,NVR_CMP_03_재구매,재구매,VIP,VID_적립혜택_겨울_B_v1,6552,433,42828,37,31,2555367,408,27,21,2024062,VID,적립혜택,겨울,B,v1,False,False,47.26025030353864,1586.2222221634731,0.066086691086681,0.06235565819847031,98.9099307157069,6536.630036629038
2025-02-19,naver,자체,NVR_CMP_03_재구매,재구매,VIP,CRS_신상품_겨울_v1,6038,414,48230,36,23,2510485,356,30,18,2123650,CRS,신상품,겨울,N,v1,False,False,44.031722993986236,1607.6666666130777,0.06856575024841527,0.07246376811576699,116.4975845407814,7987.7442861861555
2025-02-19,naver,자체,NVR_CMP_03_재구매,재구매,윈백,IMG_배송혜택_겨울_A_v1,9369,452,67217,46,36,3478888,416,42,32,3119610,IMG,배송혜택,겨울,A,v1,False,False,46.41102697234261,1600.404761866657,0.04824420962748978,0.0929203539820953,148.71017699082145,7174.404952502168
2025-02-19,naver,자체,NVR_CMP_03_재구매,재구매,윈백,VID_적립혜택_겨울_B_v1,8623,464,81556,43,25,2441967,446,37,18,2008132,VID,적립혜택,겨울,B,v1,False,False,24.62273775074765,2204.216216156643,0.053809579032812964,0.07974137931017297,175.76724137893154,9457.961266379512
2025-02-19,naver,자체,NVR_CMP_03_재구매,재구매,윈백,CRS_신상품_겨울_v1,7304,387,67249,28,17,1470352,363,19,12,1215528,CRS,신상품,겨울,N,v1,False,False,18.075034573004533,3539.4210524452938,0.052984665936465905,0.04909560723501526,173.77002583934427,9207.146768892497
2025-02-20,google,외부,GGL_CMP_01_플러스가입,플러스가입,논타겟,VID_플러스멤버십_겨울_A_v1,46419,1265,250907,179,49,2724408,1201,140,33,2484561,VID,플러스멤버십,겨울,A,v1,False,False,9.902318388885085,1792.192857130056,0.027251771903745725,0.1106719367588058,198.34545454529774,5405.2650854174935
2025-02-20,google,외부,GGL_CMP_01_플러스가입,플러스가입,논타겟,IMG_플러스멤버십_겨울_B_v1,48234,1343,252310,134,26,1647928,1213,94,18,1532287,IMG,플러스멤버십,겨울,B,v1,False,False,6.073033173477048,2684.148936141658,0.027843429945680894,0.06999255398356664,187.8704393148266,5230.957415930563
2025-02-20,google,외부,GGL_CMP_01_플러스가입,플러스가입,논타겟,CRS_플러스멤버십_겨울_v1,53740,1875,311484,180,49,3258437,1817,142,36,3013453,CRS,플러스멤버십,겨울,N,v1,False,False,9.67450334527613,2193.5492957592005,0.03489021213248912,0.07573333333329295,166.1247999999114,5796.129512467329
2025-02-20,google,외부,GGL_CMP_01_플러스가입,플러스가입,논타겟,IMG_적립혜택_겨울_v2,70290,1396,412772,167,35,2483374,1188,122,27,2008220,IMG,적립혜택,겨울,N,v2,False,False,4.8652040351574115,3383.377049152595,0.019860577607056198,0.08739255014320388,295.68194842385697,5872.4142836818055
2025-02-20,google,외부,GGL_CMP_01_플러스가입,플러스가입,유사타겟,VID_플러스멤버십_겨울_A_v1,69309,1916,320581,242,72,4065509,1760,200,58,3605260,VID,플러스멤버십,겨울,A,v1,False,False,11.246018946849592,1602.9049999919855,0.027644317476806363,0.10438413361163654,167.31784968676027,4625.387756279781
2025-02-20,google,외부,GGL_CMP_01_플러스가입,플러스가입,유사타겟,IMG_플러스멤버십_겨울_B_v1,69076,1985,391336,168,45,2301908,1882,151,39,1960319,IMG,플러스멤버십,겨울,B,v1,False,False,5.009298914487793,2591.629139055685,0.028736464184376212,0.07607052896721608,197.14659949612235,5665.296195494735
2025-02-20,google,외부,GGL_CMP_01_플러스가입,플러스가입,유사타겟,CRS_플러스멤버십_겨울_v1,61337,1184,293322,138,43,2220994,1100,110,31,1748320,CRS,플러스멤버십,겨울,N,v1,False,False,5.96041210683138,2666.5636363393946,0.01930319383080328,0.09290540540532694,247.73817567546644,4782.138024357161
2025-02-20,google,외부,GGL_CMP_01_플러스가입,플러스가입,유사타겟,IMG_적립혜택_겨울_v2,70210,1481,418115,207,64,3762242,1430,151,50,3067121,IMG,적립혜택,겨울,N,v2,False,False,7.33559188261601,2768.9735099154373,0.021093861273322585,0.10195813639425931,282.3193787979188,5955.205811137929
2025-02-20,google,외부,GGL_CMP_02_리타겟팅,리타겟팅,리마케팅,VID_할인쿠폰_겨울_A_v1,40687,1015,265655,129,74,5260717,966,111,63,4694452,VID,할인쿠폰,겨울,A,v1,False,False,17.671235248724784,2393.2882882667272,0.02494654312188107,0.1093596059112223,261.729064039151,6529.235382308686
2025-02-20,google,외부,GGL_CMP_02_리타겟팅,리타겟팅,리마케팅,IMG_할인쿠폰_겨울_B_v1,38458,1560,172186,148,54,3124257,1432,105,42,2609251,IMG,할인쿠폰,겨울,B,v1,False,False,15.153676837838065,1639.866666651049,0.04056373186333038,0.06730769230764916,110.37564102557027,4477.247906807311
2025-02-20,google,외부,GGL_CMP_02_리타겟팅,리타겟팅,리마케팅,CRS_특가_겨울_v1,31875,1281,207696,115,43,2370561,1215,91,37,1753744,CRS,특가,겨울,N,v1,False,False,8.443802480548454,2282.3736263485453,0.04018823529411639,0.07103825136606476,162.13583138160647,6515.952941176266
2025-02-20,google,외부,GGL_CMP_03_첫구매,첫구매,논타겟,VID_적립혜택_겨울_A_v1,62176,1652,358750,114,56,3037344,1581,101,50,2305711,VID,적립혜택,겨울,A,v1,False,False,6.4270689895470205,3551.980197984634,0.026569737519299627,0.06113801452780803,217.1610169490211,5769.91121976316
2025-02-20,google,외부,GGL_CMP_03_첫구매,첫구매,논타겟,IMG_적립혜택_겨울_B_v1,42714,832,212798,59,16,901191,778,43,13,818130,IMG,적립혜택,겨울,B,v1,False,False,3.8446319984210198,4948.7906975593305,0.019478391159806634,0.05168269230763019,255.76682692276952,4981.926300510256
2025-02-20,google,외부,GGL_CMP_03_첫구매,첫구매,논타겟,CRS_할인쿠폰_겨울_v1,58670,1664,304111,146,40,2853133,1428,104,33,2467355,CRS,할인쿠폰,겨울,N,v1,False,False,8.113336906590002,2924.144230741114,0.02836202488494924,0.06249999999996244,182.75901442296708,5183.4157150161045
2025-02-20,google,외부,GGL_CMP_03_첫구매,첫구매,유사타겟,VID_적립혜택_겨울_A_v1,66182,1428,373469,102,36,2592672,1369,85,24,2129546,VID,적립혜택,겨울,A,v1,False,False,5.702068980290183,4393.752941124779,0.0215768637998244,0.05952380952376784,261.53291316508296,5643.060046538248
2025-02-20,google,외부,GGL_CMP_03_첫구매,첫구매,유사타겟,IMG_적립혜택_겨울_B_v1,58832,1116,340957,79,35,2269945,1016,65,29,1860629,IMG,적립혜택,겨울,B,v1,False,False,5.457078165281823,5245.492307611607,0.01896926842534643,0.05824372759851412,305.517025089332,5795.434457438031
2025-02-20,google,외부,GGL_CMP_03_첫구매,첫구매,유사타겟,CRS_할인쿠폰_겨울_v1,63065,2033,397575,191,61,3279850,1748,154,45,2460780,CRS,할인쿠폰,겨울,N,v1,False,False,6.189473684210511,2581.6558441390803,0.03223658130500227,0.0757501229709416,195.5607476634552,6304.209942123107
2025-02-20,meta,외부,META_CMP_01_신규유저,신규유저,논타겟,VID_플러스멤버십_겨울_A_v1,36698,510,178181,38,7,322266,440,33,4,245053,VID,플러스멤버십,겨울,A,v1,False,False,1.3753037641499297,5399.424242260624,0.013897215107089926,0.0647058823528143,349.37450980323655,4855.332715679197
2025-02-20,meta,외부,META_CMP_01_신규유저,신규유저,논타겟,IMG_적립혜택_겨울_B_v1,39040,606,176268,35,7,279189,546,29,5,255790,IMG,적립혜택,겨울,B,v1,False,False,1.4511425783466003,6078.206896342131,0.015522540983606161,0.047854785478468886,290.8712871282329,4515.0614754097205
2025-02-20,meta,외부,META_CMP_01_신규유저,신규유저,논타겟,CRS_플러스멤버십_겨울_v1,33216,388,144784,31,5,284231,350,22,4,216380,CRS,플러스멤버십,겨울,N,v1,False,False,1.4945021549342368,6581.090908791769,0.01168111753371834,0.05670103092768892,373.154639174296,4358.863198458443
2025-02-20,meta,외부,META_CMP_02_룩얼라이크,룩얼라이크,유사타겟,VID_플러스멤버십_겨울_A_v1,53552,1012,180832,76,20,782412,872,57,15,694443,VID,플러스멤버십,겨울,A,v1,False,False,3.84026610334452,3172.4912280145177,0.01889752016731366,0.0563241106718811,178.68774703539657,3376.7553032565847
2025-02-20,meta,외부,META_CMP_02_룩얼라이크,룩얼라이크,유사타겟,IMG_할인쿠폰_겨울_B_v1,53735,692,222202,56,10,564632,591,44,7,419478,IMG,할인쿠폰,겨울,B,v1,False,False,1.8878227918740522,5050.045454430681,0.012878012468595648,0.06358381502880985,321.10115606890014,4135.144691541749
2025-02-20,meta,외부,META_CMP_02_룩얼라이크,룩얼라이크,유사타겟,CRS_특가_겨울_v1,43021,718,147532,55,16,865953,656,40,10,773262,CRS,특가,겨울,N,v1,False,False,5.241317137976811,3688.299999907793,0.01668952372097309,0.055710306406607644,205.47632311949098,3429.3019688058525
2025-02-20,meta,외부,META_CMP_03_재구매,재구매,VIP,IMG_배송혜택_겨울_A_v1,11210,328,52232,21,12,1047833,283,15,10,966653,IMG,배송혜택,겨울,A,v1,False,False,18.50691147189427,3482.133333101191,0.029259589652093732,0.045731707316933747,159.2439024385389,4659.411239963902
2025-02-20,meta,외부,META_CMP_03_재구매,재구매,VIP,VID_적립혜택_겨울_B_v1,12403,204,47026,9,3,259899,195,7,2,230054,VID,적립혜택,겨울,B,v1,False,False,4.892059711648772,6717.999999040286,0.016447633637021973,0.034313725490027876,230.51960784200728,3791.502055953899
2025-02-20,meta,외부,META_CMP_03_재구매,재구매,VIP,CRS_신상품_겨울_v1,15642,296,56347,18,6,391571,259,14,5,293600,CRS,신상품,겨울,N,v1,False,False,5.2105702166929,4024.7857139982298,0.01892341132847341,0.04729729729713751,190.3614864858434,3602.2887098834162
2025-02-20,meta,외부,META_CMP_03_재구매,재구매,윈백,IMG_배송혜택_겨울_A_v1,23930,706,109770,41,18,1465607,673,32,12,1245143,IMG,배송혜택,겨울,A,v1,False,False,11.343199416962637,3430.3124998928033,0.02950271625574469,0.04532577903676299,155.48158640204608,4587.129126619115
2025-02-20,meta,외부,META_CMP_03_재구매,재구매,윈백,VID_적립혜택_겨울_B_v1,17323,328,76876,16,6,508626,298,11,4,453618,VID,적립혜택,겨울,B,v1,False,False,5.900645194859177,6988.727272091934,0.018934364717426603,0.033536585365751416,234.37804877977325,4437.79945736856
2025-02-20,meta,외부,META_CMP_03_재구매,재구매,윈백,CRS_신상품_겨울_v1,23774,397,118650,17,10,815526,355,13,7,593524,CRS,신상품,겨울,N,v1,False,False,5.002309313105731,9126.923076221006,0.01669891478085233,0.032745591939464115,298.86649873980133,4990.746193320225
2025-02-20,naver,자체,NVR_CMP_01_브랜드KW,브랜드KW,논타겟,TXT_플러스멤버십_겨울_A_v1,6871,969,46403,296,158,13589041,835,259,126,10938725,TXT,플러스멤버십,겨울,A,v1,False,False,235.73314225372854,179.16216216147043,0.14102750691309254,0.2672858617128305,47.88751289984738,6753.456556541004
2025-02-20,naver,자체,NVR_CMP_02_일반KW,일반KW,논타겟,TXT_할인쿠폰_겨울_A_v1,14546,1026,121332,163,59,3802435,929,145,52,3276320,TXT,할인쿠폰,겨울,A,v1,False,False,27.00293409817668,836.7724137873327,0.0705348549429348,0.14132553606224044,118.25730994140521,8341.262202666825
2025-02-20,naver,자체,NVR_CMP_02_일반KW,일반KW,논타겟,TXT_플러스멤버십_겨울_B_v1,9779,774,93851,150,57,3302936,703,105,48,2682141,TXT,플러스멤버십,겨울,B,v1,False,False,28.578715197493594,893.819047610535,0.07914919725942539,0.1356589147285069,121.25452196366763,9597.198077512056
2025-02-20,naver,자체,NVR_CMP_03_재구매,재구매,VIP,IMG_배송혜택_겨울_A_v1,5909,444,56286,32,16,1313510,426,23,12,957757,IMG,배송혜택,겨울,A,v1,False,False,17.01590093451272,2447.217391197947,0.0751396175325647,0.05180180180168513,126.77027026998475,9525.469622607967
2025-02-20,naver,자체,NVR_CMP_03_재구매,재구매,VIP,VID_적립혜택_겨울_B_v1,5087,339,44995,41,33,3641207,297,34,27,2719435,VID,적립혜택,겨울,B,v1,False,False,60.43860428936414,1323.3823529022536,0.06664045606446498,0.10029498525044162,132.72861356893,8845.095341063721
2025-02-20,naver,자체,NVR_CMP_03_재구매,재구매,VIP,CRS_신상품_겨울_v1,4419,231,31541,22,15,1217642,224,15,10,933980,CRS,신상품,겨울,N,v1,False,False,29.611616625977945,2102.733333193151,0.052274270196865286,0.06493506493478383,136.54112554053447,7137.5876895209
2025-02-20,naver,자체,NVR_CMP_03_재구매,재구매,윈백,IMG_배송혜택_겨울_A_v1,11513,637,83790,49,38,2654763,546,36,32,2185534,IMG,배송혜택,겨울,A,v1,False,False,26.08347058121463,2327.4999999353477,0.055328758794401516,0.05651491365768208,131.53846153825504,7277.8598106481995
2025-02-20,naver,자체,NVR_CMP_03_재구매,재구매,윈백,VID_적립혜택_겨울_B_v1,11369,524,73291,62,30,2354194,460,44,20,1951601,VID,적립혜택,겨울,B,v1,False,False,26.62811259226881,1665.7045454166887,0.046090245404165175,0.08396946564869472,139.8683206104201,6446.565221215019
2025-02-20,naver,자체,NVR_CMP_03_재구매,재구매,윈백,CRS_신상품_겨울_v1,7642,391,66377,35,20,1485347,332,28,16,1312171,CRS,신상품,겨울,N,v1,False,False,19.76845895415551,2370.6071427724783,0.05116461659250835,0.0716112531967478,169.76214833716173,8685.815231613624
2025-02-21,google,외부,GGL_CMP_01_플러스가입,플러스가입,논타겟,VID_플러스멤버십_겨울_A_v1,71475,1518,333220,209,40,2810439,1458,163,33,2394024,VID,플러스멤버십,겨울,A,v1,False,False,7.184514735009882,2044.2944785150657,0.021238195173137162,0.10737812911718882,219.5125164688936,4662.04966771592
2025-02-21,google,외부,GGL_CMP_01_플러스가입,플러스가입,논타겟,IMG_플러스멤버십_겨울_B_v1,65573,1412,359854,208,64,3840271,1297,180,53,3361783,IMG,플러스멤버십,겨울,B,v1,False,False,9.342074841463457,1999.1888888777823,0.021533253015722606,0.1274787535409862,254.85410764854473,5487.837982096206
2025-02-21,google,외부,GGL_CMP_01_플러스가입,플러스가입,논타겟,CRS_플러스멤버십_겨울_v1,58886,1510,329285,201,47,3346272,1470,182,40,2794132,CRS,플러스멤버십,겨울,N,v1,False,False,8.485451812259871,1809.2582417483009,0.0256427673810409,0.1205298013244235,218.06953642369663,5591.906395407982
2025-02-21,google,외부,GGL_CMP_01_플러스가입,플러스가입,논타겟,IMG_적립혜택_겨울_v2,54340,1277,268379,109,36,2391776,1246,88,29,1847165,IMG,적립혜택,겨울,N,v2,False,False,6.882673383535944,3049.761363601707,0.023500184026499386,0.06891151135468371,210.16366483930292,4938.884799411025
2025-02-21,google,외부,GGL_CMP_01_플러스가입,플러스가입,유사타겟,VID_플러스멤버십_겨울_A_v1,42418,884,264564,131,26,1212726,852,100,21,1014581,VID,플러스멤버십,겨울,A,v1,False,False,3.8349170711056537,2645.6399999735436,0.02084020934508886,0.11312217194557339,299.2805429860868,6237.06916874897
2025-02-21,google,외부,GGL_CMP_01_플러스가입,플러스가입,유사타겟,IMG_플러스멤버십_겨울_B_v1,50689,1192,278929,161,55,2887431,1163,119,40,2593061,IMG,플러스멤버십,겨울,B,v1,False,False,9.29649122178042,2343.9411764508914,0.023515950206158664,0.09983221476501691,234.0008389259782,5502.7520763872735
2025-02-21,google,외부,GGL_CMP_01_플러스가입,플러스가입,유사타겟,CRS_플러스멤버십_겨울_v1,38897,981,198868,96,24,1075781,874,87,19,831127,CRS,플러스멤버십,겨울,N,v1,False,False,4.179289780155661,2285.839080433496,0.025220454019589552,0.08868501529042948,202.71967380203597,5112.682211995652
2025-02-21,google,외부,GGL_CMP_01_플러스가입,플러스가입,유사타겟,IMG_적립혜택_겨울_v2,57706,1781,363496,199,42,1909987,1527,145,36,1664388,IMG,적립혜택,겨울,N,v2,False,False,4.578834430090002,2506.868965499953,0.030863341766886793,0.08141493542948826,204.09657495777424,6299.102346376351
2025-02-21,google,외부,GGL_CMP_02_리타겟팅,리타겟팅,리마케팅,VID_할인쿠폰_겨울_A_v1,39140,1539,218635,125,56,3881801,1438,101,45,3420185,VID,할인쿠폰,겨울,A,v1,False,False,15.643355363962698,2164.7029702755967,0.03932038834951356,0.0656270305392686,142.06302794012862,5585.973428717282
2025-02-21,google,외부,GGL_CMP_02_리타겟팅,리타겟팅,리마케팅,IMG_할인쿠폰_겨울_B_v1,42269,1168,268810,98,44,2541964,1003,74,33,1902782,IMG,할인쿠폰,겨울,B,v1,False,False,7.078538744838336,3632.5675675184784,0.027632543944734262,0.0633561643835074,230.14554794500845,6359.506967280837
2025-02-21,google,외부,GGL_CMP_02_리타겟팅,리타겟팅,리마케팅,CRS_특가_겨울_v1,27602,1205,160141,106,42,2946445,1059,97,28,2303761,CRS,특가,겨울,N,v1,False,False,14.385828738424175,1650.9381443128768,0.04365625679298443,0.08049792531113652,132.89709543557436,5801.789725382008
2025-02-21,google,외부,GGL_CMP_03_첫구매,첫구매,논타겟,VID_적립혜택_겨울_A_v1,43762,827,266839,94,37,2162408,761,79,32,1842267,VID,적립혜택,겨울,A,v1,False,False,6.9040395144637525,3377.7088607167375,0.01889767378090538,0.0955259975815048,322.65900846393873,6097.504684429275
2025-02-21,google,외부,GGL_CMP_03_첫구매,첫구매,논타겟,IMG_적립혜택_겨울_B_v1,64447,2069,332617,132,56,4221878,1789,93,43,3193038,IMG,적립혜택,겨울,B,v1,False,False,9.599743849532617,3576.5268816819726,0.0321038993281296,0.04494925084579751,160.7622039631896,5161.093611804969
2025-02-21,google,외부,GGL_CMP_03_첫구매,첫구매,논타겟,CRS_할인쿠폰_겨울_v1,40327,963,179527,65,26,1669245,875,45,21,1463233,CRS,할인쿠폰,겨울,N,v1,False,False,8.15048989845534,3989.488888800234,0.02387978277580718,0.0467289719625683,186.42471443386665,4451.781684727244
2025-02-21,google,외부,GGL_CMP_03_첫구매,첫구매,유사타겟,VID_적립혜택_겨울_A_v1,44300,1428,207312,146,71,4353952,1278,106,58,3376678,VID,적립혜택,겨울,A,v1,False,False,16.28790422165617,1955.7735848872096,0.032234762979683244,0.07422969187669871,145.17647058813364,4679.729119638721
2025-02-21,google,외부,GGL_CMP_03_첫구매,첫구매,유사타겟,IMG_적립혜택_겨울_B_v1,56067,1295,308092,111,49,2704199,1237,99,43,2375160,IMG,적립혜택,겨울,B,v1,False,False,7.7092556768757134,3112.0404040089693,0.023097365651809032,0.07644787644781742,237.9088803086966,5495.068400306678
2025-02-21,google,외부,GGL_CMP_03_첫구매,첫구매,유사타겟,CRS_할인쿠폰_겨울_v1,48797,1384,318909,110,34,1794039,1255,100,29,1404674,CRS,할인쿠폰,겨울,N,v1,False,False,4.404623262435352,3189.089999968109,0.02836239932782695,0.0722543352600634,230.42557803451558,6535.4222595650035
2025-02-21,meta,외부,META_CMP_01_신규유저,신규유저,논타겟,VID_플러스멤버십_겨울_A_v1,50195,581,221110,36,5,239311,550,30,3,209085,VID,플러스멤버십,겨울,A,v1,False,False,0.9456153045995164,7370.333333087656,0.011574858053590766,0.05163511187598686,380.56798622998184,4405.020420360506
2025-02-21,meta,외부,META_CMP_01_신규유저,신규유저,논타겟,IMG_적립혜택_겨울_B_v1,41793,534,156916,38,8,381429,482,28,7,335253,IMG,적립혜택,겨울,B,v1,False,False,2.136512528996392,5604.142856942709,0.012777259349651552,0.05243445692874076,293.8501872653673,3754.600052640305
2025-02-21,meta,외부,META_CMP_01_신규유저,신규유저,논타겟,CRS_플러스멤버십_겨울_v1,48286,606,199463,53,11,648785,555,46,9,519910,CRS,플러스멤버십,겨울,N,v1,False,False,2.606548582945195,4336.152173818779,0.012550221596321656,0.07590759075895065,329.1468646859255,4130.8660895496805
2025-02-21,meta,외부,META_CMP_02_룩얼라이크,룩얼라이크,유사타겟,VID_플러스멤버십_겨울_A_v1,38247,770,154224,46,8,496044,750,38,6,461090,VID,플러스멤버십,겨울,A,v1,False,False,2.9897421931735466,4058.526315682671,0.020132297958009252,0.04935064935058526,200.29090909064897,4032.316260098726
2025-02-21,meta,외부,META_CMP_02_룩얼라이크,룩얼라이크,유사타겟,IMG_할인쿠폰_겨울_B_v1,50877,883,244134,58,15,746389,845,49,12,637575,IMG,할인쿠폰,겨울,B,v1,False,False,2.6115780677824367,4982.326530510565,0.01735558307290097,0.05549263873153398,276.4824462058024,4798.514063329112
2025-02-21,meta,외부,META_CMP_02_룩얼라이크,룩얼라이크,유사타겟,CRS_특가_겨울_v1,38512,500,192481,29,7,352900,456,22,4,271525,CRS,특가,겨울,N,v1,False,False,1.4106587143666056,8749.136363238676,0.01298296634815089,0.043999999999912,384.9619999992301,4997.948691316862
2025-02-21,meta,외부,META_CMP_03_재구매,재구매,VIP,IMG_배송혜택_겨울_A_v1,15352,426,59516,21,9,707289,383,15,6,522152,IMG,배송혜택,겨울,A,v1,False,False,8.773304657570927,3967.733333068818,0.027748827514328573,0.03521126760555115,139.70892018746548,3876.758728504177
2025-02-21,meta,외부,META_CMP_03_재구매,재구매,VIP,VID_적립혜택_겨울_B_v1,14797,332,56002,21,9,591771,307,15,8,508085,VID,적립혜택,겨울,B,v1,False,False,9.07262240634247,3733.466666417769,0.022436980469012473,0.04518072289143018,168.6807228910582,3784.6860850169774
2025-02-21,meta,외부,META_CMP_03_재구매,재구매,VIP,CRS_신상품_겨울_v1,10909,222,51652,14,5,388123,202,10,4,322744,CRS,신상품,겨울,N,v1,False,False,6.2484318129016065,5165.19999948348,0.020350169584744674,0.04504504504484214,232.66666666561864,4734.806123383927
2025-02-21,meta,외부,META_CMP_03_재구매,재구매,윈백,IMG_배송혜택_겨울_A_v1,20541,337,92094,15,6,459077,321,12,5,408266,IMG,배송혜택,겨울,A,v1,False,False,4.433144395943227,7674.499999360458,0.01640621196631048,0.03560830860523558,273.2759643908805,4483.423397108005
2025-02-21,meta,외부,META_CMP_03_재구매,재구매,윈백,VID_적립혜택_겨울_B_v1,23822,566,91137,37,18,1568290,510,32,12,1408035,VID,적립혜택,겨울,B,v1,False,False,15.449652720629212,2848.031249910999,0.023759549995801203,0.05653710247339835,161.0194346286908,3825.749307362781
2025-02-21,meta,외부,META_CMP_03_재구매,재구매,윈백,CRS_신상품_겨울_v1,24988,757,91589,33,20,1284193,708,25,17,974911,CRS,신상품,겨울,N,v1,False,False,10.644411446789345,3663.5599998534576,0.03029454137986112,0.0330250990752536,120.98943196813607,3665.319353289432
2025-02-21,naver,자체,NVR_CMP_01_브랜드KW,브랜드KW,논타겟,TXT_플러스멤버십_겨울_A_v1,10961,1140,84231,242,145,10521364,969,219,114,7797391,TXT,플러스멤버십,겨울,A,v1,False,False,92.57151167622261,384.61643835440816,0.10400510902288988,0.19210526315772622,73.88684210519834,7684.609068514945
2025-02-21,naver,자체,NVR_CMP_02_일반KW,일반KW,논타겟,TXT_할인쿠폰_겨울_A_v1,14338,1420,109430,286,90,4638324,1336,206,70,4146175,TXT,할인쿠폰,겨울,A,v1,False,False,37.88883304395469,531.213592230431,0.09903752266703172,0.1450704225351091,77.06338028163587,7632.166271445973
2025-02-21,naver,자체,NVR_CMP_02_일반KW,일반KW,논타겟,TXT_플러스멤버십_겨울_B_v1,13529,1367,88729,160,53,4170522,1199,144,41,3105049,TXT,플러스멤버십,겨울,B,v1,False,False,34.99474805306004,616.1736111068321,0.10104220563233786,0.10534016093627993,64.90782735913321,6558.43003917462
2025-02-21,naver,자체,NVR_CMP_03_재구매,재구매,VIP,IMG_배송혜택_겨울_A_v1,4126,268,36276,27,18,1759443,242,23,12,1499699,IMG,배송혜택,겨울,A,v1,False,False,41.341355165948805,1577.2173912357732,0.06495395055742487,0.08582089552206784,135.3582089547188,8792.050412019196
2025-02-21,naver,자체,NVR_CMP_03_재구매,재구매,VIP,VID_적립혜택_겨울_B_v1,5036,370,44487,44,34,3271167,350,31,26,2422919,VID,적립혜택,겨울,B,v1,False,False,54.46352867129601,1435.0645160827398,0.07347100873707833,0.08378378378355734,120.23513513481018,8833.796664017309
2025-02-21,naver,자체,NVR_CMP_03_재구매,재구매,VIP,CRS_신상품_겨울_v1,5879,415,49593,47,29,2472719,353,34,21,2007564,CRS,신상품,겨울,N,v1,False,False,40.48079366039481,1458.6176470159232,0.0705902364347558,0.08192771084317609,119.50120481898915,8435.618302430952
2025-02-21,naver,자체,NVR_CMP_03_재구매,재구매,윈백,IMG_배송혜택_겨울_A_v1,7506,447,65000,30,26,2435213,419,26,20,1755124,IMG,배송혜택,겨울,A,v1,False,False,27.001907692307277,2499.999999903846,0.05955235811350126,0.05816554809830388,145.4138702457597,8659.738875565059
2025-02-21,naver,자체,NVR_CMP_03_재구매,재구매,윈백,VID_적립혜택_겨울_B_v1,7043,404,62214,43,29,3203758,348,30,24,2381431,VID,적립혜택,겨울,B,v1,False,False,38.278056386021824,2073.799999930873,0.05736191963651038,0.07425742574239046,153.99504950456932,8833.451654123408
2025-02-21,naver,자체,NVR_CMP_03_재구매,재구매,윈백,CRS_신상품_겨울_v1,9624,723,66356,85,65,6993584,669,77,47,5755622,CRS,신상품,겨울,N,v1,False,False,86.73853155705457,861.766233755042,0.07512468827929393,0.10650069156278492,91.77869986156047,6894.846217788144
2025-02-22,google,외부,GGL_CMP_01_플러스가입,플러스가입,논타겟,VID_플러스멤버십_겨울_A_v1,31860,717,163935,70,18,999516,689,62,12,887206,VID,플러스멤버십,겨울,A,v1,False,False,5.4119376582181635,2644.1129031831597,0.02250470809792773,0.08647140864702027,228.64016736369786,5145.480225988539
2025-02-22,google,외부,GGL_CMP_01_플러스가입,플러스가입,논타겟,IMG_플러스멤버십_겨울_B_v1,42413,1287,253456,138,33,2238921,1177,97,27,1926630,IMG,플러스멤버십,겨울,B,v1,False,False,7.601437724891076,2612.94845358131,0.030344469855939683,0.07536907536901681,196.93550893535593,5975.90361445769
2025-02-22,google,외부,GGL_CMP_01_플러스가입,플러스가입,논타겟,CRS_플러스멤버십_겨울_v1,36130,1171,169699,167,57,2762357,1120,131,39,2565113,CRS,플러스멤버십,겨울,N,v1,False,False,15.115663616167362,1295.4122137305694,0.032410738998061656,0.11187019641322642,144.9180187872375,4696.900083033361
2025-02-22,google,외부,GGL_CMP_01_플러스가입,플러스가입,논타겟,IMG_적립혜택_겨울_v2,43786,1394,245783,197,45,2804647,1188,172,37,2229320,IMG,적립혜택,겨울,N,v2,False,False,9.070277439855445,1428.9709302242502,0.03183666011967223,0.12338593974166184,176.3149210902609,5613.278216781491
2025-02-22,google,외부,GGL_CMP_01_플러스가입,플러스가입,유사타겟,VID_플러스멤버십_겨울_A_v1,39689,1215,196103,171,57,3079631,1150,152,40,2425484,VID,플러스멤버십,겨울,A,v1,False,False,12.368418637144703,1290.151315780986,0.030613016200961716,0.12510288065833325,161.40164609040215,4940.9912066314355
2025-02-22,google,외부,GGL_CMP_01_플러스가입,플러스가입,유사타겟,IMG_플러스멤버십_겨울_B_v1,47086,1558,299854,217,54,2382551,1512,162,41,2205378,IMG,플러스멤버십,겨울,B,v1,False,False,7.354839355152817,1850.950617272525,0.03308839145393465,0.10397946084717331,192.46084723992783,6368.219853034738
2025-02-22,google,외부,GGL_CMP_01_플러스가입,플러스가입,유사타겟,CRS_플러스멤버십_겨울_v1,52511,1572,319637,227,48,3232065,1479,193,39,2914668,CRS,플러스멤버십,겨울,N,v1,False,False,9.118681504331448,1656.1502590587766,0.029936584715582835,0.1227735368955962,203.33142493625743,6087.048427948314
2025-02-22,google,외부,GGL_CMP_01_플러스가입,플러스가입,유사타겟,IMG_적립혜택_겨울_v2,43177,1036,271221,121,27,1195587,1003,104,21,1064063,IMG,적립혜택,겨울,N,v2,False,False,3.9232323455779463,2607.894230744155,0.023994256201217687,0.10038610038600349,261.7963320460793,6281.608263658748
2025-02-22,google,외부,GGL_CMP_02_리타겟팅,리타겟팅,리마케팅,VID_할인쿠폰_겨울_A_v1,29413,916,144212,77,31,1424756,835,60,26,1190398,VID,할인쿠폰,겨울,A,v1,False,False,8.254500318974786,2403.5333332932746,0.03114269200693465,0.06550218340604202,157.43668122253555,4903.002073912729
2025-02-22,google,외부,GGL_CMP_02_리타겟팅,리타겟팅,리마케팅,IMG_할인쿠폰_겨울_B_v1,23088,706,137799,64,31,2161699,679,48,24,1598855,IMG,할인쿠폰,겨울,B,v1,False,False,11.602805535598868,2870.8124999401916,0.030578655578654253,0.06798866855514449,195.18271954646576,5968.425155924897
2025-02-22,google,외부,GGL_CMP_02_리타겟팅,리타겟팅,리마케팅,CRS_특가_겨울_v1,22163,924,140447,86,38,1943257,904,69,32,1637958,CRS,특가,겨울,N,v1,False,False,11.662463420364896,2035.4637680864425,0.041691106799619106,0.07467532467524386,151.99891774875326,6337.003113296651
2025-02-22,google,외부,GGL_CMP_03_첫구매,첫구매,논타겟,VID_적립혜택_겨울_A_v1,39381,1255,201006,95,33,2340357,1215,68,26,1722586,VID,적립혜택,겨울,A,v1,False,False,8.569823786354593,2955.970588191824,0.03186815977247831,0.05418326693222774,160.16414342616721,5104.136512531294
2025-02-22,google,외부,GGL_CMP_03_첫구매,첫구매,논타겟,IMG_적립혜택_겨울_B_v1,39988,995,246958,69,28,2003220,910,49,21,1507424,IMG,적립혜택,겨울,B,v1,False,False,6.103969095959612,5039.959183570613,0.024882464739421205,0.0492462311557294,248.19899497462492,6175.802740822092
2025-02-22,google,외부,GGL_CMP_03_첫구매,첫구매,논타겟,CRS_할인쿠폰_겨울_v1,50013,1354,303946,144,54,2984539,1218,105,46,2421588,CRS,할인쿠폰,겨울,N,v1,False,False,7.967165220137762,2894.723809496241,0.027072961030131626,0.07754800590836222,224.4800590840292,6077.339891628055
2025-02-22,google,외부,GGL_CMP_03_첫구매,첫구매,유사타겟,VID_적립혜택_겨울_A_v1,47144,1525,287472,130,49,2581110,1367,103,33,1968743,VID,적립혜택,겨울,A,v1,False,False,6.848468720431879,2790.990291235039,0.032347700661801454,0.06754098360651309,188.50622950807312,6097.743085015992
2025-02-22,google,외부,GGL_CMP_03_첫구매,첫구매,유사타겟,IMG_적립혜택_겨울_B_v1,49341,1206,256358,128,57,3587619,1181,110,44,3127537,IMG,적립혜택,겨울,B,v1,False,False,12.199880635673503,2330.527272706086,0.024442147504103597,0.09121061359859767,212.56882255372093,5195.638515635979
2025-02-22,google,외부,GGL_CMP_03_첫구매,첫구매,유사타겟,CRS_할인쿠폰_겨울_v1,34233,848,173738,63,17,918302,769,55,14,758226,CRS,할인쿠폰,겨울,N,v1,False,False,4.364192059307668,3158.8727272152933,0.02477141939064573,0.06485849056596125,204.87971698089046,5075.161393976425
2025-02-22,meta,외부,META_CMP_01_신규유저,신규유저,논타겟,VID_플러스멤버십_겨울_A_v1,28179,445,103253,22,5,220285,422,17,3,203998,VID,플러스멤버십,겨울,A,v1,False,False,1.9757101488576412,6073.705881995665,0.01579190177082168,0.03820224719092539,232.02921348262467,3664.1825472868563
2025-02-22,meta,외부,META_CMP_01_신규유저,신규유저,논타겟,IMG_적립혜택_겨울_B_v1,38937,511,164595,31,5,229894,451,21,4,183736,IMG,적립혜택,겨울,B,v1,False,False,1.116291503387095,7837.857142483912,0.013123764029072268,0.04109589041087848,322.1037181989783,4227.213190538454
2025-02-22,meta,외부,META_CMP_01_신규유저,신규유저,논타겟,CRS_플러스멤버십_겨울_v1,25959,415,90170,34,6,265153,391,31,4,214161,CRS,플러스멤버십,겨울,N,v1,False,False,2.3750804036819075,2908.7096773255253,0.01598674833391055,0.0746987951805429,217.2771084332114,3473.5544512499146
2025-02-22,meta,외부,META_CMP_02_룩얼라이크,룩얼라이크,유사타겟,VID_플러스멤버십_겨울_A_v1,24665,471,91903,36,10,584614,437,28,8,424630,VID,플러스멤버십,겨울,A,v1,False,False,4.620415002774614,3282.2499998827766,0.019095884857084165,0.05944798301473578,195.12314225011653,3726.04905736859
2025-02-22,meta,외부,META_CMP_02_룩얼라이크,룩얼라이크,유사타겟,IMG_할인쿠폰_겨울_B_v1,27025,608,114564,43,11,468960,571,37,9,363227,IMG,할인쿠폰,겨울,B,v1,False,False,3.1705160434342097,3096.32432424064,0.02249768732654866,0.060855263157794645,188.42763157863746,4239.185938945264
2025-02-22,meta,외부,META_CMP_02_룩얼라이크,룩얼라이크,유사타겟,CRS_특가_겨울_v1,28605,368,121334,34,9,448041,340,29,8,353391,CRS,특가,겨울,N,v1,False,False,2.9125471838066583,4183.931034338485,0.012864883761579694,0.07880434782587281,329.71195652084316,4241.705995455191
2025-02-22,meta,외부,META_CMP_03_재구매,재구매,VIP,IMG_배송혜택_겨울_A_v1,11455,256,43442,10,4,303238,228,7,3,250183,IMG,배송혜택,겨울,A,v1,False,False,5.75901201602123,6205.999999113428,0.022348319511128558,0.02734374999989319,169.69531249933715,3792.4050632908084
2025-02-22,meta,외부,META_CMP_03_재구매,재구매,VIP,VID_적립혜택_겨울_B_v1,11615,271,45641,12,5,281731,255,8,4,234023,VID,적립혜택,겨울,B,v1,False,False,5.127473105321857,5705.12499928686,0.023331898407230017,0.0295202952028431,168.41697416912024,3929.4877313814955
2025-02-22,meta,외부,META_CMP_03_재구매,재구매,VIP,CRS_신상품_겨울_v1,7449,140,27657,7,4,276251,122,4,2,253646,CRS,신상품,겨울,N,v1,False,False,9.171132082293482,6914.249998271437,0.018794469056246637,0.02857142857122449,197.54999999858893,3712.847362061523
2025-02-22,meta,외부,META_CMP_03_재구매,재구매,윈백,IMG_배송혜택_겨울_A_v1,12416,221,57603,14,8,605135,201,11,7,449244,IMG,배송혜택,겨울,A,v1,False,False,7.798968803708005,5236.636363160305,0.017799613402060422,0.04977375565588338,260.64705882235,4639.416881442926
2025-02-22,meta,외부,META_CMP_03_재구매,재구매,윈백,VID_적립혜택_겨울_B_v1,12578,343,45593,23,10,634687,328,18,8,461290,VID,적립혜택,겨울,B,v1,False,False,10.117561906432783,2532.9444443037255,0.027269836221972706,0.05247813411063418,132.92419825034133,3624.8211162344073
2025-02-22,meta,외부,META_CMP_03_재구매,재구매,윈백,CRS_신상품_겨울_v1,12685,226,51675,13,5,412688,197,9,3,332945,CRS,신상품,겨울,N,v1,False,False,6.443057571359334,5741.666666028704,0.017816318486399856,0.039823008849381315,228.65044247686438,4073.7091052420906
2025-02-22,naver,자체,NVR_CMP_01_브랜드KW,브랜드KW,논타겟,TXT_플러스멤버십_겨울_A_v1,8617,1211,70303,220,148,9418040,1136,167,127,6900743,TXT,플러스멤버십,겨울,A,v1,False,False,98.15716256774108,420.9760479016708,0.1405361494719577,0.13790255986776392,58.05367464900243,8158.639897875343
2025-02-22,naver,자체,NVR_CMP_02_일반KW,일반KW,논타겟,TXT_할인쿠폰_겨울_A_v1,9712,960,76160,184,81,6331715,916,132,71,5151395,TXT,할인쿠폰,겨울,A,v1,False,False,67.63911502100751,576.9696969653261,0.09884678747939674,0.13749999999985676,79.33333333325069,7841.845140032141
2025-02-22,naver,자체,NVR_CMP_02_일반KW,일반KW,논타겟,TXT_플러스멤버십_겨울_B_v1,11029,1101,94770,217,73,4069517,962,191,52,3713565,TXT,플러스멤버십,겨울,B,v1,False,False,39.18502690724871,496.17801046860643,0.09982772690179528,0.17347865576732655,86.07629427785098,8592.800797895676
2025-02-22,naver,자체,NVR_CMP_03_재구매,재구매,VIP,IMG_배송혜택_겨울_A_v1,3750,183,25358,20,11,896861,166,18,9,646743,IMG,배송혜택,겨울,A,v1,False,False,25.50449562268217,1408.7777776995124,0.048799999999986986,0.09836065573716743,138.56830601017177,6762.13333333153
2025-02-22,naver,자체,NVR_CMP_03_재구매,재구매,VIP,VID_적립혜택_겨울_B_v1,3375,204,29607,22,13,937060,196,18,10,868836,VID,적립혜택,겨울,B,v1,False,False,29.345627723172584,1644.8333332419536,0.06044444444442654,0.08823529411721454,145.13235294046504,8772.444444441846
2025-02-22,naver,자체,NVR_CMP_03_재구매,재구매,VIP,CRS_신상품_겨울_v1,3624,237,25733,24,13,1298063,231,19,10,958322,CRS,신상품,겨울,N,v1,False,False,37.24097462402218,1354.3684209813491,0.06539735099335944,0.08016877637096975,108.57805907127182,7100.717439291639
2025-02-22,naver,자체,NVR_CMP_03_재구매,재구매,윈백,IMG_배송혜택_겨울_A_v1,8348,376,63782,32,16,1788038,347,25,11,1449015,IMG,배송혜택,겨울,A,v1,False,False,22.71824339155212,2551.279999897949,0.045040728318154644,0.06648936170195083,169.6329787229531,7640.392908480158
2025-02-22,naver,자체,NVR_CMP_03_재구매,재구매,윈백,VID_적립혜택_겨울_B_v1,6425,352,47928,27,23,2149089,313,24,18,1666839,VID,적립혜택,겨울,B,v1,False,False,34.77797946920308,1996.9999999167917,0.0547859922178903,0.06818181818162448,136.1590909087041,7459.6108949404725
2025-02-22,naver,자체,NVR_CMP_03_재구매,재구매,윈백,CRS_신상품_겨울_v1,7758,477,50232,51,35,3259973,424,35,29,3027473,CRS,신상품,겨울,N,v1,False,False,60.269808090459065,1435.1999999589943,0.061484918793495554,0.07337526205435352,105.30817610040816,6474.864655838299
2025-02-23,google,외부,GGL_CMP_01_플러스가입,플러스가입,논타겟,VID_플러스멤버십_겨울_A_v1,47525,1578,211379,134,25,1591472,1362,122,21,1344721,VID,플러스멤버십,겨울,A,v1,False,False,6.361658442891648,1732.614754084159,0.03320357706470209,0.07731305449931729,133.95373890992778,4447.743293003589
2025-02-23,google,외부,GGL_CMP_01_플러스가입,플러스가입,논타겟,IMG_플러스멤버십_겨울_B_v1,32981,1054,210718,143,48,3276394,928,101,35,2752854,IMG,플러스멤버십,겨울,B,v1,False,False,13.064161580880548,2086.3168316625115,0.03195779388132464,0.09582542694488062,199.92220113833025,6389.0724962855475
2025-02-23,google,외부,GGL_CMP_01_플러스가입,플러스가입,논타겟,CRS_플러스멤버십_겨울_v1,29731,682,189602,72,15,745094,580,53,11,542841,CRS,플러스멤버십,겨울,N,v1,False,False,2.863055242033297,3577.3962263475964,0.022939019878240794,0.07771260997056054,278.0087976535513,6377.249335709987
2025-02-23,google,외부,GGL_CMP_01_플러스가입,플러스가입,논타겟,IMG_적립혜택_겨울_v2,48912,1672,301875,177,61,2874433,1613,132,46,2267921,IMG,적립혜택,겨울,N,v2,False,False,7.512781780538278,2286.931818164493,0.034183840366371565,0.07894736842100541,180.54724880371978,6171.798331697617
2025-02-23,google,외부,GGL_CMP_01_플러스가입,플러스가입,유사타겟,VID_플러스멤버십_겨울_A_v1,46643,1588,228424,175,47,2784541,1465,149,34,2118101,VID,플러스멤버십,겨울,A,v1,False,False,9.272672748923016,1533.046979855483,0.034045837531890444,0.09382871536518021,143.84382871527467,4897.283622408403
2025-02-23,google,외부,GGL_CMP_01_플러스가입,플러스가입,유사타겟,IMG_플러스멤버십_겨울_B_v1,48075,1078,228685,152,38,1842555,976,106,30,1460836,IMG,플러스멤버십,겨울,B,v1,False,False,6.387983470712962,2157.4056603570057,0.02242329693187681,0.09833024118729283,212.13821892373642,4756.838273530842
2025-02-23,google,외부,GGL_CMP_01_플러스가입,플러스가입,유사타겟,CRS_플러스멤버십_겨울_v1,47353,1332,275559,120,38,2496149,1262,86,33,1827385,CRS,플러스멤버십,겨울,N,v1,False,False,6.631556218450472,3204.1744185673933,0.028129157603530335,0.06456456456451609,206.8761261259708,5819.2511562096215
2025-02-23,google,외부,GGL_CMP_01_플러스가입,플러스가입,유사타겟,IMG_적립혜택_겨울_v2,48181,1524,253635,221,63,3837120,1483,160,46,3162733,IMG,적립혜택,겨울,N,v2,False,False,12.469623671811807,1585.2187499900924,0.03163072580477716,0.10498687664035106,166.4271653542215,5264.212033789145
2025-02-23,google,외부,GGL_CMP_02_리타겟팅,리타겟팅,리마케팅,VID_할인쿠폰_겨울_A_v1,20266,701,102947,69,24,1654233,630,57,20,1413695,VID,할인쿠폰,겨울,A,v1,False,False,13.73226028927493,1806.08771926656,0.034589953616893584,0.08131241084153878,146.8573466474367,5079.788808842145
2025-02-23,google,외부,GGL_CMP_02_리타겟팅,리타겟팅,리마케팅,IMG_할인쿠폰_겨울_B_v1,25735,1117,132591,155,52,2477387,1006,111,37,2034280,IMG,할인쿠폰,겨울,B,v1,False,False,15.342519477189137,1194.5135135027522,0.04340392461627964,0.09937332139650906,118.70277529085166,5152.166310471919
2025-02-23,google,외부,GGL_CMP_02_리타겟팅,리타겟팅,리마케팅,CRS_특가_겨울_v1,20771,683,134537,89,34,1793799,639,72,29,1386415,CRS,특가,겨울,N,v1,False,False,10.305083359967814,1868.569444418492,0.03288238409320529,0.10541727672019705,196.97950219590487,6477.155649703602
2025-02-23,google,외부,GGL_CMP_03_첫구매,첫구매,논타겟,VID_적립혜택_겨울_A_v1,31421,976,186725,108,40,2478768,926,76,32,1867135,VID,적립혜택,겨울,A,v1,False,False,9.999384121033552,2456.907894704514,0.03106202857961137,0.07786885245893661,191.31659836045972,5942.681646032718
2025-02-23,google,외부,GGL_CMP_03_첫구매,첫구매,논타겟,IMG_적립혜택_겨울_B_v1,47235,1204,235744,132,44,2383890,1133,94,36,2146961,IMG,적립혜택,겨울,B,v1,False,False,9.107171338400939,2507.9148935903413,0.025489573409547467,0.07807308970093184,195.80066445166463,4990.875410183022
2025-02-23,google,외부,GGL_CMP_03_첫구매,첫구매,논타겟,CRS_할인쿠폰_겨울_v1,37651,838,188104,85,25,1650051,723,63,21,1367329,CRS,할인쿠폰,겨울,N,v1,False,False,7.269005443797011,2985.7777777303845,0.022257044965604576,0.07517899761327544,224.4677804293264,4995.989482350934
2025-02-23,google,외부,GGL_CMP_03_첫구매,첫구매,유사타겟,VID_적립혜택_겨울_A_v1,39805,1244,215512,87,33,2569320,1117,75,28,1932638,VID,적립혜택,겨울,A,v1,False,False,8.967658413452574,2873.49333329502,0.03125235523175402,0.06028938906747565,173.24115755613084,5414.1941967088205
2025-02-23,google,외부,GGL_CMP_03_첫구매,첫구매,유사타겟,IMG_적립혜택_겨울_B_v1,31187,800,185813,61,28,1627371,776,53,22,1423217,IMG,적립혜택,겨울,B,v1,False,False,7.659404885556944,3505.9056603112094,0.025651713855131122,0.0662499999999172,232.26624999970966,5958.0273832043495
2025-02-23,google,외부,GGL_CMP_03_첫구매,첫구매,유사타겟,CRS_할인쿠폰_겨울_v1,52860,1164,295699,104,38,2568037,1114,77,27,1975437,CRS,할인쿠폰,겨울,N,v1,False,False,6.680567063128362,3840.2467531968796,0.022020431328035907,0.06615120274908406,254.03694158053776,5594.003026863307
2025-02-23,meta,외부,META_CMP_01_신규유저,신규유저,논타겟,VID_플러스멤버십_겨울_A_v1,25265,431,108583,27,5,252796,369,20,4,217343,VID,플러스멤버십,겨울,A,v1,False,False,2.001630089424661,5429.149999728543,0.01705917276865161,0.04640371229687609,251.93271461658486,4297.763704729693
2025-02-23,meta,외부,META_CMP_01_신규유저,신규유저,논타겟,IMG_적립혜택_겨울_B_v1,40194,563,194706,35,7,380548,532,28,6,317267,IMG,적립혜택,겨울,B,v1,False,False,1.6294669912586073,6953.785714037364,0.014007065731203314,0.04973357015976957,345.8365896974319,4844.155844155724
2025-02-23,meta,외부,META_CMP_01_신규유저,신규유저,논타겟,CRS_플러스멤버십_겨울_v1,40433,584,165556,48,8,435668,497,38,6,325147,CRS,플러스멤버십,겨울,N,v1,False,False,1.9639698953828195,4356.736841990612,0.014443647515642807,0.06506849315057352,283.4863013693776,4094.5762124995895
2025-02-23,meta,외부,META_CMP_02_룩얼라이크,룩얼라이크,유사타겟,VID_플러스멤버십_겨울_A_v1,33097,477,128173,30,8,475180,451,21,6,358971,VID,플러스멤버십,겨울,A,v1,False,False,2.800675649317697,6103.476190185549,0.014412182373024312,0.044025157232612105,268.70649895121863,3872.647067709948
2025-02-23,meta,외부,META_CMP_02_룩얼라이크,룩얼라이크,유사타겟,IMG_할인쿠폰_겨울_B_v1,25055,365,98932,32,8,374912,348,28,6,329531,IMG,할인쿠폰,겨울,B,v1,False,False,3.33088383940481,3533.2857141595255,0.01456795050887988,0.07671232876691311,271.04657534172316,3948.593095190423
2025-02-23,meta,외부,META_CMP_02_룩얼라이크,룩얼라이크,유사타겟,CRS_특가_겨울_v1,40739,710,174695,44,12,714473,663,31,10,633389,CRS,특가,겨울,N,v1,False,False,3.6256847648759063,5635.322580463377,0.017428017378923945,0.04366197183092442,246.04929577430136,4288.151402832561
2025-02-23,meta,외부,META_CMP_03_재구매,재구매,VIP,IMG_배송혜택_겨울_A_v1,8008,161,30774,9,4,320955,149,7,3,287129,IMG,배송혜택,겨울,A,v1,False,False,9.330246311821364,4396.285713657673,0.020104895104892592,0.04347826086929517,191.14285714166994,3842.907092906613
2025-02-23,meta,외부,META_CMP_03_재구매,재구매,VIP,VID_적립혜택_겨울_B_v1,9128,166,36781,7,4,261097,159,6,3,198638,VID,적립혜택,겨울,B,v1,False,False,5.4005600717760425,6130.166665644972,0.018185801928131223,0.036144578313035275,221.57228915529174,4029.469763365027
2025-02-23,meta,외부,META_CMP_03_재구매,재구매,VIP,CRS_신상품_겨울_v1,6993,196,31098,7,2,112551,185,5,1,89799,CRS,신상품,겨울,N,v1,False,False,2.8876133513408293,6219.59999875608,0.028028028028024017,0.0255102040815025,158.66326530531296,4447.018447017811
2025-02-23,meta,외부,META_CMP_03_재구매,재구매,윈백,IMG_배송혜택_겨울_A_v1,12922,323,46337,15,7,396745,299,11,4,289553,IMG,배송혜택,겨울,A,v1,False,False,6.24885081036739,4212.454545071595,0.02499613062993151,0.034055727554074135,143.45820433392117,3585.900015477203
2025-02-23,meta,외부,META_CMP_03_재구매,재구매,윈백,VID_적립혜택_겨울_B_v1,20145,593,72546,32,11,739190,534,28,9,661205,VID,적립혜택,겨울,B,v1,False,False,9.114286108124373,2590.928571336038,0.02943658476048501,0.04721753794258479,122.33726812795558,3601.191362620819
2025-02-23,meta,외부,META_CMP_03_재구매,재구매,윈백,CRS_신상품_겨울_v1,11543,347,55662,18,7,499969,337,12,5,383944,CRS,신상품,겨울,N,v1,False,False,6.89777586144934,4638.499999613458,0.030061509139735765,0.03458213256474184,160.40922190155501,4822.143290305396
2025-02-23,naver,자체,NVR_CMP_01_브랜드KW,브랜드KW,논타겟,TXT_플러스멤버십_겨울_A_v1,5427,632,36298,181,104,8714886,592,134,90,6637499,TXT,플러스멤버십,겨울,A,v1,False,False,182.86128712325245,270.8805970129039,0.1164547632209109,0.2120253164553607,57.43354430370659,6688.409802836431
2025-02-23,naver,자체,NVR_CMP_02_일반KW,일반KW,논타겟,TXT_할인쿠폰_겨울_A_v1,8941,512,84027,85,28,1469657,464,62,20,1088750,TXT,할인쿠폰,겨울,A,v1,False,False,12.957144727289883,1355.2741935265278,0.057264288110943154,0.1210937499997635,164.11523437467946,9397.942064644962
2025-02-23,naver,자체,NVR_CMP_02_일반KW,일반KW,논타겟,TXT_플러스멤버십_겨울_B_v1,8593,863,62906,168,52,2867227,786,150,41,2351378,TXT,플러스멤버십,겨울,B,v1,False,False,37.37923250564275,419.37333333053755,0.10043058303268934,0.17381228273444518,72.89223638462006,7320.609798672486
2025-02-23,naver,자체,NVR_CMP_03_재구매,재구매,VIP,IMG_배송혜택_겨울_A_v1,3856,282,25069,32,18,1446007,250,26,12,1125373,IMG,배송혜택,겨울,A,v1,False,False,44.89102078263812,964.1923076552233,0.07313278008296858,0.09219858155995675,88.89716312025215,6501.296680496239
2025-02-23,naver,자체,NVR_CMP_03_재구매,재구매,VIP,VID_적립혜택_겨울_B_v1,3876,168,28872,14,9,797363,164,12,7,677163,VID,적립혜택,겨울,B,v1,False,False,23.45396924355696,2405.9999997995,0.04334365325076281,0.07142857142814626,171.8571428561199,7448.916408666809
2025-02-23,naver,자체,NVR_CMP_03_재구매,재구매,VIP,CRS_신상품_겨울_v1,3293,169,23001,19,11,868482,150,16,7,715806,CRS,신상품,겨울,N,v1,False,False,31.120646928393064,1437.5624999101524,0.05132098390523798,0.09467455621245756,136.10059171517102,6984.816276948987
2025-02-23,naver,자체,NVR_CMP_03_재구매,재구매,윈백,IMG_배송혜택_겨울_A_v1,5612,297,49941,33,23,1985141,262,27,20,1498298,IMG,배송혜택,겨울,A,v1,False,False,30.0013616066953,1849.6666665981604,0.05292230933712528,0.09090909090878482,168.151515150949,8898.966500354793
2025-02-23,naver,자체,NVR_CMP_03_재구매,재구매,윈백,VID_적립혜택_겨울_B_v1,8265,562,62674,45,37,2788978,518,31,30,2109362,VID,적립혜택,겨울,B,v1,False,False,33.65609343587399,2021.7419354186534,0.06799758015728155,0.0551601423486563,111.51957295353823,7583.061101027515
2025-02-23,naver,자체,NVR_CMP_03_재구매,재구매,윈백,CRS_신상품_겨울_v1,6813,454,49407,47,42,2922336,405,38,31,2647588,CRS,신상품,겨울,N,v1,False,False,53.587305442547546,1300.1842104921006,0.0666373110230344,0.08370044052845,108.8259911891876,7251.871422279868
2025-02-24,google,외부,GGL_CMP_01_플러스가입,플러스가입,논타겟,VID_플러스멤버십_겨울_A_v1,54396,1894,260211,207,48,2536098,1755,145,41,2135713,VID,플러스멤버십,겨울,A,v1,False,False,8.207619969947434,1794.5586206772791,0.03481873667181347,0.07655755015835451,137.38701161555576,4783.64217957194
2025-02-24,google,외부,GGL_CMP_01_플러스가입,플러스가입,논타겟,IMG_플러스멤버십_겨울_B_v1,45772,1284,227765,143,34,2287412,1197,123,25,1865792,IMG,플러스멤버십,겨울,B,v1,False,False,8.191741487937092,1851.74796746462,0.028052084243641792,0.09579439252328988,177.38707165095218,4976.077077689309
2025-02-24,google,외부,GGL_CMP_01_플러스가입,플러스가입,논타겟,CRS_플러스멤버십_겨울_v1,70054,1952,350745,222,56,3041771,1796,177,46,2736952,CRS,플러스멤버십,겨울,N,v1,False,False,7.803253075596209,1981.6101694803301,0.027864219031032804,0.09067622950815027,179.6849385244981,5006.780483626844
2025-02-24,google,외부,GGL_CMP_01_플러스가입,플러스가입,논타겟,IMG_적립혜택_겨울_v2,67489,1584,358435,181,54,2951733,1394,148,46,2723215,IMG,적립혜택,겨울,N,v2,False,False,7.5975141936473625,2421.8581080917443,0.023470491487501317,0.09343434343428444,226.28472222207938,5311.013646668267
2025-02-24,google,외부,GGL_CMP_01_플러스가입,플러스가입,유사타겟,VID_플러스멤버십_겨울_A_v1,40715,1226,258173,107,26,1514033,1139,75,18,1234073,VID,플러스멤버십,겨울,A,v1,False,False,4.780023472632673,3442.306666620769,0.030111752425395308,0.06117455138657327,210.58156606834373,6340.979982807164
2025-02-24,google,외부,GGL_CMP_01_플러스가입,플러스가입,유사타겟,IMG_플러스멤버십_겨울_B_v1,69008,1518,431636,125,34,1808777,1427,105,29,1448581,IMG,플러스멤버십,겨울,B,v1,False,False,3.3560245206609194,4110.8190475798965,0.021997449571063903,0.06916996047426273,284.3451910406559,6254.86900069548
2025-02-24,google,외부,GGL_CMP_01_플러스가입,플러스가입,유사타겟,CRS_플러스멤버십_겨울_v1,48071,1112,255073,159,30,2062025,978,119,22,1668609,CRS,플러스멤버십,겨울,N,v1,False,False,6.541691986215685,2143.4705882172816,0.0231324499178294,0.10701438848911239,229.38219424439805,5306.172120405125
2025-02-24,google,외부,GGL_CMP_01_플러스가입,플러스가입,유사타겟,IMG_적립혜택_겨울_v2,55303,1257,291557,159,47,2096762,1134,135,41,1562613,IMG,적립혜택,겨울,N,v2,False,False,5.359545474812797,2159.681481465484,0.022729327522918782,0.10739856801900764,231.94669848828008,5271.992477804002
2025-02-24,google,외부,GGL_CMP_02_리타겟팅,리타겟팅,리마케팅,VID_할인쿠폰_겨울_A_v1,41573,1178,199696,120,65,4488813,1099,104,52,3958820,VID,할인쿠폰,겨울,A,v1,False,False,19.82423283390744,1920.153846135383,0.028335698650565795,0.08828522920196241,169.52122241072198,4803.502273109836
2025-02-24,google,외부,GGL_CMP_02_리타겟팅,리타겟팅,리마케팅,IMG_할인쿠폰_겨울_B_v1,32052,1220,171414,109,56,3505429,1165,77,43,2674998,IMG,할인쿠폰,겨울,B,v1,False,False,15.605481465924514,2226.155844126933,0.038063147385497376,0.06311475409830893,140.50327868840944,5347.997004866924
2025-02-24,google,외부,GGL_CMP_02_리타겟팅,리타겟팅,리마케팅,CRS_특가_겨울_v1,31311,967,193785,116,58,3937190,885,93,44,3448179,CRS,특가,겨울,N,v1,False,False,17.79383853239406,2083.7096773969492,0.03088371498834177,0.09617373319535039,200.39813857269866,6189.038995879844
2025-02-24,google,외부,GGL_CMP_03_첫구매,첫구매,논타겟,VID_적립혜택_겨울_A_v1,48892,1584,249830,101,43,2474915,1374,89,35,1812438,VID,적립혜택,겨울,A,v1,False,False,7.254685185926402,2807.078651653853,0.03239793831301578,0.056186868686833216,157.72095959586002,5109.833919659554
2025-02-24,google,외부,GGL_CMP_03_첫구매,첫구매,논타겟,IMG_적립혜택_겨울_B_v1,59881,1551,364255,161,64,3874851,1464,113,49,2941910,IMG,적립혜택,겨울,B,v1,False,False,8.076512333392794,3223.4955751927123,0.0259013710525872,0.07285622179234504,234.8517085749614,6082.9812461380725
2025-02-24,google,외부,GGL_CMP_03_첫구매,첫구매,논타겟,CRS_할인쿠폰_겨울_v1,40519,751,246299,70,34,2567458,639,51,29,2162016,CRS,할인쿠폰,겨울,N,v1,False,False,8.778013715037378,4829.392156768052,0.018534514672128667,0.06790945406116124,327.96138481980296,6078.6050988423685
2025-02-24,google,외부,GGL_CMP_03_첫구매,첫구매,유사타겟,VID_적립혜택_겨울_A_v1,63802,1603,367153,159,64,4136279,1395,115,45,3588262,VID,적립혜택,겨울,A,v1,False,False,9.773206265507813,3192.6347825809335,0.02512460424438066,0.0717404865876034,229.04117280085524,5754.568822293882
2025-02-24,google,외부,GGL_CMP_03_첫구매,첫구매,유사타겟,IMG_적립혜택_겨울_B_v1,70370,2043,429240,154,45,3181973,1981,125,38,2496804,IMG,적립혜택,겨울,B,v1,False,False,5.816801789208821,3433.9199999725283,0.029032258064515714,0.06118453255014137,210.10279001458144,6099.75841978107
2025-02-24,google,외부,GGL_CMP_03_첫구매,첫구매,유사타겟,CRS_할인쿠폰_겨울_v1,47159,1111,237788,71,31,2054946,1043,60,27,1517147,CRS,할인쿠폰,겨울,N,v1,False,False,6.380250475213189,3963.133333267281,0.023558599631034936,0.0540054005400054,214.03060306011338,5042.261286286711
2025-02-24,meta,외부,META_CMP_01_신규유저,신규유저,논타겟,VID_플러스멤버십_겨울_A_v1,48831,1008,188887,91,21,775310,893,79,17,626368,VID,플러스멤버십,겨울,A,v1,False,False,3.3160990433433573,2390.974683514038,0.020642624562265354,0.07837301587293813,187.38789682521093,3868.178001679182
2025-02-24,meta,외부,META_CMP_01_신규유저,신규유저,논타겟,IMG_적립혜택_겨울_B_v1,30074,452,110124,33,8,371948,384,24,6,280487,IMG,적립혜택,겨울,B,v1,False,False,2.547010642548377,4588.499999808812,0.015029593668949423,0.053097345132625894,243.6371681410539,3661.767639821651
2025-02-24,meta,외부,META_CMP_01_신규유저,신규유저,논타겟,CRS_플러스멤버십_겨울_v1,54583,742,267071,59,11,598496,708,50,9,518108,CRS,플러스멤버십,겨울,N,v1,False,False,1.9399635302971796,5341.419999893172,0.013593976146418966,0.06738544474384449,359.9339622636659,4892.933697304932
2025-02-24,meta,외부,META_CMP_02_룩얼라이크,룩얼라이크,유사타겟,VID_플러스멤버십_겨울_A_v1,50115,672,229399,39,9,531366,571,32,8,412832,VID,플러스멤버십,겨울,A,v1,False,False,1.7996242355023266,7168.718749775979,0.013409158934450497,0.047619047618976756,341.36755952330157,4577.451860720253
2025-02-24,meta,외부,META_CMP_02_룩얼라이크,룩얼라이크,유사타겟,IMG_할인쿠폰_겨울_B_v1,34989,483,169469,37,11,622676,468,26,9,481356,IMG,할인쿠폰,겨울,B,v1,False,False,2.840377886221062,6518.038461287768,0.013804338506387329,0.05383022774315977,350.86749482329014,4843.493669438829
2025-02-24,meta,외부,META_CMP_02_룩얼라이크,룩얼라이크,유사타겟,CRS_특가_겨울_v1,48864,1101,218213,105,28,1137799,936,95,23,846558,CRS,특가,겨울,N,v1,False,False,3.8795030543551308,2296.9789473442424,0.022531925343810936,0.08628519527694252,198.19527702071008,4465.7211853306235
2025-02-24,meta,외부,META_CMP_03_재구매,재구매,VIP,IMG_배송혜택_겨울_A_v1,9231,228,33437,13,4,333289,199,10,3,276193,IMG,배송혜택,겨울,A,v1,False,False,8.260101085623464,3343.69999966563,0.024699382515434437,0.043859649122614655,146.65350877128662,3622.251110388514
2025-02-24,meta,외부,META_CMP_03_재구매,재구매,VIP,VID_적립혜택_겨울_B_v1,15610,466,54170,20,7,415270,453,16,5,366177,VID,적립혜택,겨울,B,v1,False,False,6.759774783090147,3385.6249997883983,0.029852658552208207,0.03433476394842418,116.24463519288359,3470.2114029466065
2025-02-24,meta,외부,META_CMP_03_재구매,재구매,VIP,CRS_신상품_겨울_v1,15116,426,59075,30,16,870503,370,24,12,688711,CRS,신상품,겨울,N,v1,False,False,11.658247989843222,2461.4583332307725,0.028182058745698055,0.05633802816888184,138.67370891986226,3908.1106112725647
2025-02-24,meta,외부,META_CMP_03_재구매,재구매,윈백,IMG_배송혜택_겨울_A_v1,21818,553,90423,26,9,647086,500,21,6,547413,IMG,배송혜택,겨울,A,v1,False,False,6.053913274277495,4305.857142652102,0.02534604455037009,0.03797468354423513,163.51356238668444,4144.422036850117
2025-02-24,meta,외부,META_CMP_03_재구매,재구매,윈백,VID_적립혜택_겨울_B_v1,25968,738,94734,40,18,977088,630,29,12,831725,VID,적립혜택,겨울,B,v1,False,False,8.779582831929309,3266.6896550597694,0.028419593345655098,0.039295392953876296,128.36585365836265,3648.1053604434824
2025-02-24,meta,외부,META_CMP_03_재구매,재구매,윈백,CRS_신상품_겨울_v1,20449,517,96345,37,17,1298062,498,28,12,1153515,CRS,신상품,겨울,N,v1,False,False,11.972754164720412,3440.8928570199682,0.025282409897793276,0.054158607349991957,186.35396518339198,4711.477333854726
2025-02-24,naver,자체,NVR_CMP_01_브랜드KW,브랜드KW,논타겟,TXT_플러스멤버십_겨울_A_v1,8360,1230,70677,265,140,11559382,1122,185,100,10108850,TXT,플러스멤버십,겨울,A,v1,False,False,143.02884955501585,382.0378378357728,0.1471291866028532,0.15040650406491837,57.46097560970938,8454.186602869802
2025-02-24,naver,자체,NVR_CMP_02_일반KW,일반KW,논타겟,TXT_할인쿠폰_겨울_A_v1,11051,982,93987,134,56,3426751,886,94,39,3133650,TXT,할인쿠폰,겨울,A,v1,False,False,33.34131316033033,999.8617021170227,0.0888607365849164,0.09572301425652167,95.70977596731598,8504.841190841687
2025-02-24,naver,자체,NVR_CMP_02_일반KW,일반KW,논타겟,TXT_플러스멤버십_겨울_B_v1,16053,1267,115512,160,76,5112228,1143,140,63,3949116,TXT,플러스멤버십,겨울,B,v1,False,False,34.187928526906,825.0857142798209,0.07892605743474249,0.11049723756897356,91.16969218619482,7195.664361801084
2025-02-24,naver,자체,NVR_CMP_03_재구매,재구매,VIP,IMG_배송혜택_겨울_A_v1,5000,338,32012,40,24,2057610,293,34,19,1499639,IMG,배송혜택,겨울,A,v1,False,False,46.84615144320733,941.5294117370139,0.06759999999998648,0.10059171597603375,94.71005917131743,6402.399999998719
2025-02-24,naver,자체,NVR_CMP_03_재구매,재구매,VIP,VID_적립혜택_겨울_B_v1,4929,322,38248,30,15,1388445,292,23,13,1197854,VID,적립혜택,겨울,B,v1,False,False,31.31808199121441,1662.956521666828,0.06532765266787069,0.0714285714283496,118.78260869528329,7759.789003853162
2025-02-24,naver,자체,NVR_CMP_03_재구매,재구매,VIP,CRS_신상품_겨울_v1,6925,495,62648,41,35,3205121,430,31,29,2611762,CRS,신상품,겨울,N,v1,False,False,41.68947133188543,2020.9032257412612,0.07148014440432181,0.0626262626261361,126.56161616136049,9046.64259927667
2025-02-24,naver,자체,NVR_CMP_03_재구매,재구매,윈백,IMG_배송혜택_겨울_A_v1,8991,531,65496,57,37,4173574,517,42,25,3358386,IMG,배송혜택,겨울,A,v1,False,False,51.27620007328614,1559.4285713914423,0.05905905905905249,0.07909604519759116,123.3446327681293,7284.617951283807
2025-02-24,naver,자체,NVR_CMP_03_재구매,재구매,윈백,VID_적립혜택_겨울_B_v1,8803,600,83668,54,39,2927094,555,44,30,2667718,VID,적립혜택,겨울,B,v1,False,False,31.884567576611943,1901.5454545022378,0.06815858230148038,0.07333333333321111,139.44666666643425,9504.4871066671
2025-02-24,naver,자체,NVR_CMP_03_재구매,재구매,윈백,CRS_신상품_겨울_v1,11092,806,75777,56,33,3157760,725,41,25,2684649,CRS,신상품,겨울,N,v1,False,False,35.42828298824134,1848.2195121500436,0.07266498377208144,0.050868486352294205,94.01612903214142,6831.680490442947
2025-02-25,google,외부,GGL_CMP_01_플러스가입,플러스가입,논타겟,VID_플러스멤버십_겨울_A_v1,38865,1015,177220,115,54,3242359,886,103,41,3005362,VID,플러스멤버십,겨울,A,v1,False,False,16.958368130007806,1720.58252425514,0.02611604271195096,0.10147783251221529,174.60098522150287,4559.8867875979795
2025-02-25,google,외부,GGL_CMP_01_플러스가입,플러스가입,논타겟,IMG_플러스멤버십_겨울_B_v1,68486,2389,400374,221,104,6301159,2326,181,75,5531246,IMG,플러스멤버십,겨울,B,v1,False,False,13.815197790066254,2212.011049711536,0.03488304178956232,0.0757639179572726,167.59062369185116,5846.070729784104
2025-02-25,google,외부,GGL_CMP_01_플러스가입,플러스가입,논타겟,CRS_플러스멤버십_겨울_v1,62748,2103,331284,248,105,5922088,1838,223,81,4638372,CRS,플러스멤버십,겨울,N,v1,False,False,14.001195349005645,1485.5784753296612,0.03351501243067455,0.10603899191625961,157.52924393715762,5279.594568751111
2025-02-25,google,외부,GGL_CMP_01_플러스가입,플러스가입,논타겟,IMG_적립혜택_겨울_v2,46652,1302,210283,193,86,5901178,1244,139,62,4903022,IMG,적립혜택,겨울,N,v2,False,False,23.316302316402073,1512.827338118613,0.0279087713281311,0.10675883256520219,161.5076804914274,4507.480922575571
2025-02-25,google,외부,GGL_CMP_01_플러스가입,플러스가입,유사타겟,VID_플러스멤버십_겨울_A_v1,44756,1426,205260,215,76,3405301,1378,164,52,3151832,VID,플러스멤버십,겨울,A,v1,False,False,15.355315209977515,1251.585365846027,0.03186164983465833,0.11500701262264025,143.94109396904352,4586.2007328625305
2025-02-25,google,외부,GGL_CMP_01_플러스가입,플러스가입,유사타겟,IMG_플러스멤버십_겨울_B_v1,61547,2129,290683,266,115,5272958,2028,229,94,4740971,IMG,플러스멤버십,겨울,B,v1,False,False,16.309763556864294,1269.358078597077,0.03459145043625141,0.10756223579140087,136.5349929543746,4722.943441597402
2025-02-25,google,외부,GGL_CMP_01_플러스가입,플러스가입,유사타겟,CRS_플러스멤버십_겨울_v1,67233,2105,379251,204,59,2927193,2011,165,42,2498269,CRS,플러스멤버십,겨울,N,v1,False,False,6.587376170399006,2298.490909076979,0.031309029791917194,0.07838479809972523,180.1667458431448,5640.846013118473
2025-02-25,google,외부,GGL_CMP_01_플러스가입,플러스가입,유사타겟,IMG_적립혜택_겨울_v2,56437,1209,321756,144,59,3947255,1087,105,50,3621063,IMG,적립혜택,겨울,N,v2,False,False,11.254065192257453,3064.342857113673,0.021422116696493056,0.08684863523566018,266.1339950370007,5701.1534985912485
2025-02-25,google,외부,GGL_CMP_02_리타겟팅,리타겟팅,리마케팅,VID_할인쿠폰_겨울_A_v1,25781,1123,132125,155,106,4826106,981,119,77,4052711,VID,할인쿠폰,겨울,A,v1,False,False,30.67330936613033,1110.2941176377285,0.04355921027112821,0.10596616206580056,117.65360641129327,5124.898180830645
2025-02-25,google,외부,GGL_CMP_02_리타겟팅,리타겟팅,리마케팅,IMG_할인쿠폰_겨울_B_v1,32692,1093,187619,139,94,4810733,1057,109,82,4037940,IMG,할인쿠폰,겨울,B,v1,False,False,21.522020690868082,1721.2752293420067,0.0334332558424069,0.09972552607493164,171.65507776745503,5738.988131652828
2025-02-25,google,외부,GGL_CMP_02_리타겟팅,리타겟팅,리마케팅,CRS_특가_겨울_v1,42439,1732,272742,240,108,7685579,1555,196,94,5671087,CRS,특가,겨울,N,v1,False,False,20.79286285207258,1391.540816319431,0.040811517707767836,0.1131639722863088,157.47228637404302,6426.683003840655
2025-02-25,google,외부,GGL_CMP_03_첫구매,첫구매,논타겟,VID_적립혜택_겨울_A_v1,60243,1276,389021,111,57,2932094,1171,91,51,2205275,VID,적립혜택,겨울,A,v1,False,False,5.668781376840824,4274.9560439090665,0.021180884086117537,0.07131661442000681,304.87539184929085,6457.530335474554
2025-02-25,google,외부,GGL_CMP_03_첫구매,첫구매,논타겟,IMG_적립혜택_겨울_B_v1,63727,1990,370401,208,137,6658680,1755,188,107,4962769,IMG,적립혜택,겨울,B,v1,False,False,13.39836825494528,1970.2180850959032,0.031226952469125626,0.09447236180899775,186.13115577880095,5812.308754530955
2025-02-25,google,외부,GGL_CMP_03_첫구매,첫구매,논타겟,CRS_할인쿠폰_겨울_v1,43891,916,200125,67,40,2318055,826,47,31,1910383,CRS,할인쿠폰,겨울,N,v1,False,False,9.545948782011196,4257.97872331366,0.020869882208197105,0.051310043668066255,218.47707423556935,4559.590804492845
2025-02-25,google,외부,GGL_CMP_03_첫구매,첫구매,유사타겟,VID_적립혜택_겨울_A_v1,59697,1110,392763,90,41,2091261,1026,76,36,1570095,VID,적립혜택,겨울,A,v1,False,False,3.9975634161058857,5167.934210458317,0.018593899190913806,0.06846846846840679,353.84054054022175,6579.275340469261
2025-02-25,google,외부,GGL_CMP_03_첫구매,첫구매,유사타겟,IMG_적립혜택_겨울_B_v1,49506,1328,308859,126,51,2774290,1212,94,35,2171261,IMG,적립혜택,겨울,B,v1,False,False,7.029942465655827,3285.734042518237,0.026825031309335702,0.07078313253006718,232.57454819259596,6238.819537025689
2025-02-25,google,외부,GGL_CMP_03_첫구매,첫구매,유사타겟,CRS_할인쿠폰_겨울_v1,44567,976,293780,75,39,2536403,829,56,30,2062667,CRS,할인쿠폰,겨울,N,v1,False,False,7.021128055007124,5246.071428477749,0.021899611820404744,0.057377049180269084,301.0040983603473,6591.872910449288
2025-02-25,meta,외부,META_CMP_01_신규유저,신규유저,논타겟,VID_플러스멤버십_겨울_A_v1,53560,823,191540,48,19,1092965,794,40,14,860692,VID,플러스멤버십,겨울,A,v1,False,False,4.49353659809959,4788.499999880288,0.015365944734876487,0.04860267314696403,232.73390036423726,3576.176250933466
2025-02-25,meta,외부,META_CMP_01_신규유저,신규유저,논타겟,IMG_적립혜택_겨울_B_v1,48990,845,229332,63,25,1304194,811,57,17,1129387,IMG,적립혜택,겨울,B,v1,False,False,4.92468124814677,4023.3684209820462,0.017248418044498528,0.06745562130169531,271.39881656772616,4681.200244947853
2025-02-25,meta,외부,META_CMP_01_신규유저,신규유저,논타겟,CRS_플러스멤버십_겨울_v1,53617,694,228633,44,11,497468,677,31,9,416506,CRS,플러스멤버십,겨울,N,v1,False,False,1.8217230233605743,7375.258064278218,0.012943655930021954,0.04466858789618924,329.44236311191725,4264.188596900158
2025-02-25,meta,외부,META_CMP_02_룩얼라이크,룩얼라이크,유사타겟,VID_플러스멤버십_겨울_A_v1,38321,483,151054,42,16,924580,430,37,11,805166,VID,플러스멤버십,겨울,A,v1,False,False,5.330318958782917,4082.540540430202,0.012604055217765388,0.07660455486526584,312.7412008275099,3941.8073641083497
2025-02-25,meta,외부,META_CMP_02_룩얼라이크,룩얼라이크,유사타겟,IMG_할인쿠폰_겨울_B_v1,45002,892,170023,75,32,1264812,815,60,22,913668,IMG,할인쿠폰,겨울,B,v1,False,False,5.3737906048004955,2833.716666619438,0.01982134127372073,0.06726457399095598,190.60874439440514,3778.1209724011433
2025-02-25,meta,외부,META_CMP_02_룩얼라이크,룩얼라이크,유사타겟,CRS_특가_겨울_v1,35594,767,120349,52,22,906697,679,36,18,767866,CRS,특가,겨울,N,v1,False,False,6.380327215016274,3343.027777684916,0.021548575602629055,0.04693611473266371,156.90873533225957,3381.159746024516
2025-02-25,meta,외부,META_CMP_03_재구매,재구매,VIP,IMG_배송혜택_겨울_A_v1,14780,355,54086,23,11,668608,319,19,9,585076,IMG,배송혜택,겨울,A,v1,False,False,10.817512849905507,2846.631578797546,0.024018944519619483,0.05352112676041262,152.35492957703562,3659.40460081166
2025-02-25,meta,외부,META_CMP_03_재구매,재구매,VIP,VID_적립혜택_겨울_B_v1,9121,215,44673,12,7,599411,200,10,4,487567,VID,적립혜택,겨울,B,v1,False,False,10.914131578358049,4467.29999955327,0.02357197675693196,0.04651162790676042,207.78139534787078,4897.818221685681
2025-02-25,meta,외부,META_CMP_03_재구매,재구매,VIP,CRS_신상품_겨울_v1,12906,238,50339,14,8,691038,214,11,6,527535,CRS,신상품,겨울,N,v1,False,False,10.479647986650303,4576.272726856702,0.018441035177435422,0.04621848739476379,211.50840336045584,3900.433906709755
2025-02-25,meta,외부,META_CMP_03_재구매,재구매,윈백,IMG_배송혜택_겨울_A_v1,17266,340,78923,14,7,420978,332,10,6,347584,IMG,배송혜택,겨울,A,v1,False,False,4.404090062465892,7892.29999921077,0.019691879995365476,0.02941176470579585,232.12647058755257,4571.006602571263
2025-02-25,meta,외부,META_CMP_03_재구매,재구매,윈백,VID_적립혜택_겨울_B_v1,21091,361,98100,19,9,701517,335,15,8,592979,VID,적립혜택,겨울,B,v1,False,False,6.044638124362833,6539.999999564,0.017116305533164993,0.041551246537281025,271.7451523538179,4651.273054857302
2025-02-25,meta,외부,META_CMP_03_재구매,재구매,윈백,CRS_신상품_겨울_v1,15216,394,54129,24,12,983443,377,20,10,886856,CRS,신상품,겨울,N,v1,False,False,16.38411941842605,2706.4499998646775,0.025893796004204397,0.05076142131966812,137.38324873061578,3557.3738170344664
2025-02-25,naver,자체,NVR_CMP_01_브랜드KW,브랜드KW,논타겟,TXT_플러스멤버십_겨울_A_v1,6725,744,61465,140,96,5565971,664,106,72,4062488,TXT,플러스멤버십,겨울,A,v1,False,False,66.09433010656365,579.8584905605674,0.11063197026020659,0.1424731182793784,82.61424731171692,9139.776951671502
2025-02-25,naver,자체,NVR_CMP_02_일반KW,일반KW,논타겟,TXT_할인쿠폰_겨울_A_v1,10052,765,70331,92,52,3229283,679,73,43,2994951,TXT,할인쿠폰,겨울,A,v1,False,False,42.58365443403275,963.4383561511858,0.07610425785912493,0.09542483660118245,91.93594771229813,6996.717071228909
2025-02-25,naver,자체,NVR_CMP_02_일반KW,일반KW,논타겟,TXT_플러스멤버십_겨울_B_v1,9929,714,82629,109,41,2640384,632,93,30,2303856,TXT,플러스멤버십,겨울,B,v1,False,False,27.881930072976463,888.4838709581883,0.07191056501157499,0.1302521008401537,115.72689075614043,8321.98610131853
2025-02-25,naver,자체,NVR_CMP_03_재구매,재구매,VIP,IMG_배송혜택_겨울_A_v1,6885,295,55781,34,38,4153566,285,24,32,3242887,IMG,배송혜택,겨울,A,v1,False,False,58.136049909466344,2324.2083332364914,0.04284676833695819,0.08135593220311405,189.08813559257936,8101.81554103005
2025-02-25,naver,자체,NVR_CMP_03_재구매,재구매,VIP,VID_적립혜택_겨울_B_v1,6196,432,51001,47,48,4210614,411,41,43,3148599,VID,적립혜택,겨울,B,v1,False,False,61.736024783826565,1243.9268292379531,0.06972240154937544,0.09490740740718771,118.05787037009709,8231.278244027075
2025-02-25,naver,자체,NVR_CMP_03_재구매,재구매,VIP,CRS_신상품_겨울_v1,5100,253,44115,25,30,2556219,247,18,22,2237640,CRS,신상품,겨울,N,v1,False,False,50.72288337300123,2450.8333331971758,0.04960784313724517,0.07114624505900732,174.36758893211714,8649.999999998305
2025-02-25,naver,자체,NVR_CMP_03_재구매,재구매,윈백,IMG_배송혜택_겨울_A_v1,7926,360,63057,35,33,2600992,324,27,24,2316563,IMG,배송혜택,겨울,A,v1,False,False,36.737602486638494,2335.4444443579464,0.045420136260403046,0.07499999999979166,175.15833333284678,7955.715367145097
2025-02-25,naver,자체,NVR_CMP_03_재구매,재구매,윈백,VID_적립혜택_겨울_B_v1,8424,357,64583,32,22,1569707,337,28,15,1338944,VID,적립혜택,겨울,B,v1,False,False,20.73214313364166,2306.535714203338,0.04237891737891235,0.07843137254879992,180.90476190425517,7666.547958213714
2025-02-25,naver,자체,NVR_CMP_03_재구매,재구매,윈백,CRS_신상품_겨울_v1,7736,318,63002,23,27,2562306,294,21,18,2243462,CRS,신상품,겨울,N,v1,False,False,35.60937748007943,3000.0952379523765,0.04110651499482405,0.06603773584884894,198.1194968547229,8144.002068251273
2025-02-26,google,외부,GGL_CMP_01_플러스가입,플러스가입,논타겟,VID_플러스멤버십_겨울_A_v1,59590,1287,279928,160,39,2454480,1222,128,29,2008189,VID,플러스멤버십,겨울,A,v1,False,False,7.1739483009916585,2186.9374999829147,0.021597583487161915,0.09945609945602218,217.5042735041045,4697.5667058230465
2025-02-26,google,외부,GGL_CMP_01_플러스가입,플러스가입,논타겟,IMG_플러스멤버십_겨울_B_v1,58216,1342,270509,171,37,2027290,1149,146,28,1516291,IMG,플러스멤버십,겨울,B,v1,False,False,5.605325515971722,1852.8013698503235,0.023052081901882248,0.10879284649768346,201.5715350222045,4646.643534423447
2025-02-26,google,외부,GGL_CMP_01_플러스가입,플러스가입,논타겟,CRS_플러스멤버십_겨울_v1,70411,1760,436013,205,48,2536618,1681,187,38,1899376,CRS,플러스멤버십,겨울,N,v1,False,False,4.356237084674071,2331.6203208431466,0.024996094360255853,0.10624999999993963,247.73465909076833,6192.3989149421795
2025-02-26,google,외부,GGL_CMP_01_플러스가입,플러스가입,논타겟,IMG_적립혜택_겨울_v2,49027,1548,319549,157,36,1910083,1419,114,24,1600310,IMG,적립혜택,겨울,N,v2,False,False,5.00802693796568,2803.0614034841838,0.0315744385746623,0.07364341085266561,206.427002583846,6517.816713239511
2025-02-26,google,외부,GGL_CMP_01_플러스가입,플러스가입,유사타겟,VID_플러스멤버십_겨울_A_v1,62206,1808,321312,192,42,2871693,1735,166,32,2312546,VID,플러스멤버십,겨울,A,v1,False,False,7.197197739268975,1935.6144578196652,0.02906472044497269,0.09181415929198462,177.71681415919375,5165.289521910987
2025-02-26,google,외부,GGL_CMP_01_플러스가입,플러스가입,유사타겟,IMG_플러스멤버십_겨울_B_v1,67109,1953,396535,180,48,2765454,1739,142,32,2554163,IMG,플러스멤버십,겨울,B,v1,False,False,6.44120443340435,2792.499999980335,0.029101908834880133,0.07270865335377742,203.03891449042342,5908.819979436351
2025-02-26,google,외부,GGL_CMP_01_플러스가입,플러스가입,유사타겟,CRS_플러스멤버십_겨울_v1,51976,1695,324787,175,45,2533960,1506,155,32,2048797,CRS,플러스멤버십,겨울,N,v1,False,False,6.308125017319024,2095.3999999864814,0.032611205171617044,0.09144542772855963,191.61474926242383,6248.7879021085455
2025-02-26,google,외부,GGL_CMP_01_플러스가입,플러스가입,유사타겟,IMG_적립혜택_겨울_v2,68909,1344,333025,185,36,2082928,1147,144,26,1501618,IMG,적립혜택,겨울,N,v2,False,False,4.509024847984372,2312.673611095051,0.019503983514489842,0.10714285714277742,247.78645833314897,4832.822998447157
2025-02-26,google,외부,GGL_CMP_02_리타겟팅,리타겟팅,리마케팅,VID_할인쿠폰_겨울_A_v1,31836,1234,184540,100,44,2049606,1116,77,34,1502332,VID,할인쿠폰,겨울,A,v1,False,False,8.140955890321838,2396.6233765922516,0.038761150898352845,0.062398703403515075,149.54619124785287,5796.582485236657
2025-02-26,google,외부,GGL_CMP_02_리타겟팅,리타겟팅,리마케팅,IMG_할인쿠폰_겨울_B_v1,25653,766,117109,70,28,1572599,677,59,25,1373985,IMG,할인쿠폰,겨울,B,v1,False,False,11.732531231587565,1984.8983050511035,0.029860055354148447,0.07702349869441642,152.88381201024427,4565.119089385079
2025-02-26,google,외부,GGL_CMP_02_리타겟팅,리타겟팅,리마케팅,CRS_특가_겨울_v1,30334,805,187635,97,56,3184008,689,83,39,2916713,CRS,특가,겨울,N,v1,False,False,15.544610547072692,2260.662650575173,0.02653787828838839,0.10310559006198372,233.0869565214496,6185.633282784789
2025-02-26,google,외부,GGL_CMP_03_첫구매,첫구매,논타겟,VID_적립혜택_겨울_A_v1,41138,1116,228496,104,38,2947805,1084,92,29,2255394,VID,적립혜택,겨울,A,v1,False,False,9.870606049996455,2483.652173886047,0.027128202635032645,0.08243727598558921,204.74551971307818,5554.377947396433
2025-02-26,google,외부,GGL_CMP_03_첫구매,첫구매,논타겟,IMG_적립혜택_겨울_B_v1,49393,1520,277500,111,38,2537260,1344,94,29,2118249,IMG,적립혜택,겨울,B,v1,False,False,7.633329729729702,2952.1276595430622,0.030773591399590416,0.06184210526311721,182.5657894735641,5618.205008806803
2025-02-26,google,외부,GGL_CMP_03_첫구매,첫구매,논타겟,CRS_할인쿠폰_겨울_v1,38728,1076,174593,78,25,1774232,981,62,21,1479412,CRS,할인쿠폰,겨울,N,v1,False,False,8.473489773358564,2816.016128986839,0.027783515802519424,0.05762081784381262,162.26115241620607,4508.185292294864
2025-02-26,google,외부,GGL_CMP_03_첫구매,첫구매,유사타겟,VID_적립혜택_겨울_A_v1,46563,819,270683,76,23,1533064,742,57,16,1366956,VID,적립혜택,겨울,A,v1,False,False,5.050025306354647,4748.824561320196,0.017589072869015794,0.06959706959698463,330.50427350386997,5813.2637501877925
2025-02-26,google,외부,GGL_CMP_03_첫구매,첫구매,유사타겟,IMG_적립혜택_겨울_B_v1,61276,1627,334195,171,52,3406366,1564,130,35,3073908,IMG,적립혜택,겨울,B,v1,False,False,9.197947306213411,2570.7307692109944,0.026551994255499273,0.0799016594959558,205.40565457885347,5453.929760428138
2025-02-26,google,외부,GGL_CMP_03_첫구매,첫구매,유사타겟,CRS_할인쿠폰_겨울_v1,68911,1538,418896,164,80,6039762,1399,137,64,4585596,CRS,할인쿠폰,겨울,N,v1,False,False,10.946860318551595,3057.635036474032,0.02231864288720201,0.08907672301684716,272.36410923259274,6078.79728925707
2025-02-26,meta,외부,META_CMP_01_신규유저,신규유저,논타겟,VID_플러스멤버십_겨울_A_v1,33566,535,126133,47,8,423337,515,39,5,325987,VID,플러스멤버십,겨울,A,v1,False,False,2.5844703606510384,3234.1794870965596,0.01593874754215528,0.07289719626154599,235.76261682198924,3757.7608294106017
2025-02-26,meta,외부,META_CMP_01_신규유저,신규유저,논타겟,IMG_적립혜택_겨울_B_v1,33995,575,128579,52,8,404352,505,45,6,316041,IMG,적립혜택,겨울,B,v1,False,False,2.4579519206091005,2857.3111110476157,0.01691425209589596,0.07826086956508128,223.61565217352415,3782.29151345775
2025-02-26,meta,외부,META_CMP_01_신규유저,신규유저,논타겟,CRS_플러스멤버십_겨울_v1,34752,494,155291,36,8,454077,420,30,6,357552,CRS,플러스멤버십,겨울,N,v1,False,False,2.3024644055353995,5176.366666494121,0.014215009208102723,0.06072874493914832,314.3542510115094,4468.548572743886
2025-02-26,meta,외부,META_CMP_02_룩얼라이크,룩얼라이크,유사타겟,VID_플러스멤버십_겨울_A_v1,31519,684,142443,40,9,543205,620,31,7,462099,VID,플러스멤버십,겨울,A,v1,False,False,3.2440976390555996,4594.935483722744,0.02170119610393662,0.04532163742683432,208.24999999969555,4519.274088644801
2025-02-26,meta,외부,META_CMP_02_룩얼라이크,룩얼라이크,유사타겟,IMG_할인쿠폰_겨울_B_v1,34483,791,123065,42,12,687917,773,31,8,607035,IMG,할인쿠폰,겨울,B,v1,False,False,4.932637224231057,3969.83870954936,0.02293883942812334,0.039190897597927696,155.58154235125716,3568.860017979771
2025-02-26,meta,외부,META_CMP_02_룩얼라이크,룩얼라이크,유사타겟,CRS_특가_겨울_v1,40298,779,188146,74,18,893133,684,67,13,779218,CRS,특가,겨울,N,v1,False,False,4.1415602776566915,2808.1492536894307,0.019330984167948304,0.08600770218217457,241.52246469802117,4668.866941287293
2025-02-26,meta,외부,META_CMP_03_재구매,재구매,VIP,IMG_배송혜택_겨울_A_v1,14110,237,56854,16,9,492391,226,11,7,359935,IMG,배송혜택,겨울,A,v1,False,False,6.3308650226895855,5168.545454075586,0.01679659815733403,0.04641350210950881,239.8902953576376,4029.3408929834136
2025-02-26,meta,외부,META_CMP_03_재구매,재구매,VIP,VID_적립혜택_겨울_B_v1,11681,197,51304,8,4,255929,183,5,3,218682,VID,적립혜택,겨울,B,v1,False,False,4.262474660845076,10260.799997947839,0.016864994435406483,0.025380710659769642,260.42639593776437,4392.089718345656
2025-02-26,meta,외부,META_CMP_03_재구매,재구매,VIP,CRS_신상품_겨울_v1,14800,304,51062,21,9,688080,292,16,7,568582,CRS,신상품,겨울,N,v1,False,False,11.135129842152459,3191.374999800539,0.02054054054053915,0.05263157894719529,167.96710526260537,3450.1351351349017
2025-02-26,meta,외부,META_CMP_03_재구매,재구매,윈백,IMG_배송혜택_겨울_A_v1,20093,447,80044,31,18,1227562,389,27,13,988207,IMG,배송혜택,겨울,A,v1,False,False,12.345797311478531,2964.592592482793,0.02224655352610251,0.060402684563623264,179.06935123002447,3983.6759070321013
2025-02-26,meta,외부,META_CMP_03_재구매,재구매,윈백,VID_적립혜택_겨울_B_v1,24841,637,98357,43,25,1682973,620,32,19,1236824,VID,적립혜택,겨울,B,v1,False,False,12.574844698394495,3073.6562499039487,0.025643090052734366,0.050235478806828514,154.40659340635102,3959.462179461215
2025-02-26,meta,외부,META_CMP_03_재구매,재구매,윈백,CRS_신상품_겨울_v1,21928,441,95598,26,10,713233,387,21,8,615286,CRS,신상품,겨울,N,v1,False,False,6.436180673235774,4552.285714068938,0.020111273257934142,0.04761904761893964,216.77551020359007,4359.631521342377
2025-02-26,naver,자체,NVR_CMP_01_브랜드KW,브랜드KW,논타겟,TXT_플러스멤버십_겨울_A_v1,10342,1679,89622,485,269,15386501,1557,414,208,12982333,TXT,플러스멤버십,겨울,A,v1,False,False,144.85654192050896,216.47826086904232,0.16234770837360643,0.24657534246560656,53.37820131027196,8665.828659832849
2025-02-26,naver,자체,NVR_CMP_02_일반KW,일반KW,논타겟,TXT_할인쿠폰_겨울_A_v1,13508,972,100006,185,75,5581012,852,163,63,4529933,TXT,할인쿠폰,겨울,A,v1,False,False,45.29661220326735,613.5337423275244,0.07195735860230441,0.1676954732508563,102.88683127561431,7403.464613561785
2025-02-26,naver,자체,NVR_CMP_02_일반KW,일반KW,논타겟,TXT_플러스멤버십_겨울_B_v1,10456,659,74361,108,51,2689959,568,92,41,2464695,TXT,플러스멤버십,겨울,B,v1,False,False,33.144995360470766,808.2717391216491,0.06302601377199091,0.13960546282224642,112.83915022744638,7111.8018362655785
2025-02-26,naver,자체,NVR_CMP_03_재구매,재구매,VIP,IMG_배송혜택_겨울_A_v1,5509,351,46902,41,25,2048823,340,30,17,1776244,IMG,배송혜택,겨울,A,v1,False,False,37.87139141187929,1563.3999999478867,0.06371392267197971,0.08547008546984197,133.62393162355093,8513.704846613084
2025-02-26,naver,자체,NVR_CMP_03_재구매,재구매,VIP,VID_적립혜택_겨울_B_v1,4371,248,38343,30,25,1885155,217,24,19,1719710,VID,적립혜택,겨울,B,v1,False,False,44.850689826042704,1597.6249999334323,0.056737588652469285,0.09677419354799688,154.60887096711852,8772.134522990444
2025-02-26,naver,자체,NVR_CMP_03_재구매,재구매,VIP,CRS_신상품_겨울_v1,6822,351,61708,42,23,1994095,319,34,18,1790540,CRS,신상품,겨울,N,v1,False,False,29.016334997082566,1814.9411764172078,0.0514511873350848,0.0968660968658209,175.80626780576694,9045.441219582373
2025-02-26,naver,자체,NVR_CMP_03_재구매,재구매,윈백,IMG_배송혜택_겨울_A_v1,10481,622,97565,46,31,3017678,581,32,25,2789033,IMG,배송혜택,겨울,A,v1,False,False,28.586409060625954,3048.906249904722,0.05934548230130146,0.05144694533753787,156.85691318302756,9308.749165155108
2025-02-26,naver,자체,NVR_CMP_03_재구매,재구매,윈백,VID_적립혜택_겨울_B_v1,7866,429,51588,46,41,3202792,404,38,31,2511786,VID,적립혜택,겨울,B,v1,False,False,48.68934635961757,1357.5789473326954,0.05453852021357049,0.0885780885778821,120.25174825146794,6558.352402745161
2025-02-26,naver,자체,NVR_CMP_03_재구매,재구매,윈백,CRS_신상품_겨울_v1,10337,631,83903,74,44,3102147,592,60,36,2639746,CRS,신상품,겨울,N,v1,False,False,31.461878597904345,1398.383333310027,0.061042855760853144,0.09508716323281285,132.96830427871163,8116.765018863488
2025-02-27,google,외부,GGL_CMP_01_플러스가입,플러스가입,논타겟,VID_플러스멤버십_겨울_A_v1,57223,1853,276053,239,54,2381505,1724,215,38,1912215,VID,플러스멤버십,겨울,A,v1,False,False,6.926985035482292,1283.9674418544932,0.0323820841270113,0.11602806260112465,148.97625472199192,4824.161613337211
2025-02-27,google,외부,GGL_CMP_01_플러스가입,플러스가입,논타겟,IMG_플러스멤버십_겨울_B_v1,42437,1404,192264,201,51,2782827,1217,145,38,2530097,IMG,플러스멤버십,겨울,B,v1,False,False,13.1594942370906,1325.9586206805106,0.03308433678158133,0.10327635327627972,136.94017094007341,4530.574734311933
2025-02-27,google,외부,GGL_CMP_01_플러스가입,플러스가입,논타겟,CRS_플러스멤버십_겨울_v1,62671,1914,331779,194,52,3613308,1862,149,43,2873589,CRS,플러스멤버십,겨울,N,v1,False,False,8.661153960919743,2226.704697971633,0.030540441352459185,0.07784743991636477,173.3432601879972,5293.979671618367
2025-02-27,google,외부,GGL_CMP_01_플러스가입,플러스가입,논타겟,IMG_적립혜택_겨울_v2,54786,1144,357497,114,29,1280562,980,92,21,1133615,IMG,적립혜택,겨울,N,v2,False,False,3.1709776585537695,3885.8369564795016,0.020881247033913395,0.08041958041951013,312.49737762210447,6525.334939582986
2025-02-27,google,외부,GGL_CMP_01_플러스가입,플러스가입,유사타겟,VID_플러스멤버십_겨울_A_v1,52192,1461,244892,189,46,2548624,1308,145,32,2312296,VID,플러스멤버십,겨울,A,v1,False,False,9.442105091223848,1688.9103448159387,0.027992795830778128,0.09924709103347074,167.6194387404739,4692.13672593492
2025-02-27,google,외부,GGL_CMP_01_플러스가입,플러스가입,유사타겟,IMG_플러스멤버십_겨울_B_v1,66931,1575,407854,194,51,2659288,1368,171,36,2210266,IMG,플러스멤버십,겨울,B,v1,False,False,5.419257871689366,2385.1111110971633,0.023531696822100018,0.10857142857135964,258.9549206347562,6093.648682971924
2025-02-27,google,외부,GGL_CMP_01_플러스가입,플러스가입,유사타겟,CRS_플러스멤버십_겨울_v1,68600,2450,304404,334,108,7189129,2358,287,84,6622982,CRS,플러스멤버십,겨울,N,v1,False,False,21.75721081194721,1060.6411149788828,0.03571428571428519,0.11714285714280934,124.24653061219419,4437.376093294396
2025-02-27,google,외부,GGL_CMP_01_플러스가입,플러스가입,유사타겟,IMG_적립혜택_겨울_v2,51970,1039,299808,144,33,2283548,952,113,23,2026502,IMG,적립혜택,겨울,N,v2,False,False,6.75933263955596,2653.168141569441,0.0199923032518757,0.10875842155908685,288.55437921050185,5768.866653838642
2025-02-27,google,외부,GGL_CMP_02_리타겟팅,리타겟팅,리마케팅,VID_할인쿠폰_겨울_A_v1,29689,757,170570,83,26,1579230,729,71,18,1358571,VID,할인쿠폰,겨울,A,v1,False,False,7.964888315647489,2402.3943661633466,0.025497659065646352,0.09379128137372023,225.32364597064026,5745.225504395374
2025-02-27,google,외부,GGL_CMP_02_리타겟팅,리타겟팅,리마케팅,IMG_할인쿠폰_겨울_B_v1,23339,949,135449,122,54,3095914,910,107,43,2545663,IMG,할인쿠폰,겨울,B,v1,False,False,18.794254664116984,1265.8785046610665,0.04066155362268989,0.11275026343507613,142.7281348786694,5803.547709841647
2025-02-27,google,외부,GGL_CMP_02_리타겟팅,리타겟팅,리마케팅,CRS_특가_겨울_v1,39745,1254,188244,116,43,2352277,1109,81,32,1714503,CRS,특가,겨울,N,v1,False,False,9.107875948237346,2323.9999999713086,0.03155113850798764,0.06459330143535519,150.11483253576546,4736.293873443081
2025-02-27,google,외부,GGL_CMP_03_첫구매,첫구매,논타겟,VID_적립혜택_겨울_A_v1,45253,1303,236710,130,44,2807663,1274,107,34,2398370,VID,적립혜택,겨울,A,v1,False,False,10.132102572768323,2212.2429906335306,0.02879367113782448,0.08211818879502523,181.6653875670133,5230.813426734024
2025-02-27,google,외부,GGL_CMP_03_첫구매,첫구매,논타겟,IMG_적립혜택_겨울_B_v1,45851,975,203645,79,36,2571421,834,66,27,1942459,IMG,적립혜택,겨울,B,v1,False,False,9.538456627955464,3085.5303029835522,0.021264530762687375,0.06769230769223826,208.86666666645246,4441.451658633303
2025-02-27,google,외부,GGL_CMP_03_첫구매,첫구매,논타겟,CRS_할인쿠폰_겨울_v1,58860,1268,343241,135,38,2107341,1092,121,30,1854814,CRS,할인쿠폰,겨울,N,v1,False,False,5.403824135228585,2836.702479315399,0.02154264356099182,0.09542586750781118,270.69479495246793,5831.481481481383
2025-02-27,google,외부,GGL_CMP_03_첫구매,첫구매,유사타겟,VID_적립혜택_겨울_A_v1,49460,1073,309193,68,21,1214711,917,49,17,1044223,VID,적립혜택,겨울,A,v1,False,False,3.377253042597978,6310.061224361019,0.021694298422967617,0.04566635601114104,288.15750232964757,6251.374848362187
2025-02-27,google,외부,GGL_CMP_03_첫구매,첫구매,유사타겟,IMG_적립혜택_겨울_B_v1,54048,1377,292541,132,65,3369520,1225,107,50,2615199,IMG,적립혜택,겨울,B,v1,False,False,8.939598210165382,2734.0280373576256,0.02547735346358745,0.07770515613647226,212.44807552635262,5412.61471284774
2025-02-27,google,외부,GGL_CMP_03_첫구매,첫구매,유사타겟,CRS_할인쿠폰_겨울_v1,68498,1735,325347,109,43,3022824,1664,83,35,2731110,CRS,할인쿠폰,겨울,N,v1,False,False,8.394452692048771,3919.8433734467485,0.025329206692165825,0.04783861671466983,187.51988472611671,4749.729919121656
2025-02-27,meta,외부,META_CMP_01_신규유저,신규유저,논타겟,VID_플러스멤버십_겨울_A_v1,46947,900,179546,65,11,563473,790,59,8,492889,VID,플러스멤버십,겨울,A,v1,False,False,2.745196217125401,3043.1525423213025,0.019170554029011033,0.06555555555548272,199.4955555553339,3824.4403263253494
2025-02-27,meta,외부,META_CMP_01_신규유저,신규유저,논타겟,IMG_적립혜택_겨울_B_v1,38486,641,175635,51,9,414501,584,46,6,372368,IMG,적립혜택,겨울,B,v1,False,False,2.1201241210464765,3818.1521738300403,0.016655407161045143,0.07176287051470864,274.00156006197506,4563.607545600879
2025-02-27,meta,외부,META_CMP_01_신규유저,신규유저,논타겟,CRS_플러스멤버십_겨울_v1,40575,736,162504,41,9,463178,687,34,6,428978,CRS,플러스멤버십,겨울,N,v1,False,False,2.6397996357012588,4779.529411624132,0.018139248305606454,0.04619565217385028,220.79347826056957,4005.0277264324345
2025-02-27,meta,외부,META_CMP_02_룩얼라이크,룩얼라이크,유사타겟,VID_플러스멤버십_겨울_A_v1,42746,951,198517,71,17,773119,826,55,12,611827,VID,플러스멤버십,겨울,A,v1,False,False,3.081987940579381,3609.3999999343746,0.022247695690824354,0.05783385909562794,208.74553101975948,4644.107050952028
2025-02-27,meta,외부,META_CMP_02_룩얼라이크,룩얼라이크,유사타겟,IMG_할인쿠폰_겨울_B_v1,37272,720,162411,39,9,378596,624,33,6,310255,IMG,할인쿠폰,겨울,B,v1,False,False,1.9103077993485547,4921.545454396317,0.019317450096586735,0.04583333333326968,225.57083333302003,4357.45331616215
2025-02-27,meta,외부,META_CMP_02_룩얼라이크,룩얼라이크,유사타겟,CRS_특가_겨울_v1,40747,734,176564,72,22,965183,688,59,15,859626,CRS,특가,겨울,N,v1,False,False,4.868636868217729,2992.6101694408035,0.01801359609296346,0.08038147138953626,240.55040871901832,4333.177902667576
2025-02-27,meta,외부,META_CMP_03_재구매,재구매,VIP,IMG_배송혜택_겨울_A_v1,14587,326,69203,22,12,898203,296,18,9,799475,IMG,배송혜택,겨울,A,v1,False,False,11.552606100891412,3844.6111108975215,0.02234866662096234,0.055214723926211,212.27914110364333,4744.1557551241
2025-02-27,meta,외부,META_CMP_03_재구매,재구매,VIP,VID_적립혜택_겨울_B_v1,16262,399,73854,16,9,611065,355,11,7,566857,VID,적립혜택,겨울,B,v1,False,False,7.675373033281776,6713.999999389636,0.024535727462795195,0.027568922305695315,185.09774436043836,4541.507809617234
2025-02-27,meta,외부,META_CMP_03_재구매,재구매,VIP,CRS_신상품_겨울_v1,15461,371,68165,15,7,425742,340,11,4,350710,CRS,신상품,겨울,N,v1,False,False,5.145015770556662,6196.818181254835,0.02399586055235599,0.029649595687251618,183.73315363831878,4408.835133561581
2025-02-27,meta,외부,META_CMP_03_재구매,재구매,윈백,IMG_배송혜택_겨울_A_v1,15431,378,61430,27,15,1122502,329,23,10,870332,IMG,배송혜택,겨울,A,v1,False,False,14.167865863584337,2670.8695651012667,0.024496144125460143,0.06084656084639988,162.51322751279758,3980.947443457716
2025-02-27,meta,외부,META_CMP_03_재구매,재구매,윈백,VID_적립혜택_겨울_B_v1,21147,468,89710,31,19,1458902,422,22,15,1259126,VID,적립혜택,겨울,B,v1,False,False,14.035514435402808,4077.7272725419216,0.022130798694849286,0.04700854700844656,191.6880341876246,4242.2092968267725
2025-02-27,meta,외부,META_CMP_03_재구매,재구매,윈백,CRS_신상품_겨울_v1,16973,500,79452,29,15,974604,430,25,12,733374,CRS,신상품,겨울,N,v1,False,False,9.230403262346961,3178.0799998728767,0.02945855181759091,0.0499999999999,158.90399999968218,4681.081718022466
2025-02-27,naver,자체,NVR_CMP_01_브랜드KW,브랜드KW,논타겟,TXT_플러스멤버십_겨울_A_v1,9362,1483,75585,331,190,15306105,1359,241,162,13106001,TXT,플러스멤버십,겨울,A,v1,False,False,173.39420519944204,313.6307053928895,0.1584063234351465,0.1625084288603085,50.96763317596024,8073.5953856005035
2025-02-27,naver,자체,NVR_CMP_02_일반KW,일반KW,논타겟,TXT_할인쿠폰_겨울_A_v1,12512,1266,95613,228,112,5682441,1095,182,79,4665397,TXT,할인쿠폰,겨울,A,v1,False,False,48.79458860196784,525.3461538432674,0.10118286445011979,0.14375987361757997,75.5236966824048,7641.703964193763
2025-02-27,naver,자체,NVR_CMP_02_일반KW,일반KW,논타겟,TXT_플러스멤버십_겨울_B_v1,9929,830,75861,137,44,2557364,781,115,38,2196479,TXT,플러스멤버십,겨울,B,v1,False,False,28.95399480629007,659.6608695594812,0.08359351394902975,0.13855421686730296,91.39879518061278,7640.346459864272
2025-02-27,naver,자체,NVR_CMP_03_재구매,재구매,VIP,IMG_배송혜택_겨울_A_v1,5748,327,37637,35,17,1542614,297,29,14,1364314,IMG,배송혜택,겨울,A,v1,False,False,36.24927597842453,1297.827586162144,0.05688935281836171,0.08868501529024868,115.09785932686515,6547.842727904219
2025-02-27,naver,자체,NVR_CMP_03_재구매,재구매,VIP,VID_적립혜택_겨울_B_v1,6582,499,46148,43,29,3021100,452,37,24,2708027,VID,적립혜택,겨울,B,v1,False,False,58.681351304497305,1247.243243209534,0.07581282285018598,0.07414829659303777,92.48096192366236,7011.242783347461
2025-02-27,naver,자체,NVR_CMP_03_재구매,재구매,VIP,CRS_신상품_겨울_v1,5912,424,39731,36,27,2673280,402,28,23,2125444,CRS,신상품,겨울,N,v1,False,False,53.49585965618652,1418.9642856636085,0.0717185385656171,0.06603773584890085,93.70518867902429,6720.39918809088
2025-02-27,naver,자체,NVR_CMP_03_재구매,재구매,윈백,IMG_배송혜택_겨울_A_v1,9776,580,81895,61,48,4409255,546,46,33,3515081,IMG,배송혜택,겨울,A,v1,False,False,42.92180230783268,1780.326086917819,0.059328968903430916,0.07931034482744946,141.19827586182552,8377.148117838751
2025-02-27,naver,자체,NVR_CMP_03_재구매,재구매,윈백,VID_적립혜택_겨울_B_v1,9049,437,86056,37,22,1989227,374,33,15,1495900,VID,적립혜택,겨울,B,v1,False,False,17.38286697034469,2607.757575678553,0.04829262901977585,0.07551487414170363,196.9244851254075,9510.001105093434
2025-02-27,naver,자체,NVR_CMP_03_재구매,재구매,윈백,CRS_신상품_겨울_v1,7524,479,55923,33,21,2360963,414,27,16,2163167,CRS,신상품,겨울,N,v1,False,False,38.68116874988755,2071.2222221455104,0.06366294524188415,0.056367432150195476,116.7494780790882,7432.615629983063
2025-02-28,google,외부,GGL_CMP_01_플러스가입,플러스가입,논타겟,VID_플러스멤버십_겨울_A_v1,56115,1149,251532,145,48,2706441,1043,103,41,2080563,VID,플러스멤버십,겨울,A,v1,False,False,8.271563856686194,2442.058252403475,0.02047580860732388,0.08964316797207168,218.91383811991392,4482.437850841941
2025-02-28,google,외부,GGL_CMP_01_플러스가입,플러스가입,논타겟,IMG_플러스멤버십_겨울_B_v1,70626,2296,408263,245,66,3382079,2243,202,49,3084948,IMG,플러스멤버십,겨울,B,v1,False,False,7.55627622390467,2021.1039603860343,0.03250927420496655,0.08797909407661673,177.81489547030583,5780.633194574154
2025-02-28,google,외부,GGL_CMP_01_플러스가입,플러스가입,논타겟,CRS_플러스멤버십_겨울_v1,71159,2331,379361,331,113,7502758,2001,247,80,5905065,CRS,플러스멤버십,겨울,N,v1,False,False,15.565819891870763,1535.8744939209075,0.03275762728537454,0.10596310596306051,162.74603174596191,5331.173850110242
2025-02-28,google,외부,GGL_CMP_01_플러스가입,플러스가입,논타겟,IMG_적립혜택_겨울_v2,45714,1256,267710,179,44,3079332,1127,153,31,2805587,IMG,적립혜택,겨울,N,v2,False,False,10.479948451682752,1749.7385620800671,0.02747517171982265,0.12181528662410683,213.14490445842904,5856.192851205193
2025-02-28,google,외부,GGL_CMP_01_플러스가입,플러스가입,유사타겟,VID_플러스멤버십_겨울_A_v1,60588,1828,297714,215,74,4831137,1603,152,59,3568436,VID,플러스멤버십,겨울,A,v1,False,False,11.986120907985477,1958.6447368292195,0.030170990955304185,0.08315098468266786,162.86323851194592,4913.745296098156
2025-02-28,google,외부,GGL_CMP_01_플러스가입,플러스가입,유사타겟,IMG_플러스멤버십_겨울_B_v1,56953,1962,333526,249,87,4370543,1712,179,75,3822658,IMG,플러스멤버십,겨울,B,v1,False,False,11.4613493400814,1863.2737430063505,0.03444945832528516,0.09123343527008602,169.99286442397045,5856.162098572405
2025-02-28,google,외부,GGL_CMP_01_플러스가입,플러스가입,유사타겟,CRS_플러스멤버십_겨울_v1,40776,1018,245696,121,34,2241285,868,97,24,1750989,CRS,플러스멤버십,겨울,N,v1,False,False,7.126648378483951,2532.9484535821343,0.024965666078084536,0.09528487229853115,241.35166994082383,6025.5051991366
2025-02-28,google,외부,GGL_CMP_01_플러스가입,플러스가입,유사타겟,IMG_적립혜택_겨울_v2,51181,1382,253865,130,27,1739685,1277,106,22,1589256,IMG,적립혜택,겨울,N,v2,False,False,6.260240679101073,2394.9528301660853,0.027002207850569022,0.07670043415334538,183.69392185225493,4960.141458744359
2025-02-28,google,외부,GGL_CMP_02_리타겟팅,리타겟팅,리마케팅,VID_할인쿠폰_겨울_A_v1,32743,1311,210582,150,64,3593838,1171,136,56,2645617,VID,할인쿠폰,겨울,A,v1,False,False,12.563357741877214,1548.3970588121442,0.040039092325075895,0.10373760488169051,160.627002288207,6431.359374522602
2025-02-28,google,외부,GGL_CMP_02_리타겟팅,리타겟팅,리마케팅,IMG_할인쿠폰_겨울_B_v1,36255,1196,203535,140,79,5412219,1031,122,58,4207600,IMG,할인쿠폰,겨울,B,v1,False,False,20.6726115901441,1668.3196721174727,0.03298855330299178,0.10200668896312541,170.17976588614533,5613.9842780304625
2025-02-28,google,외부,GGL_CMP_02_리타겟팅,리타겟팅,리마케팅,CRS_특가_겨울_v1,32594,1277,147614,145,77,3818690,1166,115,52,3548353,CRS,특가,겨울,N,v1,False,False,24.038051946292196,1283.5999999888381,0.03917898999815797,0.09005481597487075,115.59436178534409,4528.870344234996
2025-02-28,google,외부,GGL_CMP_03_첫구매,첫구매,논타겟,VID_적립혜택_겨울_A_v1,58019,1641,271287,139,59,4634854,1602,120,40,3484613,VID,적립혜택,겨울,A,v1,False,False,12.844747444588156,2260.7249999811606,0.0282838380530511,0.0731261425959335,165.31809872019176,4675.830331443068
2025-02-28,google,외부,GGL_CMP_03_첫구매,첫구매,논타겟,IMG_적립혜택_겨울_B_v1,70237,1897,458812,196,79,5366923,1707,172,55,4868042,IMG,적립혜택,겨울,B,v1,False,False,10.610101741018084,2667.511627891468,0.027008556743596295,0.09066947812330486,241.86188719017298,6532.340504292516
2025-02-28,google,외부,GGL_CMP_03_첫구매,첫구매,논타겟,CRS_할인쿠폰_겨울_v1,52215,1268,243889,130,65,3959758,1234,91,58,3471864,CRS,할인쿠폰,겨울,N,v1,False,False,14.23542677201508,2680.0989010694493,0.02428420951833718,0.07176656151413899,192.3414826496906,4670.860863736385
2025-02-28,google,외부,GGL_CMP_03_첫구매,첫구매,유사타겟,VID_적립혜택_겨울_A_v1,68703,1488,424920,167,50,3704157,1289,141,44,2875980,VID,적립혜택,겨울,A,v1,False,False,6.768285794973155,3013.617021255223,0.02165844286275677,0.09475806451606535,285.56451612884035,6184.882756211428
2025-02-28,google,외부,GGL_CMP_03_첫구매,첫구매,유사타겟,IMG_적립혜택_겨울_B_v1,57916,1047,369459,77,28,1713800,919,61,21,1500393,IMG,적립혜택,겨울,B,v1,False,False,4.0610541359122285,6056.704917933497,0.01807790593272985,0.05826170009545534,352.87392550109564,6379.2216313280205
2025-02-28,google,외부,GGL_CMP_03_첫구매,첫구매,유사타겟,CRS_할인쿠폰_겨울_v1,41594,1267,239223,102,43,2440308,1143,77,29,1841170,CRS,할인쿠폰,겨울,N,v1,False,False,7.696458952525436,3106.7922077518597,0.030461124200605125,0.06077348066293546,188.8105761640183,5751.382410924514
2025-02-28,meta,외부,META_CMP_01_신규유저,신규유저,논타겟,VID_플러스멤버십_겨울_A_v1,35581,700,123298,43,9,402293,675,31,7,358381,VID,플러스멤버십,겨울,A,v1,False,False,2.9066246005612184,3977.3548385813756,0.01967342120794751,0.04428571428565102,176.13999999974837,3465.2764115678747
2025-02-28,meta,외부,META_CMP_01_신규유저,신규유저,논타겟,IMG_적립혜택_겨울_B_v1,32173,484,134565,26,4,197686,460,20,3,158167,IMG,적립혜택,겨울,B,v1,False,False,1.175394790621624,6728.249999663588,0.015043670158206724,0.0413223140495014,278.02685950355783,4182.544369502248
2025-02-28,meta,외부,META_CMP_01_신규유저,신규유저,논타겟,CRS_플러스멤버십_겨울_v1,44830,654,194511,36,6,312630,587,32,5,244699,CRS,플러스멤버십,겨울,N,v1,False,False,1.25802139724745,6078.468749810048,0.014588445237563807,0.048929663608487876,297.4174311922058,4338.85790765103
2025-02-28,meta,외부,META_CMP_02_룩얼라이크,룩얼라이크,유사타겟,VID_플러스멤버십_겨울_A_v1,30533,456,146619,41,12,553932,445,35,9,406223,VID,플러스멤버십,겨울,A,v1,False,False,2.7706027186108027,4189.114285594597,0.01493466085874251,0.07675438596474396,321.532894736137,4801.984737824491
2025-02-28,meta,외부,META_CMP_02_룩얼라이크,룩얼라이크,유사타겟,IMG_할인쿠폰_겨울_B_v1,47594,706,234820,69,20,1212172,623,56,15,918728,IMG,할인쿠폰,겨울,B,v1,False,False,3.9124776424495193,4193.2142856394075,0.014833802580156851,0.07932011331433524,332.6062322941465,4933.815186788148
2025-02-28,meta,외부,META_CMP_02_룩얼라이크,룩얼라이크,유사타겟,CRS_특가_겨울_v1,52347,788,175956,59,12,528026,695,45,9,462116,CRS,특가,겨울,N,v1,False,False,2.626315669826533,3910.133333246442,0.015053393699734177,0.0571065989846991,223.29441624337144,3361.3387586680547
2025-02-28,meta,외부,META_CMP_03_재구매,재구매,VIP,IMG_배송혜택_겨울_A_v1,9452,245,36402,16,6,341267,216,13,4,282767,IMG,배송혜택,겨울,A,v1,False,False,7.767897368276255,2800.1538459384496,0.025920440118490696,0.053061224489579346,148.57959183612826,3851.2484130338707
2025-02-28,meta,외부,META_CMP_03_재구매,재구매,VIP,VID_적립혜택_겨울_B_v1,13277,276,46028,18,6,325375,246,13,4,264023,VID,적립혜택,겨울,B,v1,False,False,5.736138871990838,3540.6153843430297,0.0207878285757309,0.047101449275191665,166.76811594142475,3466.7470061005147
2025-02-28,meta,외부,META_CMP_03_재구매,재구매,VIP,CRS_신상품_겨울_v1,9536,182,43229,12,6,334610,171,9,5,246946,CRS,신상품,겨울,N,v1,False,False,5.712507807258884,4803.222221688531,0.019085570469796656,0.04945054945027775,237.52197802067298,4533.242449663953
2025-02-28,meta,외부,META_CMP_03_재구매,재구매,윈백,IMG_배송혜택_겨울_A_v1,17297,303,60794,12,5,349672,273,10,4,252849,IMG,배송혜택,겨울,A,v1,False,False,4.159111096489717,6079.39999939206,0.01751748858183399,0.03300330032992408,200.64026402574046,3514.7135341386647
2025-02-28,meta,외부,META_CMP_03_재구매,재구매,윈백,VID_적립혜택_겨울_B_v1,24760,432,102166,17,9,674612,385,13,6,550058,VID,적립혜택,겨울,B,v1,False,False,5.383963353757557,7858.923076318544,0.01744749596122708,0.030092592592522935,236.49537036982292,4126.25201938594
2025-02-28,meta,외부,META_CMP_03_재구매,재구매,윈백,CRS_신상품_겨울_v1,15366,390,68453,15,9,732403,364,11,7,538419,CRS,신상품,겨울,N,v1,False,False,7.865528172614671,6222.9999994342725,0.025380710659896825,0.028205128205055885,175.52051282006278,4454.835350774147
2025-02-28,naver,자체,NVR_CMP_01_브랜드KW,브랜드KW,논타겟,TXT_플러스멤버십_겨울_A_v1,11387,1241,99952,210,79,4807766,1063,191,61,3800060,TXT,플러스멤버십,겨울,A,v1,False,False,38.01884904754244,523.3089005208204,0.1089839290418803,0.1539081385977809,80.54149879123244,8777.728989197436
2025-02-28,naver,자체,NVR_CMP_02_일반KW,일반KW,논타겟,TXT_할인쿠폰_겨울_A_v1,13711,1405,127675,155,53,3994038,1224,133,37,3536859,TXT,할인쿠폰,겨울,A,v1,False,False,27.70204816917934,959.9624060078199,0.10247246736196466,0.09466192170811769,90.87188612093176,9311.866384653978
2025-02-28,naver,자체,NVR_CMP_02_일반KW,일반KW,논타겟,TXT_플러스멤버십_겨울_B_v1,9026,691,58825,95,31,2247332,638,66,27,1807702,TXT,플러스멤버십,겨울,B,v1,False,False,30.73016574585583,891.2878787743743,0.07655661422556209,0.09551374819088927,85.13024602013729,6517.283403500275
2025-02-28,naver,자체,NVR_CMP_03_재구매,재구매,VIP,IMG_배송혜택_겨울_A_v1,6672,321,58504,24,13,979806,274,22,9,906551,IMG,배송혜택,겨울,A,v1,False,False,15.495538766579799,2659.272727151851,0.04811151079135969,0.06853582554495784,182.25545171282786,8768.585131893171
2025-02-28,naver,자체,NVR_CMP_03_재구매,재구매,VIP,VID_적립혜택_겨울_B_v1,4202,270,27527,24,18,1324607,252,20,12,974725,VID,적립혜택,겨울,B,v1,False,False,35.40977948922747,1376.3499999311825,0.06425511661112225,0.07407407407379973,101.95185185147426,6550.928129460601
2025-02-28,naver,자체,NVR_CMP_03_재구매,재구매,VIP,CRS_신상품_겨울_v1,6236,311,46032,24,12,951931,271,17,9,879869,CRS,신상품,겨울,N,v1,False,False,19.114290059088916,2707.7647057230724,0.049871712636297326,0.054662379421046105,148.01286173585848,7381.654906990477
2025-02-28,naver,자체,NVR_CMP_03_재구매,재구매,윈백,IMG_배송혜택_겨울_A_v1,10601,493,92710,40,33,2881186,437,29,24,2377339,IMG,배송혜택,겨울,A,v1,False,False,25.642746197820884,3196.8965516139,0.04650504669370375,0.05882352941164539,188.05273833633257,8745.401377227738
2025-02-28,naver,자체,NVR_CMP_03_재구매,재구매,윈백,VID_적립혜택_겨울_B_v1,7911,547,66058,50,24,1941239,501,39,17,1701571,VID,적립혜택,겨울,B,v1,False,False,25.758742317357083,1693.7948717514414,0.06914422955377712,0.07129798903094826,120.7641681899072,8350.145367209157
2025-02-28,naver,자체,NVR_CMP_03_재구매,재구매,윈백,CRS_신상품_겨울_v1,10240,628,77221,58,39,3842237,584,51,28,3300454,CRS,신상품,겨울,N,v1,False,False,42.74036855259524,1514.137254872272,0.06132812499999401,0.08121019108267323,122.96337579598254,7541.113281249263
2025-03-01,google,외부,GGL_CMP_01_플러스가입,플러스가입,논타겟,VID_플러스멤버십_신학기_A_v1,53113,1570,254420,180,40,2205242,1492,139,28,1765442,VID,플러스멤버십,신학기,A,v1,False,False,6.939084977596074,1830.359712217048,0.029559618172574898,0.08853503184707737,162.05095541390952,4790.164366539176
2025-03-01,google,외부,GGL_CMP_01_플러스가입,플러스가입,논타겟,IMG_플러스멤버십_신학기_B_v1,65788,1669,337593,235,54,3510585,1503,172,46,3170728,IMG,플러스멤버십,신학기,B,v1,False,False,9.39216156733105,1962.7499999885888,0.025369368273848947,0.10305572198915336,202.27261833421073,5131.528546239357
2025-03-01,google,외부,GGL_CMP_01_플러스가입,플러스가입,논타겟,CRS_플러스멤버십_신학기_v1,51899,1529,275917,157,36,2358928,1373,118,31,2044184,CRS,플러스멤버십,신학기,N,v1,False,False,7.408691744256398,2338.2796609971333,0.02946106861403824,0.07717462393716339,180.45585349890095,5316.42228173943
2025-03-01,google,외부,GGL_CMP_01_플러스가입,플러스가입,논타겟,IMG_적립혜택_신학기_v2,41020,1383,250649,205,69,3783248,1304,173,52,3169796,IMG,적립혜택,신학기,N,v2,False,False,12.646354064847605,1448.8381502806426,0.03371526084836583,0.12509038322478302,181.23571945033896,6110.409556313844
2025-03-01,google,외부,GGL_CMP_01_플러스가입,플러스가입,유사타겟,VID_플러스멤버십_신학기_A_v1,57711,1777,305695,240,79,4728634,1715,207,56,3605749,VID,플러스멤버십,신학기,A,v1,False,False,11.795250167650725,1476.7874396063924,0.030791356933686287,0.11648846370280445,172.02870005617783,5296.99710627081
2025-03-01,google,외부,GGL_CMP_01_플러스가입,플러스가입,유사타겟,IMG_플러스멤버십_신학기_B_v1,64271,2037,337691,298,63,2950894,1857,218,49,2524256,IMG,플러스멤버십,신학기,B,v1,False,False,7.4750467143038835,1549.0412843965642,0.03169392105304054,0.1070201276386318,165.77859597439087,5254.173733098828
2025-03-01,google,외부,GGL_CMP_01_플러스가입,플러스가입,유사타겟,CRS_플러스멤버십_신학기_v1,64989,2270,392461,273,61,3139363,2206,208,48,2590113,CRS,플러스멤버십,신학기,N,v1,False,False,6.599669776105125,1886.8317307601596,0.03492898798258113,0.09162995594709619,172.8903083699679,6038.883503362014
2025-03-01,google,외부,GGL_CMP_01_플러스가입,플러스가입,유사타겟,IMG_적립혜택_신학기_v2,49371,1495,220071,204,51,2999105,1328,163,41,2547263,IMG,적립혜택,신학기,N,v2,False,False,11.574732699901343,1350.1288343475453,0.030280934151626863,0.10903010033437523,147.20468227414904,4457.495290757643
2025-03-01,google,외부,GGL_CMP_02_리타겟팅,리타겟팅,리마케팅,VID_할인쿠폰_신학기_A_v1,35616,1440,218402,116,39,2638826,1350,93,27,2396995,VID,할인쿠폰,신학기,A,v1,False,False,10.975151326453005,2348.408602125286,0.04043126684636005,0.06458333333328849,151.66805555545022,6132.131626235228
2025-03-01,google,외부,GGL_CMP_02_리타겟팅,리타겟팅,리마케팅,IMG_할인쿠폰_신학기_B_v1,31220,893,169093,69,22,1455873,814,54,17,1098994,IMG,할인쿠폰,신학기,B,v1,False,False,6.499346513457054,3131.351851793864,0.028603459320947194,0.0604703247479726,189.35386338164687,5416.175528507193
2025-03-01,google,외부,GGL_CMP_02_리타겟팅,리타겟팅,리마케팅,CRS_특가_신학기_v1,37064,911,170862,100,42,2404679,839,85,33,1802035,CRS,특가,신학기,N,v1,False,False,10.546727768608523,2010.1411764469394,0.024579106410532472,0.09330406147080866,187.55433589441543,4609.917979710646
2025-03-01,google,외부,GGL_CMP_03_첫구매,첫구매,논타겟,VID_적립혜택_신학기_A_v1,58737,1533,273668,177,88,5319293,1342,153,74,4323651,VID,적립혜택,신학기,A,v1,False,False,15.798891357411113,1788.679738550401,0.026099392205934487,0.09980430528369223,178.5179386822058,4659.209697464892
2025-03-01,google,외부,GGL_CMP_03_첫구매,첫구매,논타겟,IMG_적립혜택_신학기_B_v1,41784,1133,260913,117,59,3985051,1020,99,44,3208549,IMG,적립혜택,신학기,B,v1,False,False,12.297390317845366,2635.484848458227,0.027115642351138544,0.08737864077662191,230.28508384798738,6244.327972429489
2025-03-01,google,외부,GGL_CMP_03_첫구매,첫구매,논타겟,CRS_할인쿠폰_신학기_v1,64468,1313,299102,92,45,3349457,1216,82,30,2689736,CRS,할인쿠폰,신학기,N,v1,False,False,8.992704829790476,3647.5853658091755,0.020366693553390516,0.06245239908601489,227.80045696860032,4639.542098405339
2025-03-01,google,외부,GGL_CMP_03_첫구매,첫구매,유사타겟,VID_적립혜택_신학기_A_v1,53810,1349,315481,157,46,3119786,1269,123,34,2547725,VID,적립혜택,신학기,A,v1,False,False,8.075684431075063,2564.886178840936,0.025069689648763705,0.09117865085241574,233.86286137862575,5862.869355138342
2025-03-01,google,외부,GGL_CMP_03_첫구매,첫구매,유사타겟,IMG_적립혜택_신학기_B_v1,55288,1341,325034,114,54,2979824,1197,94,37,2743660,IMG,적립혜택,신학기,B,v1,False,False,8.441147695318003,3457.8085106015124,0.02425481117059716,0.07009694258011179,242.38180462323461,5878.924902329514
2025-03-01,google,외부,GGL_CMP_03_첫구매,첫구매,유사타겟,CRS_할인쿠폰_신학기_v1,39417,896,240498,57,20,1402641,827,43,16,1234180,CRS,할인쿠폰,신학기,N,v1,False,False,5.131768247552973,5592.976744055978,0.02273130882614043,0.04799107142851787,268.4129464282719,6101.377578202144
2025-03-01,meta,외부,META_CMP_01_신규유저,신규유저,논타겟,VID_플러스멤버십_신학기_A_v1,29483,399,112544,24,5,258310,382,20,3,223176,VID,플러스멤버십,신학기,A,v1,False,False,1.983011088996286,5627.19999971864,0.013533222535019722,0.050125313283082396,282.0651629065612,3817.2506190006507
2025-03-01,meta,외부,META_CMP_01_신규유저,신규유저,논타겟,IMG_적립혜택_신학기_B_v1,40165,494,138031,35,9,382760,466,31,7,315264,IMG,적립혜택,신학기,B,v1,False,False,2.284008664720228,4452.612903082174,0.012299265529689723,0.06275303643711994,279.4149797565194,3436.5990290052678
2025-03-01,meta,외부,META_CMP_01_신규유저,신규유저,논타겟,CRS_플러스멤버십_신학기_v1,32677,394,123576,28,4,146870,349,23,3,126031,CRS,플러스멤버십,신학기,N,v1,False,False,1.0198663170842153,5372.869564983788,0.012057410410992071,0.05837563451761834,313.6446700499654,3781.742510022224
2025-03-01,meta,외부,META_CMP_02_룩얼라이크,룩얼라이크,유사타겟,VID_플러스멤버십_신학기_A_v1,45792,600,177829,57,11,663128,521,46,9,596268,VID,플러스멤버십,신학기,A,v1,False,False,3.3530414049451815,3865.8478260029165,0.013102725366876025,0.07666666666653889,296.3816666661727,3883.4075821103274
2025-03-01,meta,외부,META_CMP_02_룩얼라이크,룩얼라이크,유사타겟,IMG_할인쿠폰_신학기_B_v1,49435,838,211305,46,14,831993,777,34,9,765851,IMG,할인쿠폰,신학기,B,v1,False,False,3.624386550247256,6214.852940993682,0.016951552543743968,0.04057279236272008,252.15393794719313,4274.400728228901
2025-03-01,meta,외부,META_CMP_02_룩얼라이크,룩얼라이크,유사타겟,CRS_특가_신학기_v1,45746,703,222515,68,14,625340,611,48,10,460052,CRS,특가,신학기,N,v1,False,False,2.067510055501867,4635.72916657009,0.015367463821973171,0.06827880512081326,316.5220483637034,4864.141127092974
2025-03-01,meta,외부,META_CMP_03_재구매,재구매,VIP,IMG_배송혜택_신학기_A_v1,8703,200,43635,8,4,339782,172,7,3,250339,IMG,배송혜택,신학기,A,v1,False,False,5.737114701500958,6233.5714276809185,0.022980581408707,0.034999999999825004,218.17499999890913,5013.788348844649
2025-03-01,meta,외부,META_CMP_03_재구매,재구매,VIP,VID_적립혜택_신학기_B_v1,13848,246,62859,10,4,242360,213,8,3,190248,VID,적립혜택,신학기,B,v1,False,False,3.0265833054931988,7857.3749990178285,0.017764298093586237,0.032520325203119836,255.52439024286375,4539.211438474542
2025-03-01,meta,외부,META_CMP_03_재구매,재구매,VIP,CRS_신상품_신학기_v1,14276,237,51214,16,8,431238,231,13,6,318484,CRS,신상품,신학기,N,v1,False,False,6.218690201897798,3939.53846123542,0.016601288876434812,0.05485232067487404,216.09282700330763,3587.4194452224997
2025-03-01,meta,외부,META_CMP_03_재구매,재구매,윈백,IMG_배송혜택_신학기_A_v1,14868,271,63285,18,7,408475,247,15,5,346219,IMG,배송혜택,신학기,A,v1,False,False,5.470790866713985,4218.999999718733,0.018227064837233103,0.05535055350533081,233.5239852389907,4256.456820015856
2025-03-01,meta,외부,META_CMP_03_재구매,재구매,윈백,VID_적립혜택_신학기_B_v1,25236,582,106418,32,14,954302,540,24,11,703067,VID,적립혜택,신학기,B,v1,False,False,6.60665488921041,4434.08333314858,0.023062291963860237,0.041237113401991,182.84879725054495,4216.912347439998
2025-03-01,meta,외부,META_CMP_03_재구매,재구매,윈백,CRS_신상품_신학기_v1,24624,575,108164,24,15,867945,531,18,11,652579,CRS,신상품,신학기,N,v1,False,False,6.0332365666949626,6009.111110777271,0.023351202079271306,0.031304347826032516,188.11130434749893,4392.625081221394
2025-03-01,naver,자체,NVR_CMP_01_브랜드KW,브랜드KW,논타겟,TXT_플러스멤버십_신학기_A_v1,7669,1269,50950,256,168,10413783,1087,212,130,8945406,TXT,플러스멤버십,신학기,A,v1,False,False,175.5722473012723,240.33018867811165,0.16547137827615524,0.16706067769884392,40.14972419224574,6643.630199503632
2025-03-01,naver,자체,NVR_CMP_02_일반KW,일반KW,논타겟,TXT_할인쿠폰_신학기_A_v1,11022,842,79474,119,36,2146263,798,96,26,1579136,TXT,할인쿠폰,신학기,A,v1,False,False,19.86984422578428,827.8541666580431,0.07639266920703353,0.11401425178133728,94.38717339656249,7210.488114679077
2025-03-01,naver,자체,NVR_CMP_02_일반KW,일반KW,논타겟,TXT_플러스멤버십_신학기_B_v1,9253,688,73626,127,61,3907835,633,108,45,3245064,TXT,플러스멤버십,신학기,B,v1,False,False,44.07497351479037,681.7222222159099,0.07435426348210587,0.15697674418581836,107.01453488356539,7956.986923159196
2025-03-01,naver,자체,NVR_CMP_03_재구매,재구매,VIP,IMG_배송혜택_신학기_A_v1,6307,352,52565,33,29,2766257,344,23,20,2567047,IMG,배송혜택,신학기,A,v1,False,False,48.83567012270429,2285.434782509329,0.05581100364673286,0.06534090909072346,149.33238636321212,8334.39035991623
2025-03-01,naver,자체,NVR_CMP_03_재구매,재구매,VIP,VID_적립혜택_신학기_B_v1,5672,300,44494,36,31,2432761,269,29,27,2186723,VID,적립혜택,신학기,B,v1,False,False,49.146469186855555,1534.2758620160594,0.052891396332853856,0.09666666666634445,148.31333333283897,7844.499294779998
2025-03-01,naver,자체,NVR_CMP_03_재구매,재구매,VIP,CRS_신상품_신학기_v1,4103,259,27394,19,12,1229307,232,14,8,1110718,CRS,신상품,신학기,N,v1,False,False,40.54603197780388,1956.7142855745203,0.06312454301728902,0.054054054053845356,105.7683397679314,6676.578113573804
2025-03-01,naver,자체,NVR_CMP_03_재구매,재구매,윈백,IMG_배송혜택_신학기_A_v1,8318,534,55445,62,47,3823512,512,43,40,3161819,IMG,배송혜택,신학기,A,v1,False,False,57.026224186129376,1289.4186046211764,0.06419812454916275,0.0805243445691376,103.82958801478684,6665.664823274024
2025-03-01,naver,자체,NVR_CMP_03_재구매,재구매,윈백,VID_적립혜택_신학기_B_v1,10744,598,74951,41,32,2840206,571,36,21,2425581,VID,적립혜택,신학기,B,v1,False,False,32.3622233192348,2081.9722221643897,0.05565897244973421,0.0602006688962204,125.3361204011282,6976.079672374629
2025-03-01,naver,자체,NVR_CMP_03_재구매,재구매,윈백,CRS_신상품_신학기_v1,10020,554,83351,58,52,5425814,478,42,36,4444065,CRS,신상품,신학기,N,v1,False,False,53.317476694940034,1984.547619000368,0.05528942115767911,0.0758122743680942,150.45306859178618,8318.463073851464
2025-03-02,google,외부,GGL_CMP_01_플러스가입,플러스가입,논타겟,VID_플러스멤버십_신학기_A_v1,41306,1136,191862,121,38,1840597,999,99,27,1540163,VID,플러스멤버십,신학기,A,v1,False,False,8.027452022808019,1937.9999999804243,0.02750205781242368,0.08714788732386695,168.89260563365414,4644.8942042317185
2025-03-02,google,외부,GGL_CMP_01_플러스가입,플러스가입,논타겟,IMG_플러스멤버십_신학기_B_v1,44877,1260,243965,179,49,2638291,1170,148,33,2050778,IMG,플러스멤버십,신학기,B,v1,False,False,8.406033652368134,1648.4121621510244,0.028076743097800033,0.11746031746022424,193.6230158728622,5436.303674487925
2025-03-02,google,외부,GGL_CMP_01_플러스가입,플러스가입,논타겟,CRS_플러스멤버십_신학기_v1,37300,1180,186110,146,30,1627746,1122,124,26,1290600,CRS,플러스멤버십,신학기,N,v1,False,False,6.934608564827216,1500.8870967620896,0.031635388739945536,0.1050847457626228,157.72033898291718,4989.544235924799
2025-03-02,google,외부,GGL_CMP_01_플러스가입,플러스가입,논타겟,IMG_적립혜택_신학기_v2,37012,1233,225902,117,40,2798046,1196,86,32,2362474,IMG,적립혜택,신학기,N,v2,False,False,10.457959646218226,2626.767441829921,0.03331351993947819,0.06974858069742924,183.21330089198443,6103.47995244769
2025-03-02,google,외부,GGL_CMP_01_플러스가입,플러스가입,유사타겟,VID_플러스멤버십_신학기_A_v1,64665,1252,416757,127,37,2580388,1122,102,33,2182355,VID,플러스멤버십,신학기,A,v1,False,False,5.236516723174403,4085.852941136413,0.01936132374545706,0.08146964856223525,332.8730031946223,6444.8619809787915
2025-03-02,google,외부,GGL_CMP_01_플러스가입,플러스가입,유사타겟,IMG_플러스멤버십_신학기_B_v1,50459,1171,236187,140,45,2009365,1041,117,39,1747307,IMG,플러스멤버십,신학기,B,v1,False,False,7.397981260611265,2018.6923076750538,0.023206960106224396,0.09991460290341596,201.6968403072573,4680.770526566031
2025-03-02,google,외부,GGL_CMP_01_플러스가입,플러스가입,유사타겟,CRS_플러스멤버십_신학기_v1,46285,1121,266101,160,33,2143617,1063,115,27,1673010,CRS,플러스멤버십,신학기,N,v1,False,False,6.287124061916317,2313.921739110314,0.0242195095603322,0.10258697591427067,237.3782337196812,5749.184400993719
2025-03-02,google,외부,GGL_CMP_01_플러스가입,플러스가입,유사타겟,IMG_적립혜택_신학기_v2,53284,1728,268191,248,52,2340070,1487,201,41,1984732,IMG,적립혜택,신학기,N,v2,False,False,7.400442222147621,1334.283582082914,0.03242999774791622,0.11631944444437713,155.2031249999102,5033.236994219559
2025-03-02,google,외부,GGL_CMP_02_리타겟팅,리타겟팅,리마케팅,VID_할인쿠폰_신학기_A_v1,22075,643,113853,89,41,2604940,548,81,32,2195673,VID,할인쿠폰,신학기,A,v1,False,False,19.28515717635882,1405.5925925752395,0.02912797281993073,0.1259720062206439,177.06531881776507,5157.553793884251
2025-03-02,google,외부,GGL_CMP_02_리타겟팅,리타겟팅,리마케팅,IMG_할인쿠폰_신학기_B_v1,23798,655,116330,77,39,2486832,578,69,28,2166787,IMG,할인쿠폰,신학기,B,v1,False,False,18.626209920054855,1685.9420289610732,0.027523321287501994,0.10534351145022085,177.60305343484336,4888.225901336042
2025-03-02,google,외부,GGL_CMP_02_리타겟팅,리타겟팅,리마케팅,CRS_특가_신학기_v1,32724,811,202611,90,51,3527240,772,74,38,3108601,CRS,특가,신학기,N,v1,False,False,15.342705973515677,2737.9864864494866,0.024783033858940692,0.09124537607880241,249.8286066581383,6191.5108177482525
2025-03-02,google,외부,GGL_CMP_03_첫구매,첫구매,논타겟,VID_적립혜택_신학기_A_v1,52946,1147,300045,117,54,3598180,1039,98,44,2862172,VID,적립혜택,신학기,A,v1,False,False,9.539142461964007,3061.683673438146,0.021663581762550115,0.08544027898859159,261.59110723604044,5667.0003399689185
2025-03-02,google,외부,GGL_CMP_03_첫구매,첫구매,논타겟,IMG_적립혜택_신학기_B_v1,40834,1086,228470,69,19,947458,969,55,13,832617,IMG,적립혜택,신학기,B,v1,False,False,3.6443165404648155,4153.999999924473,0.026595484155360078,0.05064456721910622,210.37753222816724,5595.092325023129
2025-03-02,google,외부,GGL_CMP_03_첫구매,첫구매,논타겟,CRS_할인쿠폰_신학기_v1,47579,1470,218035,117,44,2253693,1292,98,30,1900824,CRS,할인쿠폰,신학기,N,v1,False,False,8.717976471667352,2224.8469387528075,0.030895983522141474,0.06666666666662131,148.3231292515998,4582.588957313004
2025-03-02,google,외부,GGL_CMP_03_첫구매,첫구매,유사타겟,VID_적립혜택_신학기_A_v1,53166,1042,259657,66,22,1383515,939,55,18,1242762,VID,적립혜택,신학기,A,v1,False,False,4.786167906122289,4721.036363550527,0.019598991836887868,0.05278310940493975,249.1909788865171,4883.8919610276325
2025-03-02,google,외부,GGL_CMP_03_첫구매,첫구매,유사타겟,IMG_적립혜택_신학기_B_v1,45243,996,276096,89,43,2501483,960,62,31,1897822,IMG,적립혜택,신학기,B,v1,False,False,6.87377578813164,4453.161290250756,0.022014455274848663,0.06224899598387324,277.2048192768301,6102.51309594841
2025-03-02,google,외부,GGL_CMP_03_첫구매,첫구매,유사타겟,CRS_할인쿠폰_신학기_v1,59109,1833,282721,145,39,1925245,1577,124,29,1677332,CRS,할인쿠폰,신학기,N,v1,False,False,5.932817158965886,2280.008064497742,0.031010506014312017,0.06764866339330734,154.23949809047778,4783.044883181838
2025-03-02,meta,외부,META_CMP_01_신규유저,신규유저,논타겟,VID_플러스멤버십_신학기_A_v1,35642,730,143608,39,8,349355,647,35,7,279720,VID,플러스멤버십,신학기,A,v1,False,False,1.9478023508439508,4103.085714168484,0.020481454463834228,0.047945205479386376,196.7232876709634,4029.179058414118
2025-03-02,meta,외부,META_CMP_01_신규유저,신규유저,논타겟,IMG_적립혜택_신학기_B_v1,47268,794,188903,44,7,327527,699,38,5,245751,IMG,적립혜택,신학기,B,v1,False,False,1.3009375181971632,4971.131578816549,0.016797833629516444,0.04785894206543091,237.91309823647617,3996.424642464162
2025-03-02,meta,외부,META_CMP_01_신규유저,신규유저,논타겟,CRS_플러스멤버십_신학기_v1,46340,829,178366,46,8,306900,773,41,5,245901,CRS,플러스멤버십,신학기,N,v1,False,False,1.3786315777670555,4350.3902437963325,0.017889512300388048,0.04945717732201513,215.15802171264758,3849.0720759602104
2025-03-02,meta,외부,META_CMP_02_룩얼라이크,룩얼라이크,유사타겟,VID_플러스멤버십_신학기_A_v1,28651,367,136129,30,7,420809,344,24,5,311749,VID,플러스멤버십,신학기,A,v1,False,False,2.290099831777195,5672.041666430331,0.012809326027014317,0.06539509536766923,370.9237057210602,4751.2826777423215
2025-03-02,meta,외부,META_CMP_02_룩얼라이크,룩얼라이크,유사타겟,IMG_할인쿠폰_신학기_B_v1,34543,493,124121,29,6,289047,453,25,5,229916,IMG,할인쿠폰,신학기,B,v1,False,False,1.8523537515811035,4964.8399998014065,0.014272066699475604,0.050709939147970166,251.76673427940818,3593.2316243521527
2025-03-02,meta,외부,META_CMP_02_룩얼라이크,룩얼라이크,유사타겟,CRS_특가_신학기_v1,33249,482,134402,39,9,559551,410,29,6,444585,CRS,특가,신학기,N,v1,False,False,3.3078748828142195,4634.551723978119,0.014496676591776761,0.06016597510360962,278.84232365087377,4042.2869860746478
2025-03-02,meta,외부,META_CMP_03_재구매,재구매,VIP,IMG_배송혜택_신학기_A_v1,8502,164,40550,9,4,255638,156,7,2,192177,IMG,배송혜택,신학기,A,v1,False,False,4.73926017262627,5792.857142029592,0.019289578922604175,0.04268292682900803,247.25609755946797,4769.4660079975565
2025-03-02,meta,외부,META_CMP_03_재구매,재구매,VIP,VID_적립혜택_신학기_B_v1,11231,289,38656,16,8,486970,268,12,6,412355,VID,적립혜택,신학기,B,v1,False,False,10.667296150661977,3221.333333064889,0.025732347965450472,0.0415224913493373,133.7577854666652,3441.9018787282125
2025-03-02,meta,외부,META_CMP_03_재구매,재구매,VIP,CRS_신상품_신학기_v1,8283,210,30389,12,5,285507,182,10,3,248610,CRS,신상품,신학기,N,v1,False,False,8.180920727894692,3038.89999969611,0.025353132922850977,0.04761904761882087,144.70952380883472,3668.839792345325
2025-03-02,meta,외부,META_CMP_03_재구매,재구매,윈백,IMG_배송혜택_신학기_A_v1,17097,398,72213,20,12,769750,375,16,9,699463,IMG,배송혜택,신학기,A,v1,False,False,9.686109149322009,4513.312499717918,0.023278937825348116,0.04020100502502462,181.43969849200644,4223.723460255938
2025-03-02,meta,외부,META_CMP_03_재구매,재구매,윈백,VID_적립혜택_신학기_B_v1,16461,335,76869,21,13,758597,294,19,10,620859,VID,적립혜택,신학기,B,v1,False,False,8.076845022050396,4045.7368418923297,0.02035113298098412,0.05671641791027846,229.45970149185237,4669.7648988515475
2025-03-02,meta,외부,META_CMP_03_재구매,재구매,윈백,CRS_신상품_신학기_v1,24602,587,85782,29,12,941035,562,23,10,700917,CRS,신상품,신학기,N,v1,False,False,8.170909981114823,3729.6521737508847,0.023859848792780105,0.03918228279380037,146.13628620077318,3486.7896918948263
2025-03-02,naver,자체,NVR_CMP_01_브랜드KW,브랜드KW,논타겟,TXT_플러스멤버십_신학기_A_v1,7403,1153,52018,295,193,16584854,1080,269,149,13406387,TXT,플러스멤버십,신학기,A,v1,False,False,257.72592179629635,193.375464683296,0.15574766986354777,0.23330442324350972,45.11535125754977,7026.610833444951
2025-03-02,naver,자체,NVR_CMP_02_일반KW,일반KW,논타겟,TXT_할인쿠폰_신학기_A_v1,11302,672,78727,103,49,3065479,582,89,35,2262855,TXT,할인쿠폰,신학기,A,v1,False,False,28.74306146557053,884.5730336979261,0.059458502919831936,0.1324404761902791,117.15327380934947,6965.7582728714415
2025-03-02,naver,자체,NVR_CMP_02_일반KW,일반KW,논타겟,TXT_플러스멤버십_신학기_B_v1,13232,956,107865,140,40,2878487,820,102,27,2141347,TXT,플러스멤버십,신학기,B,v1,False,False,19.85210216474278,1057.4999999896322,0.07224909310761243,0.10669456066934446,112.82949790783177,8151.828899636626
2025-03-02,naver,자체,NVR_CMP_03_재구매,재구매,VIP,IMG_배송혜택_신학기_A_v1,4997,300,46810,20,15,1352663,271,15,10,1030281,IMG,배송혜택,신학기,A,v1,False,False,22.009848323007436,3120.6666664586223,0.06003602161295576,0.04999999999983334,156.0333333328132,9367.620572341531
2025-03-02,naver,자체,NVR_CMP_03_재구매,재구매,VIP,VID_적립혜택_신학기_B_v1,5020,300,41538,21,11,1154704,275,16,8,931797,VID,적립혜택,신학기,B,v1,False,False,22.432399248880003,2596.124999837742,0.05976095617528689,0.053333333333155555,138.45999999953847,8274.501992030224
2025-03-02,naver,자체,NVR_CMP_03_재구매,재구매,VIP,CRS_신상품_신학기_v1,6312,277,46175,21,13,914891,236,18,10,723401,CRS,신상품,신학기,N,v1,False,False,15.666507850568152,2565.2777776352623,0.043884664131805466,0.06498194945824917,166.6967509019253,7315.43092522064
2025-03-02,naver,자체,NVR_CMP_03_재구매,재구매,윈백,IMG_배송혜택_신학기_A_v1,10504,640,85305,76,41,3279949,602,56,30,2598906,IMG,배송혜택,신학기,A,v1,False,False,30.466045366625277,1523.3035714013697,0.06092916984005513,0.08749999999986328,133.28906249979173,8121.191926884222
2025-03-02,naver,자체,NVR_CMP_03_재구매,재구매,윈백,VID_적립혜택_신학기_B_v1,9240,541,70375,55,29,2616311,527,47,20,2245876,VID,적립혜택,신학기,B,v1,False,False,31.91298046181127,1497.3404255000567,0.05854978354977721,0.0868761552678616,130.0831792973566,7616.341991341167
2025-03-02,naver,자체,NVR_CMP_03_재구매,재구매,윈백,CRS_신상품_신학기_v1,6927,449,53482,44,37,3116580,393,35,25,2308313,CRS,신상품,신학기,N,v1,False,False,43.16055869264345,1528.0571428134842,0.0648188248881096,0.07795100222699788,119.11358574583717,7720.802656271441
2025-03-03,google,외부,GGL_CMP_01_플러스가입,플러스가입,논타겟,VID_플러스멤버십_신학기_A_v1,59460,1998,368174,276,59,3290381,1774,219,51,2974942,VID,플러스멤버십,신학기,A,v1,False,False,8.080260963566118,1681.1598173439218,0.033602421796164926,0.10960960960955475,184.27127127117905,6191.960982172785
2025-03-03,google,외부,GGL_CMP_01_플러스가입,플러스가입,논타겟,IMG_플러스멤버십_신학기_B_v1,84074,2130,518910,247,86,4531157,1906,225,75,3727746,IMG,플러스멤버십,신학기,B,v1,False,False,7.183800659073814,2306.266666656417,0.025334824083545145,0.10563380281685182,243.61971830974477,6172.062706663103
2025-03-03,google,외부,GGL_CMP_01_플러스가입,플러스가입,논타겟,CRS_플러스멤버십_신학기_v1,82544,2505,420218,337,97,6875288,2213,268,72,5565069,CRS,플러스멤버십,신학기,N,v1,False,False,13.243290387370333,1567.9776119344479,0.030347451056405912,0.10698602794406907,167.75169660671946,5090.8364024035045
2025-03-03,google,외부,GGL_CMP_01_플러스가입,플러스가입,논타겟,IMG_적립혜택_신학기_v2,54918,1794,311443,236,76,3389311,1619,172,51,2734455,IMG,적립혜택,신학기,N,v2,False,False,8.779953314089548,1810.7151162685425,0.03266688517425921,0.09587513935334678,173.60256410246734,5671.055027495436
2025-03-03,google,외부,GGL_CMP_01_플러스가입,플러스가입,유사타겟,VID_플러스멤버십_신학기_A_v1,53471,1529,273738,182,44,2068927,1462,129,34,1544533,VID,플러스멤버십,신학기,A,v1,False,False,5.642377017440014,2121.9999999835504,0.028594939312898048,0.08436886854147524,179.03073904501045,5119.373118138709
2025-03-03,google,외부,GGL_CMP_01_플러스가입,플러스가입,유사타겟,IMG_플러스멤버십_신학기_B_v1,66576,1740,365024,215,48,2533841,1483,171,40,1961330,IMG,플러스멤버십,신학기,B,v1,False,False,5.373153546068189,2134.643274841318,0.02613554434030242,0.09827586206890904,209.78390804585644,5482.816630617557
2025-03-03,google,외부,GGL_CMP_01_플러스가입,플러스가입,유사타겟,CRS_플러스멤버십_신학기_v1,84315,2828,384518,345,82,5566865,2645,309,59,4928672,CRS,플러스멤버십,신학기,N,v1,False,False,12.817792665102772,1244.3948220024454,0.033540888335408484,0.10926449787832063,135.96817538891938,4560.493387890593
2025-03-03,google,외부,GGL_CMP_01_플러스가입,플러스가입,유사타겟,IMG_적립혜택_신학기_v2,60199,1648,337730,234,79,4995087,1557,164,69,4616548,IMG,적립혜택,신학기,N,v2,False,False,13.669345335030902,2059.329268280126,0.027375870031063187,0.09951456310673573,204.93325242706013,5610.226083489666
2025-03-03,google,외부,GGL_CMP_02_리타겟팅,리타겟팅,리마케팅,VID_할인쿠폰_신학기_A_v1,46770,1601,296049,159,87,4524951,1497,127,63,3875364,VID,할인쿠폰,신학기,A,v1,False,False,13.090278974088704,2331.0944881706214,0.03423134487919534,0.07932542161144326,184.9150530917021,6329.890955740724
2025-03-03,google,외부,GGL_CMP_02_리타겟팅,리타겟팅,리마케팅,IMG_할인쿠폰_신학기_B_v1,41985,1111,226556,132,75,5331653,965,99,58,4657405,IMG,할인쿠폰,신학기,B,v1,False,False,20.557411854022757,2288.4444444213286,0.026461831606525512,0.0891089108910089,203.92079207902438,5396.117661069302
2025-03-03,google,외부,GGL_CMP_02_리타겟팅,리타겟팅,리마케팅,CRS_특가_신학기_v1,32737,840,184907,101,40,2549544,757,79,33,1841963,CRS,특가,신학기,N,v1,False,False,9.961564462134966,2340.594936679233,0.02565904022970872,0.09404761904750708,220.1273809521189,5648.25732351756
2025-03-03,google,외부,GGL_CMP_03_첫구매,첫구매,논타겟,VID_적립혜택_신학기_A_v1,56256,1516,330559,164,74,5390334,1372,114,51,4037612,VID,적립혜택,신학기,A,v1,False,False,12.214497260700776,2899.6403508517574,0.026948236632536496,0.07519788918200844,218.04683377294324,5875.977673492502
2025-03-03,google,외부,GGL_CMP_03_첫구매,첫구매,논타겟,IMG_적립혜택_신학기_B_v1,80868,1599,502009,173,83,5825043,1466,140,61,4668286,IMG,적립혜택,신학기,B,v1,False,False,9.299207783127375,3585.778571402959,0.01977296334767745,0.0875547217010084,313.95184490286806,6207.758322204008
2025-03-03,google,외부,GGL_CMP_03_첫구매,첫구매,논타겟,CRS_할인쿠폰_신학기_v1,58566,1872,327671,138,61,3732681,1701,114,41,3306769,CRS,할인쿠폰,신학기,N,v1,False,False,10.091735307671383,2874.3070175186463,0.031963938121093605,0.06089743589740337,175.03792735033386,5594.901478673538
2025-03-03,google,외부,GGL_CMP_03_첫구매,첫구매,유사타겟,VID_적립혜택_신학기_A_v1,54988,1768,307304,150,66,4468441,1663,117,57,3817943,VID,적립혜택,신학기,A,v1,False,False,12.42399383021369,2626.5299145074655,0.032152469629736814,0.06617647058819787,173.81447963791075,5588.564777769593
2025-03-03,google,외부,GGL_CMP_03_첫구매,첫구매,유사타겟,IMG_적립혜택_신학기_B_v1,58569,1830,372466,201,83,4077525,1789,181,61,3548223,IMG,적립혜택,신학기,B,v1,False,False,9.526300387149405,2057.8232044085203,0.03124519797162268,0.09890710382508257,203.53333333322212,6359.43929382427
2025-03-03,google,외부,GGL_CMP_03_첫구매,첫구매,유사타겟,CRS_할인쿠폰_신학기_v1,50269,1533,237283,148,66,3381235,1415,110,45,2898217,CRS,할인쿠폰,신학기,N,v1,False,False,12.214178849727912,2157.1181817985716,0.03049593188645029,0.07175472928892906,154.7834311805905,4720.264974437432
2025-03-03,meta,외부,META_CMP_01_신규유저,신규유저,논타겟,VID_플러스멤버십_신학기_A_v1,64784,735,229459,46,9,425829,699,37,7,369952,VID,플러스멤버십,신학기,A,v1,False,False,1.6122793178737744,6201.594594426984,0.01134539392442561,0.05034013605435328,312.18911564583374,3541.9084959248653
2025-03-03,meta,외부,META_CMP_01_신규유저,신규유저,논타겟,IMG_적립혜택_신학기_B_v1,38640,767,143900,54,12,612569,724,38,8,449814,IMG,적립혜택,신학기,B,v1,False,False,3.1258790826962954,3786.8421051635046,0.01984989648033075,0.049543676662256134,187.6140808341752,3724.120082815639
2025-03-03,meta,외부,META_CMP_01_신규유저,신규유저,논타겟,CRS_플러스멤버십_신학기_v1,45628,638,158206,42,11,486534,599,37,7,415112,CRS,플러스멤버십,신학기,N,v1,False,False,2.623870143989466,4275.837837722275,0.013982642237222452,0.057993730407432616,247.97178683346712,3467.3007802225943
2025-03-03,meta,외부,META_CMP_02_룩얼라이크,룩얼라이크,유사타겟,VID_플러스멤버십_신학기_A_v1,39995,726,148980,49,10,505364,635,41,6,461729,VID,플러스멤버십,신학기,A,v1,False,False,3.099268358168861,3633.6585364967405,0.01815226903362875,0.056473829201024145,205.20661156996528,3724.965620702495
2025-03-03,meta,외부,META_CMP_02_룩얼라이크,룩얼라이크,유사타겟,IMG_할인쿠폰_신학기_B_v1,53014,849,203228,50,15,738289,750,36,13,537335,IMG,할인쿠폰,신학기,B,v1,False,False,2.6440008266577313,5645.222222065411,0.016014637642886482,0.04240282685507373,239.37338044730345,3833.477949220888
2025-03-03,meta,외부,META_CMP_02_룩얼라이크,룩얼라이크,유사타겟,CRS_특가_신학기_v1,64740,1368,288990,99,26,1431402,1277,73,21,1161648,CRS,특가,신학기,N,v1,False,False,4.019682341949535,3958.7671232334415,0.021130676552362972,0.0533625730993762,211.24999999984558,4463.855421686678
2025-03-03,meta,외부,META_CMP_03_재구매,재구매,VIP,IMG_배송혜택_신학기_A_v1,12033,284,48300,20,10,679524,244,16,8,544251,IMG,배송혜택,신학기,A,v1,False,False,11.2681366459625,3018.749999811328,0.02360176182165515,0.05633802816881572,170.07042253461245,4013.961605584308
2025-03-03,meta,외부,META_CMP_03_재구매,재구매,VIP,VID_적립혜택_신학기_B_v1,14391,384,60958,23,9,503699,369,19,7,397869,VID,적립혜택,신학기,B,v1,False,False,6.526936579283991,3208.3157893048256,0.026683343756512632,0.049479166666537816,158.74479166625326,4235.841845597649
2025-03-03,meta,외부,META_CMP_03_재구매,재구매,VIP,CRS_신상품_신학기_v1,20276,391,74586,20,10,735188,353,15,7,586400,CRS,신상품,신학기,N,v1,False,False,7.86206526694007,4972.399999668507,0.0192838824225676,0.038363171355400606,190.75703324759397,3678.5362004338294
2025-03-03,meta,외부,META_CMP_03_재구매,재구매,윈백,IMG_배송혜택_신학기_A_v1,24119,476,91067,29,16,1133895,422,22,13,838850,IMG,배송혜택,신학기,A,v1,False,False,9.21134988524922,4139.409090720936,0.019735478253658123,0.04621848739486089,191.3172268903544,3775.736970852698
2025-03-03,meta,외부,META_CMP_03_재구매,재구매,윈백,VID_적립혜택_신학기_B_v1,32635,855,128029,34,18,1293924,756,26,14,1095951,VID,적립혜택,신학기,B,v1,False,False,8.560177772223414,4924.192307502915,0.026198866247892562,0.030409356725110633,149.74152046766113,3923.058066492909
2025-03-03,meta,외부,META_CMP_03_재구매,재구매,윈백,CRS_신상품_신학기_v1,21651,602,100987,23,13,847816,524,20,9,744661,CRS,신상품,신학기,N,v1,False,False,7.373830294988391,5049.349999747533,0.027804720336241845,0.033222591362071056,167.7524916940735,4664.311117269195
2025-03-03,naver,자체,NVR_CMP_01_브랜드KW,브랜드KW,논타겟,TXT_플러스멤버십_신학기_A_v1,10777,1507,91298,308,119,7998020,1425,219,89,7227854,TXT,플러스멤버십,신학기,A,v1,False,False,79.16771451729414,416.8858447469549,0.13983483344157557,0.14532183145312189,60.582614465785944,8471.559803283986
2025-03-03,naver,자체,NVR_CMP_02_일반KW,일반KW,논타겟,TXT_할인쿠폰_신학기_A_v1,14527,1035,97923,136,61,3908915,905,122,48,3277639,TXT,할인쿠폰,신학기,A,v1,False,False,33.471595028746734,802.6475409770275,0.07124664417979822,0.11787439613515181,94.61159420280714,6740.758587457373
2025-03-03,naver,자체,NVR_CMP_02_일반KW,일반KW,논타겟,TXT_플러스멤버십_신학기_B_v1,15484,1544,140836,260,116,6558241,1486,230,103,5814570,TXT,플러스멤버십,신학기,B,v1,False,False,41.286105825214854,612.3304347799465,0.0997158357013627,0.1489637305698517,91.21502590667667,9095.582536811606
2025-03-03,naver,자체,NVR_CMP_03_재구매,재구매,VIP,IMG_배송혜택_신학기_A_v1,6625,485,62543,35,30,2735844,421,25,25,2344671,IMG,배송혜택,신학기,A,v1,False,False,37.488943606797925,2501.7199998999313,0.07320754716980027,0.05154639175247104,128.95463917499185,9440.452830187252
2025-03-03,naver,자체,NVR_CMP_03_재구매,재구매,VIP,VID_적립혜택_신학기_B_v1,8457,405,75240,28,18,1314715,348,24,15,1023529,VID,적립혜택,신학기,B,v1,False,False,13.603522062732408,3134.999999869375,0.04788932245476553,0.05925925925911294,185.77777777731907,8896.771904929776
2025-03-03,naver,자체,NVR_CMP_03_재구매,재구매,VIP,CRS_신상품_신학기_v1,5508,356,43868,42,37,3129381,333,37,30,2546932,CRS,신상품,신학기,N,v1,False,False,58.05899516731882,1185.621621589578,0.06463326071168035,0.10393258426937098,123.22471910077746,7964.415395786498
2025-03-03,naver,자체,NVR_CMP_03_재구매,재구매,윈백,IMG_배송혜택_신학기_A_v1,11045,745,100173,83,72,7920354,698,68,56,6328375,IMG,배송혜택,신학기,A,v1,False,False,63.174458187335276,1473.1323529195126,0.06745133544589701,0.09127516778511238,134.46040268438327,9069.5337256669
2025-03-03,naver,자체,NVR_CMP_03_재구매,재구매,윈백,VID_적립혜택_신학기_B_v1,12665,711,112339,64,43,3538307,660,54,32,3182656,VID,적립혜택,신학기,B,v1,False,False,28.330820106997315,2080.351851813327,0.05613896565337101,0.07594936708850078,158.00140646953867,8870.035530990219
2025-03-03,naver,자체,NVR_CMP_03_재구매,재구매,윈백,CRS_신상품_신학기_v1,9189,627,59282,64,41,3134371,600,48,29,2700691,CRS,신상품,신학기,N,v1,False,False,45.5566782497209,1235.0416666409367,0.06823375775382869,0.07655502392332288,94.54864433796723,6451.409293720051
2025-03-04,google,외부,GGL_CMP_01_플러스가입,플러스가입,논타겟,VID_플러스멤버십_신학기_A_v1,61010,1541,373182,193,66,3234872,1477,159,55,2494779,VID,플러스멤버십,신학기,A,v1,False,False,6.685153624772881,2347.0566037588237,0.02525815440091747,0.1031797534068117,242.16872160918743,6116.734961481624
2025-03-04,google,외부,GGL_CMP_01_플러스가입,플러스가입,논타겟,IMG_플러스멤버십_신학기_B_v1,59084,1150,262732,150,39,1976882,984,108,30,1689272,IMG,플러스멤버십,신학기,B,v1,False,False,6.429639328288879,2432.7037036811785,0.019463814230586633,0.0939130434781792,228.46260869545353,4446.75377428738
2025-03-04,google,외부,GGL_CMP_01_플러스가입,플러스가입,논타겟,CRS_플러스멤버십_신학기_v1,42271,1446,216565,194,39,1790262,1362,174,30,1300541,CRS,플러스멤버십,신학기,N,v1,False,False,6.005314801560705,1244.6264367744564,0.03420784935298351,0.12033195020738566,149.76832641760043,5123.252347945278
2025-03-04,google,외부,GGL_CMP_01_플러스가입,플러스가입,논타겟,IMG_적립혜택_신학기_v2,39578,1023,222949,135,40,2689165,990,112,34,2454906,IMG,적립혜택,신학기,N,v2,False,False,11.01106531090065,1990.616071410798,0.02584769316286761,0.10948191593342181,217.93646138786124,5633.154782960089
2025-03-04,google,외부,GGL_CMP_01_플러스가입,플러스가입,유사타겟,VID_플러스멤버십_신학기_A_v1,45209,1107,249405,146,36,2469486,1027,105,28,2022802,VID,플러스멤버십,신학기,A,v1,False,False,8.110511016218569,2375.2857142630924,0.024486274856775767,0.09485094850939942,225.2981029808263,5516.711274303668
2025-03-04,google,외부,GGL_CMP_01_플러스가입,플러스가입,유사타겟,IMG_플러스멤버십_신학기_B_v1,41512,971,204796,140,37,2048398,905,124,30,1578113,IMG,플러스멤버십,신학기,B,v1,False,False,7.705780386335634,1651.5806451479712,0.023390826748891324,0.12770339855805593,210.91246137980337,4933.416843322294
2025-03-04,google,외부,GGL_CMP_01_플러스가입,플러스가입,유사타겟,CRS_플러스멤버십_신학기_v1,43640,1471,200812,223,60,2868869,1376,176,42,2377930,CRS,플러스멤버십,신학기,N,v1,False,False,11.84157321275615,1140.9772727207899,0.033707607699357614,0.11964649898020419,136.51393609779979,4601.558203482938
2025-03-04,google,외부,GGL_CMP_01_플러스가입,플러스가입,유사타겟,IMG_적립혜택_신학기_v2,48742,1371,242760,197,66,4698129,1254,143,44,4182637,IMG,적립혜택,신학기,N,v2,False,False,17.229514747075232,1697.6223776105062,0.028127692749578843,0.10430342815455558,177.06783369790148,4980.5096220917285
2025-03-04,google,외부,GGL_CMP_02_리타겟팅,리타겟팅,리마케팅,VID_할인쿠폰_신학기_A_v1,36746,1467,214862,112,47,2132146,1304,96,40,1678259,VID,할인쿠폰,신학기,A,v1,False,False,7.810869302156697,2238.145833310019,0.039922712676208574,0.06543967280159138,146.4635310155784,5847.221466281885
2025-03-04,google,외부,GGL_CMP_02_리타겟팅,리타겟팅,리마케팅,IMG_할인쿠폰_신학기_B_v1,34766,1260,178816,112,39,2657023,1136,94,32,2403576,IMG,할인쿠폰,신학기,B,v1,False,False,13.441615962777306,1902.2978723201882,0.03624230570097117,0.0746031746031154,141.9174603173477,5143.415981130843
2025-03-04,google,외부,GGL_CMP_02_리타겟팅,리타겟팅,리마케팅,CRS_특가_신학기_v1,36882,1057,181306,141,76,5245014,950,120,65,3997551,CRS,특가,신학기,N,v1,False,False,22.04864152317065,1510.8833333207426,0.028658966433489818,0.11352885525060215,171.52885525054728,4915.839705005019
2025-03-04,google,외부,GGL_CMP_03_첫구매,첫구매,논타겟,VID_적립혜택_신학기_A_v1,38924,1210,176135,78,22,1611012,1121,55,17,1198482,VID,적립혜택,신학기,A,v1,False,False,6.804337581968339,3202.454545396319,0.031086219299146258,0.04545454545450789,145.56611570235904,4525.100195252171
2025-03-04,google,외부,GGL_CMP_03_첫구매,첫구매,논타겟,IMG_적립혜택_신학기_B_v1,38617,1220,242435,111,31,1994338,1192,83,25,1552637,IMG,적립혜택,신학기,B,v1,False,False,6.404343432260167,2920.9036144226397,0.031592303907604646,0.06803278688519014,198.7172131145912,6277.934588393551
2025-03-04,google,외부,GGL_CMP_03_첫구매,첫구매,논타겟,CRS_할인쿠폰_신학기_v1,49558,1522,283487,110,47,3158613,1339,99,39,2694312,CRS,할인쿠폰,신학기,N,v1,False,False,9.50418184960859,2863.505050476126,0.03071148956777855,0.06504599211559459,186.25952693811678,5720.3075184631
2025-03-04,google,외부,GGL_CMP_03_첫구매,첫구매,유사타겟,VID_적립혜택_신학기_A_v1,52266,984,318545,82,32,2170930,901,72,22,1625575,VID,적립혜택,신학기,A,v1,False,False,5.103125147153447,4424.236111049663,0.018826770749626548,0.07317073170724271,323.724593495606,6094.688707764013
2025-03-04,google,외부,GGL_CMP_03_첫구매,첫구매,유사타겟,IMG_적립혜택_신학기_B_v1,59461,1504,307255,174,78,4490364,1368,148,57,3664943,IMG,적립혜택,신학기,B,v1,False,False,11.928017444793374,2076.04729728327,0.02529389011284665,0.0984042553190835,204.2918882977365,5167.336573552327
2025-03-04,google,외부,GGL_CMP_03_첫구매,첫구매,유사타겟,CRS_할인쿠폰_신학기_v1,38623,877,230934,58,27,2121806,749,45,21,1622203,CRS,할인쿠폰,신학기,N,v1,False,False,7.0245308183290165,5131.866666552625,0.02270667736840684,0.05131128848340786,263.322690991718,5979.183388136448
2025-03-04,meta,외부,META_CMP_01_신규유저,신규유저,논타겟,VID_플러스멤버십_신학기_A_v1,49049,672,235837,45,12,603195,625,34,8,504944,VID,플러스멤버십,신학기,A,v1,False,False,2.1410720116012243,6936.382352737166,0.013700585129156279,0.05059523809516281,350.9479166661444,4808.191808191711
2025-03-04,meta,외부,META_CMP_01_신규유저,신규유저,논타겟,IMG_적립혜택_신학기_B_v1,54283,1009,195152,67,12,711003,953,52,8,620690,IMG,적립혜택,신학기,B,v1,False,False,3.1805464458473236,3752.9230768509055,0.01858777149383751,0.05153617443007776,193.41129831497184,3595.085017408699
2025-03-04,meta,외부,META_CMP_01_신규유저,신규유저,논타겟,CRS_플러스멤버십_신학기_v1,39619,636,164998,54,12,568736,612,39,9,506290,CRS,플러스멤버십,신학기,N,v1,False,False,3.0684614358961744,4230.717948609469,0.01605290390973987,0.061320754716884716,259.430817609655,4164.61798631959
2025-03-04,meta,외부,META_CMP_02_룩얼라이크,룩얼라이크,유사타겟,VID_플러스멤버십_신학기_A_v1,34861,788,142460,61,16,751693,678,51,13,664711,VID,플러스멤버십,신학기,A,v1,False,False,4.665948336375091,2793.3333332785623,0.02260405610854472,0.06472081218265899,180.78680203022742,4086.5150167808133
2025-03-04,meta,외부,META_CMP_02_룩얼라이크,룩얼라이크,유사타겟,IMG_할인쿠폰_신학기_B_v1,33468,755,122118,46,10,488395,692,39,6,423360,IMG,할인쿠폰,신학기,B,v1,False,False,3.4668107895641636,3131.2307691504816,0.02255886219672456,0.05165562913900443,161.7456953640242,3648.798852635244
2025-03-04,meta,외부,META_CMP_02_룩얼라이크,룩얼라이크,유사타겟,CRS_특가_신학기_v1,34306,670,120203,48,14,594386,617,40,11,517095,CRS,특가,신학기,N,v1,False,False,4.301847707627894,3005.0749999248733,0.01953011135078355,0.05970149253722433,179.4074626862994,3503.8477234302018
2025-03-04,meta,외부,META_CMP_03_재구매,재구매,VIP,IMG_배송혜택_신학기_A_v1,16133,264,62106,15,8,582113,228,11,6,477831,IMG,배송혜택,신학기,A,v1,False,False,7.693797700705122,5645.999999486728,0.016363974462281265,0.04166666666650884,235.24999999910892,3849.624992251667
2025-03-04,meta,외부,META_CMP_03_재구매,재구매,VIP,VID_적립혜택_신학기_B_v1,9971,208,43608,11,4,288831,181,9,3,240238,VID,적립혜택,신학기,B,v1,False,False,5.509035039442178,4845.333332794963,0.02086049543676453,0.04326923076902275,209.6538461528382,4373.48310099244
2025-03-04,meta,외부,META_CMP_03_재구매,재구매,VIP,CRS_신상품_신학기_v1,11217,329,54997,23,10,797397,284,20,7,654980,CRS,신상품,신학기,N,v1,False,False,11.909376875102062,2749.8499998625075,0.0293304805206357,0.06079027355604623,167.16413373809374,4903.004368369002
2025-03-04,meta,외부,META_CMP_03_재구매,재구매,윈백,IMG_배송혜택_신학기_A_v1,22042,537,109366,23,14,1158582,517,17,9,963829,IMG,배송혜택,신학기,A,v1,False,False,8.812876030941894,6433.29411726863,0.024362580528081646,0.0316573556796431,203.66108007410864,4961.709463750796
2025-03-04,meta,외부,META_CMP_03_재구매,재구매,윈백,VID_적립혜택_신학기_B_v1,15711,282,78576,16,5,415470,252,11,4,315160,VID,적립혜택,신학기,B,v1,False,False,4.0108939116269084,7143.272726623339,0.017949207561579916,0.03900709219844324,278.63829787135234,5001.336643115969
2025-03-04,meta,외부,META_CMP_03_재구매,재구매,윈백,CRS_신상품_신학기_v1,18099,475,66315,33,17,1421713,425,26,11,1093172,CRS,신상품,신학기,N,v1,False,False,16.484535927014754,2550.576922978824,0.02624454389745145,0.054736842105147926,139.61052631549555,3664.0145864410374
2025-03-04,naver,자체,NVR_CMP_01_브랜드KW,브랜드KW,논타겟,TXT_플러스멤버십_신학기_A_v1,6389,676,44900,125,74,4415761,630,89,58,3954220,TXT,플러스멤버십,신학기,A,v1,False,False,88.06726057906263,504.4943820168034,0.10580685553293069,0.13165680473353306,66.42011834309702,7027.703866018621
2025-03-04,naver,자체,NVR_CMP_02_일반KW,일반KW,논타겟,TXT_할인쿠폰_신학기_A_v1,9093,637,74828,127,46,3198700,569,116,32,2874691,TXT,할인쿠폰,신학기,A,v1,False,False,38.41731704709415,645.0689655116804,0.07005388760584294,0.18210361067475336,117.46938775491763,8229.187286923101
2025-03-04,naver,자체,NVR_CMP_02_일반KW,일반KW,논타겟,TXT_플러스멤버십_신학기_B_v1,11905,796,80728,128,45,3468577,678,116,36,2511807,TXT,플러스멤버십,신학기,B,v1,False,False,31.11444604102627,695.9310344767592,0.06686266274673945,0.14572864321589732,101.41708542700827,6781.016379671836
2025-03-04,naver,자체,NVR_CMP_03_재구매,재구매,VIP,IMG_배송혜택_신학기_A_v1,4220,211,29341,18,14,1056551,198,14,10,864903,IMG,배송혜택,신학기,A,v1,False,False,29.47762516614875,2095.7857141360155,0.049999999999988144,0.06635071090015948,139.05687203725566,6952.8436018940865
2025-03-04,naver,자체,NVR_CMP_03_재구매,재구매,VIP,VID_적립혜택_신학기_B_v1,6348,401,60822,43,26,2803091,376,37,22,2197807,VID,적립혜택,신학기,B,v1,False,False,36.135066258918876,1643.83783779341,0.06316950220540908,0.09226932668306168,151.67581047343722,9581.285444232895
2025-03-04,naver,자체,NVR_CMP_03_재구매,재구매,VIP,CRS_신상품_신학기_v1,6845,511,51857,46,37,3365817,437,36,32,2981060,CRS,신상품,신학기,N,v1,False,False,57.48616387372857,1440.4722221822092,0.07465303140977726,0.07045009784722026,101.48140900175835,7575.894813731545
2025-03-04,naver,자체,NVR_CMP_03_재구매,재구매,윈백,IMG_배송혜택_신학기_A_v1,8254,426,77647,33,20,1445726,383,26,16,1203793,IMG,배송혜택,신학기,A,v1,False,False,15.503406441974377,2986.4230768082143,0.051611339956378524,0.06103286384962199,182.26995305121534,9407.19651078151
2025-03-04,naver,자체,NVR_CMP_03_재구매,재구매,윈백,VID_적립혜택_신학기_B_v1,10742,573,98792,45,36,2918044,501,34,30,2241100,VID,적립혜택,신학기,B,v1,False,False,22.685035225524103,2905.6470587380695,0.05334202196983305,0.05933682373462594,172.41186736444607,9196.797616830274
2025-03-04,naver,자체,NVR_CMP_03_재구매,재구매,윈백,CRS_신상품_신학기_v1,11374,606,92704,55,30,2625471,554,43,22,2055585,CRS,신상품,신학기,N,v1,False,False,22.17363867794246,2155.906976694049,0.05327940917882422,0.07095709570945387,152.97689768951653,8150.518726920332
2025-03-05,google,외부,GGL_CMP_01_플러스가입,플러스가입,논타겟,VID_플러스멤버십_신학기_A_v1,48835,1064,307343,147,39,2278552,905,119,31,1757168,VID,플러스멤버십,신학기,A,v1,False,False,5.717286549555364,2582.714285692582,0.021787652298555917,0.11184210526305279,288.8562030072473,6293.498515408902
2025-03-05,google,외부,GGL_CMP_01_플러스가입,플러스가입,논타겟,IMG_플러스멤버십_신학기_B_v1,64013,1919,390300,239,53,3540443,1693,180,47,2869284,IMG,플러스멤버십,신학기,B,v1,False,False,7.351483474250558,2168.3333333212872,0.029978285660724698,0.0937988535695186,203.3871808232395,6097.1990064517195
2025-03-05,google,외부,GGL_CMP_01_플러스가입,플러스가입,논타겟,CRS_플러스멤버십_신학기_v1,58203,1444,324671,154,48,3155388,1287,109,43,2293004,CRS,플러스멤버십,신학기,N,v1,False,False,7.062546393117935,2978.633027495609,0.024809717712144998,0.07548476454288401,224.84141274222657,5578.251980138385
2025-03-05,google,외부,GGL_CMP_01_플러스가입,플러스가입,논타겟,IMG_적립혜택_신학기_v2,44270,1048,239928,139,26,1471388,928,125,22,1293765,IMG,적립혜택,신학기,N,v2,False,False,5.392305191557445,1919.4239999846445,0.02367291619606904,0.11927480916019154,228.93893129749148,5419.652134628294
2025-03-05,google,외부,GGL_CMP_01_플러스가입,플러스가입,유사타겟,VID_플러스멤버십_신학기_A_v1,57215,1759,307991,257,68,3257312,1717,197,55,2976004,VID,플러스멤버십,신학기,A,v1,False,False,9.662632999016173,1563.4060913626224,0.03074368609630288,0.111995451961278,175.09437180206078,5383.046403914963
2025-03-05,google,외부,GGL_CMP_01_플러스가입,플러스가입,유사타겟,IMG_플러스멤버십_신학기_B_v1,60509,2132,266877,258,49,2724254,1905,236,34,1983460,IMG,플러스멤버십,신학기,B,v1,False,False,7.432112920933586,1130.8347457579202,0.03523442793633947,0.11069418386486365,125.17682926823397,4410.5339701531275
2025-03-05,google,외부,GGL_CMP_01_플러스가입,플러스가입,유사타겟,CRS_플러스멤버십_신학기_v1,42877,1318,189118,199,38,1865316,1216,152,28,1689586,CRS,플러스멤버십,신학기,N,v1,False,False,8.93403060523055,1244.1973684128673,0.030739090887887895,0.11532625189672585,143.48861911976974,4410.709704503478
2025-03-05,google,외부,GGL_CMP_01_플러스가입,플러스가입,유사타겟,IMG_적립혜택_신학기_v2,43095,1159,214726,150,44,2217373,1018,121,38,1949671,IMG,적립혜택,신학기,N,v2,False,False,9.079808686418929,1774.595041307648,0.02689407123796202,0.10440034512501778,185.26833477119476,4982.619793479406
2025-03-05,google,외부,GGL_CMP_02_리타겟팅,리타겟팅,리마케팅,VID_할인쿠폰_신학기_A_v1,26824,1106,160803,90,31,1923939,1022,68,27,1547293,VID,할인쿠폰,신학기,A,v1,False,False,9.622289385148228,2364.749999965224,0.04123173277661642,0.06148282097643627,145.39150090402768,5994.743513271473
2025-03-05,google,외부,GGL_CMP_02_리타겟팅,리타겟팅,리마케팅,IMG_할인쿠폰_신학기_B_v1,26756,914,133278,101,54,2940751,798,85,38,2148905,IMG,할인쿠폰,신학기,B,v1,False,False,16.123478743678508,1567.9764705697885,0.03416056211690708,0.09299781181609082,145.81838074382296,4981.237853191621
2025-03-05,google,외부,GGL_CMP_02_리타겟팅,리타겟팅,리마케팅,CRS_특가_신학기_v1,30296,884,146129,107,43,2237947,861,81,36,2070387,CRS,특가,신학기,N,v1,False,False,14.168214385919194,1804.0617283727893,0.029178769474517124,0.09162895927591445,165.30429864234694,4823.3760232372315
2025-03-05,google,외부,GGL_CMP_03_첫구매,첫구매,논타겟,VID_적립혜택_신학기_A_v1,64840,1935,374566,182,63,3198596,1812,164,47,2543109,VID,적립혜택,신학기,A,v1,False,False,6.789481693479903,2283.939024376318,0.029842689697717,0.08475452196378049,193.5741602066183,5776.773596545254
2025-03-05,google,외부,GGL_CMP_03_첫구매,첫구매,논타겟,IMG_적립혜택_신학기_B_v1,63441,1319,342471,85,38,1995201,1153,75,29,1520257,IMG,적립혜택,신학기,B,v1,False,False,4.439082433257109,4566.279999939116,0.020790971138537843,0.05686125852914567,259.64442759646727,5398.2598004444235
2025-03-05,google,외부,GGL_CMP_03_첫구매,첫구매,논타겟,CRS_할인쿠폰_신학기_v1,53094,1235,350150,87,25,1450079,1126,79,20,1276249,CRS,할인쿠폰,신학기,N,v1,False,False,3.6448636298729014,4432.278480956553,0.023260632086487678,0.0639676113359806,283.52226720624816,6594.907145816729
2025-03-05,google,외부,GGL_CMP_03_첫구매,첫구매,유사타겟,VID_적립혜택_신학기_A_v1,63156,1826,313640,125,56,2759098,1613,90,50,2366066,VID,적립혜택,신학기,A,v1,False,False,7.543891085320726,3484.888888850168,0.028912534042687493,0.04928806133622712,171.7634173054919,4966.115650136093
2025-03-05,google,외부,GGL_CMP_03_첫구매,첫구매,유사타겟,IMG_적립혜택_신학기_B_v1,51444,911,296686,60,24,1222465,872,45,20,940470,IMG,적립혜택,신학기,B,v1,False,False,3.1699170166438484,6593.022222075711,0.01770857631599375,0.04939626783748694,325.67069154739227,5767.164295155786
2025-03-05,google,외부,GGL_CMP_03_첫구매,첫구매,유사타겟,CRS_할인쿠폰_신학기_v1,58909,1327,268758,136,67,3872642,1133,105,54,3268263,CRS,할인쿠폰,신학기,N,v1,False,False,12.160616614203068,2559.5999999756227,0.022526269330662166,0.07912584777688084,202.5305199697042,4562.257040520047
2025-03-05,meta,외부,META_CMP_01_신규유저,신규유저,논타겟,VID_플러스멤버십_신학기_A_v1,32999,637,161568,50,10,416684,608,45,8,318853,VID,플러스멤버십,신학기,A,v1,False,False,1.973491037829261,3590.3999999202138,0.019303615261067934,0.07064364207210261,253.63893249567718,4896.14836813222
2025-03-05,meta,외부,META_CMP_01_신규유저,신규유저,논타겟,IMG_적립혜택_신학기_B_v1,49097,951,208766,68,19,826795,850,61,15,708186,IMG,적립혜택,신학기,B,v1,False,False,3.3922477798108726,3422.3934425668463,0.019369818929873123,0.06414300736060553,219.52260778105202,4252.113163737005
2025-03-05,meta,외부,META_CMP_01_신규유저,신규유저,논타겟,CRS_플러스멤버십_신학기_v1,30841,460,145900,30,6,336394,399,22,5,249767,CRS,플러스멤버십,신학기,N,v1,False,False,1.711905414667569,6631.818181516735,0.014915210272039982,0.04782608695641777,317.17391304278874,4730.715605849203
2025-03-05,meta,외부,META_CMP_02_룩얼라이크,룩얼라이크,유사타겟,VID_플러스멤버십_신학기_A_v1,35834,633,166583,47,11,582483,543,40,8,422358,VID,플러스멤버십,신학기,A,v1,False,False,2.5354207812321636,4164.574999895886,0.01766478763185752,0.06319115323844678,263.1642969980045,4648.7414187641725
2025-03-05,meta,외부,META_CMP_02_룩얼라이크,룩얼라이크,유사타겟,IMG_할인쿠폰_신학기_B_v1,36587,563,177963,43,12,647106,496,38,9,590305,IMG,할인쿠폰,신학기,B,v1,False,False,3.317009715502642,4683.23684198202,0.015387979336922531,0.06749555950254442,316.097690940824,4864.104736654964
2025-03-05,meta,외부,META_CMP_02_룩얼라이크,룩얼라이크,유사타겟,CRS_특가_신학기_v1,31530,410,140540,25,8,400091,354,21,6,322345,CRS,특가,신학기,N,v1,False,False,2.2936174754518124,6692.380952062267,0.013003488740881287,0.05121951219499703,342.780487804042,4457.3422137645275
2025-03-05,meta,외부,META_CMP_03_재구매,재구매,VIP,IMG_배송혜택_신학기_A_v1,13985,251,62805,13,5,420545,244,11,4,321658,IMG,배송혜택,신학기,A,v1,False,False,5.121534909640871,5709.5454540264045,0.017947801215586846,0.04382470119504452,250.21912350497922,4490.883089023633
2025-03-05,meta,외부,META_CMP_03_재구매,재구매,VIP,VID_적립혜택_신학기_B_v1,10042,180,40951,11,4,222240,164,8,3,167327,VID,적립혜택,신학기,B,v1,False,False,4.086029645185611,5118.8749993601405,0.01792471619199184,0.04444444444419753,227.50555555429165,4077.972515434766
2025-03-05,meta,외부,META_CMP_03_재구매,재구매,VIP,CRS_신상품_신학기_v1,13308,263,57396,10,4,244316,239,8,2,177287,CRS,신상품,신학기,N,v1,False,False,3.088838943480328,7174.499999103187,0.019762548842799838,0.030418250950454685,218.23574144403713,4312.894499548819
2025-03-05,meta,외부,META_CMP_03_재구매,재구매,윈백,IMG_배송혜택_신학기_A_v1,16425,387,67639,15,8,523153,358,12,6,417666,IMG,배송혜택,신학기,A,v1,False,False,6.174928665414832,5636.583332863618,0.023561643835615004,0.031007751937904372,174.77777777732615,4118.051750380267
2025-03-05,meta,외부,META_CMP_03_재구매,재구매,윈백,VID_적립혜택_신학기_B_v1,17175,342,66878,13,8,431660,325,10,6,332916,VID,적립혜택,신학기,B,v1,False,False,4.977959867220835,6687.79999933122,0.019912663755457357,0.02923976608178585,195.5497076017674,3893.915574963383
2025-03-05,meta,외부,META_CMP_03_재구매,재구매,윈백,CRS_신상품_신학기_v1,20929,522,101511,33,14,915501,447,27,11,746173,CRS,신상품,신학기,N,v1,False,False,7.350661504664447,3759.6666665274197,0.024941468775382246,0.051724137930935395,194.46551724100678,4850.2556261644195
2025-03-05,naver,자체,NVR_CMP_01_브랜드KW,브랜드KW,논타겟,TXT_플러스멤버십_신학기_A_v1,8441,960,75067,198,110,8697918,841,156,91,7503504,TXT,플러스멤버십,신학기,A,v1,False,False,99.95742470059946,481.19871794563335,0.11373060063972115,0.16249999999983072,78.19479166658522,8893.140623147861
2025-03-05,naver,자체,NVR_CMP_02_일반KW,일반KW,논타겟,TXT_할인쿠폰_신학기_A_v1,11069,664,96025,81,36,2390141,572,58,26,1996692,TXT,할인쿠폰,신학기,A,v1,False,False,20.793460036448625,1655.6034482473174,0.059987352064318364,0.0873493975902299,144.6159638552039,8675.12873791592
2025-03-05,naver,자체,NVR_CMP_02_일반KW,일반KW,논타겟,TXT_플러스멤버십_신학기_B_v1,9819,639,64365,114,33,1886992,574,82,24,1417637,TXT,플러스멤버십,신학기,B,v1,False,False,22.024966985162404,784.9390243806714,0.06507791017414552,0.12832550860699793,100.7276995303588,6555.148182095269
2025-03-05,naver,자체,NVR_CMP_03_재구매,재구매,VIP,IMG_배송혜택_신학기_A_v1,4099,244,33407,21,12,849698,224,15,10,769071,IMG,배송혜택,신학기,A,v1,False,False,23.02125303080124,2227.1333331848577,0.05952671383262758,0.06147540983581363,136.9139344256684,8150.0365942893
2025-03-05,naver,자체,NVR_CMP_03_재구매,재구매,VIP,VID_적립혜택_신학기_B_v1,5957,353,51920,36,21,2224814,310,29,17,1642024,VID,적립혜택,신학기,B,v1,False,False,31.626040061632676,1790.344827524471,0.05925801577974496,0.08215297450401657,147.0821529740876,8715.796541882035
2025-03-05,naver,자체,NVR_CMP_03_재구매,재구매,VIP,CRS_신상품_신학기_v1,6820,393,49007,35,17,1733155,364,26,13,1423353,CRS,신상품,신학기,N,v1,False,False,29.043871283693576,1884.8846153121199,0.05762463343107659,0.06615776081408102,124.69974554675649,7185.777126098652
2025-03-05,naver,자체,NVR_CMP_03_재구매,재구매,윈백,IMG_배송혜택_신학기_A_v1,6549,273,44625,22,17,1756364,266,19,13,1424547,IMG,배송혜택,신학기,A,v1,False,False,31.922621848738782,2348.684210402701,0.04168575355015396,0.06959706959681466,163.46153846093972,6814.017407236705
2025-03-05,naver,자체,NVR_CMP_03_재구매,재구매,윈백,VID_적립혜택_신학기_B_v1,7752,416,69316,46,35,3703245,370,34,27,3077797,VID,적립혜택,신학기,B,v1,False,False,44.40240348548611,2038.7058822929794,0.05366357069142754,0.08173076923057276,166.62499999959945,8941.692466459115
2025-03-05,naver,자체,NVR_CMP_03_재구매,재구매,윈백,CRS_신상품_신학기_v1,6737,301,59956,33,24,2498327,267,24,18,2116474,CRS,신상품,신학기,N,v1,False,False,35.30045366602116,2498.166666562576,0.044678640344360296,0.0797342192688381,199.18936877010236,8899.510167729122
2025-03-06,google,외부,GGL_CMP_01_플러스가입,플러스가입,논타겟,VID_플러스멤버십_신학기_A_v1,43178,1112,222131,155,44,2484758,1017,116,34,2146121,VID,플러스멤버십,신학기,A,v1,False,False,9.661510550080765,1914.9224137765955,0.025753856130436202,0.10431654676249612,199.75809352500022,5144.541201537701
2025-03-06,google,외부,GGL_CMP_01_플러스가입,플러스가입,논타겟,IMG_플러스멤버십_신학기_B_v1,42338,1342,232955,149,31,1726872,1242,117,21,1389030,IMG,플러스멤버십,신학기,B,v1,False,False,5.962653731407328,1991.0683760513584,0.031697293211771185,0.08718330849471893,173.5879284648483,5502.267466578358
2025-03-06,google,외부,GGL_CMP_01_플러스가입,플러스가입,논타겟,CRS_플러스멤버십_신학기_v1,65862,2271,353637,220,42,2267792,1991,158,33,2038598,CRS,플러스멤버십,신학기,N,v1,False,False,5.7646626342831615,2238.208860745328,0.03448118793841616,0.06957287538526219,155.7186261558099,5369.363213992812
2025-03-06,google,외부,GGL_CMP_01_플러스가입,플러스가입,논타겟,IMG_적립혜택_신학기_v2,54268,1301,357304,121,25,1572581,1262,104,18,1258008,IMG,적립혜택,신학기,N,v2,False,False,3.5208337997895254,3435.6153845823496,0.0239736124419543,0.0799385088392929,274.6379707914876,6584.06427360495
2025-03-06,google,외부,GGL_CMP_01_플러스가입,플러스가입,유사타겟,VID_플러스멤버십_신학기_A_v1,40771,984,214462,106,28,1389691,864,81,23,1021478,VID,플러스멤버십,신학기,A,v1,False,False,4.762978989284793,2647.6790123129913,0.024134801697284245,0.08231707317064806,217.94918699164842,5260.160408133103
2025-03-06,google,외부,GGL_CMP_01_플러스가입,플러스가입,유사타겟,IMG_플러스멤버십_신학기_B_v1,53583,1720,316420,161,47,2552161,1528,120,38,2368337,IMG,플러스멤버십,신학기,B,v1,False,False,7.484789204222213,2636.8333333113596,0.03209973312431122,0.06976744186042455,183.96511627896282,5905.231136741021
2025-03-06,google,외부,GGL_CMP_01_플러스가입,플러스가입,유사타겟,CRS_플러스멤버십_신학기_v1,62825,1424,404014,142,27,1373812,1268,116,21,1160270,CRS,플러스멤버십,신학기,N,v1,False,False,2.871855925784743,3482.8793103148028,0.022666136092319576,0.08146067415724617,283.71769662901426,6430.783923597192
2025-03-06,google,외부,GGL_CMP_01_플러스가입,플러스가입,유사타겟,IMG_적립혜택_신학기_v2,68279,2358,332941,284,89,4482171,2012,232,70,3795071,IMG,적립혜택,신학기,N,v2,False,False,11.398629186552538,1435.0905172351936,0.03453477643199176,0.09838846480063682,141.19635284133113,4876.184478390063
2025-03-06,google,외부,GGL_CMP_02_리타겟팅,리타겟팅,리마케팅,VID_할인쿠폰_신학기_A_v1,35785,1178,175326,153,79,4728778,1029,139,67,4106749,VID,할인쿠폰,신학기,A,v1,False,False,23.423502503906874,1261.3381294873286,0.03291882073494389,0.1179966044141613,148.8336162986852,4899.427134274001
2025-03-06,google,외부,GGL_CMP_02_리타겟팅,리타겟팅,리마케팅,IMG_할인쿠폰_신학기_B_v1,41871,1125,243541,120,39,2069743,988,85,34,1511894,IMG,할인쿠폰,신학기,B,v1,False,False,6.20796498330874,2865.1882352604093,0.02686823816006241,0.0755555555554884,216.48088888869646,5816.460079768675
2025-03-06,google,외부,GGL_CMP_02_리타겟팅,리타겟팅,리마케팅,CRS_특가_신학기_v1,37807,1470,214510,118,51,2423916,1279,95,40,1755614,CRS,특가,신학기,N,v1,False,False,8.184299100275007,2257.9999999762313,0.03888168857618857,0.06462585034009209,145.92517006792795,5673.817018012388
2025-03-06,google,외부,GGL_CMP_03_첫구매,첫구매,논타겟,VID_적립혜택_신학기_A_v1,56203,1359,319427,158,57,2850923,1301,122,44,2419557,VID,적립혜택,신학기,A,v1,False,False,7.57467903464639,2618.2540983391946,0.024180203903705778,0.08977189109632835,235.04562178054817,5683.451061331145
2025-03-06,google,외부,GGL_CMP_03_첫구매,첫구매,논타겟,IMG_적립혜택_신학기_B_v1,64571,1834,377325,198,76,4333291,1705,165,52,3266687,IMG,적립혜택,신학기,B,v1,False,False,8.657488902140042,2286.8181818043226,0.028402843381703423,0.08996728462372412,205.73882224634366,5843.567545802204
2025-03-06,google,외부,GGL_CMP_03_첫구매,첫구매,논타겟,CRS_할인쿠폰_신학기_v1,67152,1282,313823,100,47,3398732,1254,77,39,2841704,CRS,할인쿠폰,신학기,N,v1,False,False,9.05511705642987,4075.6233765704465,0.019091017393375934,0.06006240249605299,244.79173166907583,4673.323207052586
2025-03-06,google,외부,GGL_CMP_03_첫구매,첫구매,유사타겟,VID_적립혜택_신학기_A_v1,56139,1068,363167,123,46,2911736,995,104,40,2528489,VID,적립혜택,신학기,A,v1,False,False,6.962331379227719,3491.9903845818076,0.01902420776999913,0.09737827715346688,340.04400749031834,6469.067849445012
2025-03-06,google,외부,GGL_CMP_03_첫구매,첫구매,유사타겟,IMG_적립혜택_신학기_B_v1,51910,1097,341824,80,23,1528129,1072,62,17,1362747,IMG,적립혜택,신학기,B,v1,False,False,3.9866919818385953,5513.290322491722,0.021132729724522806,0.05651777575199953,311.59890610728206,6584.935465228154
2025-03-06,google,외부,GGL_CMP_03_첫구매,첫구매,유사타겟,CRS_할인쿠폰_신학기_v1,63079,1816,291891,172,71,3904434,1759,139,49,3499262,CRS,할인쿠폰,신학기,N,v1,False,False,11.988249038168316,2099.935251783454,0.02878929596220567,0.07654185022022217,160.73292951533,4627.387878691726
2025-03-06,meta,외부,META_CMP_01_신규유저,신규유저,논타겟,VID_플러스멤버십_신학기_A_v1,34723,681,158118,51,14,527813,625,46,11,392642,VID,플러스멤버십,신학기,A,v1,False,False,2.483221391618902,3437.347826012232,0.019612360683120136,0.06754772393528995,232.18502202609076,4553.696397200572
2025-03-06,meta,외부,META_CMP_01_신규유저,신규유저,논타겟,IMG_적립혜택_신학기_B_v1,34620,669,145380,44,9,367005,628,32,6,326091,IMG,적립혜택,신학기,B,v1,False,False,2.2430251754023787,4543.124999858028,0.0193240901213166,0.04783258594910638,217.3094170400339,4199.306759098666
2025-03-06,meta,외부,META_CMP_01_신규유저,신규유저,논타겟,CRS_플러스멤버십_신학기_v1,46814,722,166775,60,10,504773,663,45,6,453314,CRS,플러스멤버십,신학기,N,v1,False,False,2.718117223804511,3706.1111110287534,0.015422736788139971,0.06232686980600786,230.99030470882136,3562.502670141335
2025-03-06,meta,외부,META_CMP_02_룩얼라이크,룩얼라이크,유사타겟,VID_플러스멤버십_신학기_A_v1,37223,711,128589,53,10,469741,631,43,7,360399,VID,플러스멤버십,신학기,A,v1,False,False,2.8027202948930094,2990.4418603955714,0.019101093409987936,0.060478199718620985,180.85654008413383,3454.5576659591266
2025-03-06,meta,외부,META_CMP_02_룩얼라이크,룩얼라이크,유사타겟,IMG_할인쿠폰_신학기_B_v1,46910,1048,222267,67,17,891886,994,48,13,694310,IMG,할인쿠폰,신학기,B,v1,False,False,3.1237655612393964,4630.56249990353,0.022340652312939198,0.04580152671751355,212.08683206086633,4738.158175229062
2025-03-06,meta,외부,META_CMP_02_룩얼라이크,룩얼라이크,유사타겟,CRS_특가_신학기_v1,47859,915,173199,87,25,1495185,790,76,17,1264988,CRS,특가,신학기,N,v1,False,False,7.303668035034803,2278.93421049633,0.019118661066883574,0.08306010928952672,189.28852458995706,3618.9431454898013
2025-03-06,meta,외부,META_CMP_03_재구매,재구매,VIP,IMG_배송혜택_신학기_A_v1,14412,301,69745,12,6,520421,292,9,4,420710,IMG,배송혜택,신학기,A,v1,False,False,6.032116997634152,7749.444443583395,0.020885373300026305,0.029900332225814286,231.7109634543797,4839.369969469551
2025-03-06,meta,외부,META_CMP_03_재구매,재구매,VIP,VID_적립혜택_신학기_B_v1,10177,300,48196,21,11,741349,256,17,8,622736,VID,적립혜택,신학기,B,v1,False,False,12.92090629927768,2835.0588233626436,0.02947823523631429,0.05666666666647778,160.6533333327978,4735.776751498011
2025-03-06,meta,외부,META_CMP_03_재구매,재구매,VIP,CRS_신상품_신학기_v1,10794,215,51225,13,6,386737,185,10,5,327431,CRS,신상품,신학기,N,v1,False,False,6.392015617374205,5122.49999948775,0.019918473225864375,0.04651162790676042,238.2558139523802,4745.692051139083
2025-03-06,meta,외부,META_CMP_03_재구매,재구매,윈백,IMG_배송혜택_신학기_A_v1,14809,403,61459,21,11,716164,392,14,8,620277,IMG,배송혜택,신학기,A,v1,False,False,10.092533233537642,4389.928571115005,0.027213181173608804,0.034739454094206604,152.50372208398883,4150.111418731572
2025-03-06,meta,외부,META_CMP_03_재구매,재구매,윈백,VID_적립혜택_신학기_B_v1,18553,533,80394,29,15,1267391,455,26,12,1143074,VID,적립혜택,신학기,B,v1,False,False,14.218399383038358,3092.076922957997,0.028728507518998074,0.048780487804786526,150.8330206376157,4333.207567509065
2025-03-06,meta,외부,META_CMP_03_재구매,재구매,윈백,CRS_신상품_신학기_v1,23552,538,104302,37,16,1368572,522,29,12,1004496,CRS,신상품,신학기,N,v1,False,False,9.630649460221187,3596.620689531151,0.022843070652172944,0.05390334572480687,193.86988847547607,4428.583559782421
2025-03-06,naver,자체,NVR_CMP_01_브랜드KW,브랜드KW,논타겟,TXT_플러스멤버십_신학기_A_v1,7413,1278,58603,386,196,13889984,1108,310,143,10857580,TXT,플러스멤버십,신학기,A,v1,False,False,185.27345016466418,189.04193548326117,0.17239983812219445,0.24256651017195419,45.855242566474296,7905.436395520314
2025-03-06,naver,자체,NVR_CMP_02_일반KW,일반KW,논타겟,TXT_할인쿠폰_신학기_A_v1,8904,902,65694,153,64,4632590,877,110,52,4191138,TXT,할인쿠폰,신학기,A,v1,False,False,63.79788108502962,597.2181818127525,0.10130278526503804,0.12195121951205992,72.8314855875024,7378.032345012648
2025-03-06,naver,자체,NVR_CMP_02_일반KW,일반KW,논타겟,TXT_플러스멤버십_신학기_B_v1,15166,1029,136342,152,72,3983734,906,116,63,2947048,TXT,플러스멤버십,신학기,B,v1,False,False,21.615114931568986,1175.3620689553848,0.06784913622576369,0.11273080660824808,132.49951409122207,8989.977581431558
2025-03-06,naver,자체,NVR_CMP_03_재구매,재구매,VIP,IMG_배송혜택_신학기_A_v1,5543,353,40974,29,17,1897639,340,22,14,1632561,IMG,배송혜택,신학기,A,v1,False,False,39.843827793233764,1862.4545453698884,0.06368392567200727,0.062322946175460844,116.07365439060602,7392.025978710554
2025-03-06,naver,자체,NVR_CMP_03_재구매,재구매,VIP,VID_적립혜택_신학기_B_v1,4289,217,38546,24,11,1050720,196,18,9,776567,VID,적립혜택,신학기,B,v1,False,False,20.1465002853728,2141.444444325475,0.05059454418278139,0.08294930875537812,177.6313364047114,8987.17649801609
2025-03-06,naver,자체,NVR_CMP_03_재구매,재구매,VIP,CRS_신상품_신학기_v1,5945,350,50554,43,28,2277241,325,35,19,1876329,CRS,신상품,신학기,N,v1,False,False,37.11534201052267,1444.3999999587315,0.05887300252311877,0.09999999999971429,144.43999999958731,8503.616484439275
2025-03-06,naver,자체,NVR_CMP_03_재구매,재구매,윈백,IMG_배송혜택_신학기_A_v1,7338,439,63557,52,35,2916356,420,37,30,2706159,IMG,배송혜택,신학기,A,v1,False,False,42.57845713296659,1717.756756710331,0.05982556554918781,0.08428246013648227,144.77676537552443,8661.35186699255
2025-03-06,naver,자체,NVR_CMP_03_재구매,재구매,윈백,VID_적립혜택_신학기_B_v1,9995,628,80234,72,46,3346152,607,62,31,2549510,VID,적립혜택,신학기,B,v1,False,False,31.775930403569163,1294.0967741726759,0.06283141570784764,0.09872611464952433,127.76114649661184,8027.413706852623
2025-03-06,naver,자체,NVR_CMP_03_재구매,재구매,윈백,CRS_신상품_신학기_v1,8369,523,58415,52,47,3335547,509,39,35,2668894,CRS,신상품,신학기,N,v1,False,False,45.68850466489693,1497.8205127821072,0.062492531963190046,0.07456978967480962,111.69216061164113,6979.925917074085
2025-03-07,google,외부,GGL_CMP_01_플러스가입,플러스가입,논타겟,VID_플러스멤버십_신학기_A_v1,57741,2003,307848,188,40,2141671,1762,147,32,1583769,VID,플러스멤버십,신학기,A,v1,False,False,5.1446460590940815,2094.204081618407,0.034689388822499875,0.0733899151272724,153.69345981020786,5331.532186834219
2025-03-07,google,외부,GGL_CMP_01_플러스가입,플러스가입,논타겟,IMG_플러스멤버십_신학기_B_v1,40659,1334,248888,127,37,2478400,1271,110,27,1930408,IMG,플러스멤버십,신학기,B,v1,False,False,7.7561312718973685,2262.6181817976126,0.03280946407929283,0.08245877061463085,186.57271364303855,6121.35074645205
2025-03-07,google,외부,GGL_CMP_01_플러스가입,플러스가입,논타겟,CRS_플러스멤버십_신학기_v1,59320,1287,261295,143,31,1998839,1139,106,26,1722308,CRS,플러스멤버십,신학기,N,v1,False,False,6.59143114104745,2465.0471697880657,0.021695886716115616,0.08236208236201836,203.02641802626027,4404.838165879899
2025-03-07,google,외부,GGL_CMP_01_플러스가입,플러스가입,논타겟,IMG_적립혜택_신학기_v2,56280,1297,277116,125,31,2164557,1226,97,27,1674121,IMG,적립혜택,신학기,N,v2,False,False,6.041228222116349,2856.865979351991,0.023045486851456593,0.07478797224358151,213.65921356961167,4923.880597014838
2025-03-07,google,외부,GGL_CMP_01_플러스가입,플러스가입,유사타겟,VID_플러스멤버십_신학기_A_v1,39730,1049,245469,145,31,1576348,968,113,25,1179180,VID,플러스멤버십,신학기,A,v1,False,False,4.8037837771775465,2172.2920353790064,0.026403221746790176,0.10772163965671333,234.0028598663165,6178.429398439312
2025-03-07,google,외부,GGL_CMP_01_플러스가입,플러스가입,유사타겟,IMG_플러스멤버십_신학기_B_v1,49382,967,246504,102,33,1976188,865,93,28,1685799,IMG,플러스멤버십,신학기,B,v1,False,False,6.8388302015382845,2650.5806451327894,0.019582033939491726,0.09617373319535039,254.91623578050164,4991.77838078642
2025-03-07,google,외부,GGL_CMP_01_플러스가입,플러스가입,유사타겟,CRS_플러스멤버십_신학기_v1,69386,2259,456222,281,93,6447875,2167,250,68,5220542,CRS,플러스멤버십,신학기,N,v1,False,False,11.442986090105231,1824.8879999927005,0.03255699997117527,0.11066843736161547,201.95750331996373,6575.130429769599
2025-03-07,google,외부,GGL_CMP_01_플러스가입,플러스가입,유사타겟,IMG_적립혜택_신학기_v2,68342,2300,364146,241,58,2705321,2212,190,40,2207975,IMG,적립혜택,신학기,N,v2,False,False,6.063433348162533,1916.557894726755,0.03365426823914966,0.08260869565213799,158.3243478260181,5328.290070527562
2025-03-07,google,외부,GGL_CMP_02_리타겟팅,리타겟팅,리마케팅,VID_할인쿠폰_신학기_A_v1,38990,1383,171945,172,91,4855407,1200,139,70,4448805,VID,할인쿠폰,신학기,A,v1,False,False,25.873418825787166,1237.0143884803094,0.03547063349576724,0.10050614605921872,124.32754880685154,4409.976917158133
2025-03-07,google,외부,GGL_CMP_02_리타겟팅,리타겟팅,리마케팅,IMG_할인쿠폰_신학기_B_v1,42621,1706,244779,173,72,5074485,1545,143,58,3928792,IMG,할인쿠폰,신학기,B,v1,False,False,16.050363797547927,1711.7412587292886,0.04002721663029868,0.0838218053926824,143.481242672835,5743.1547828533885
2025-03-07,google,외부,GGL_CMP_02_리타겟팅,리타겟팅,리마케팅,CRS_특가_신학기_v1,23424,918,126646,120,58,3943131,883,95,40,3539822,CRS,특가,신학기,N,v1,False,False,27.950523506466624,1333.1157894596513,0.03919057377049013,0.1034858387798437,137.95860566433774,5406.676912568076
2025-03-07,google,외부,GGL_CMP_03_첫구매,첫구매,논타겟,VID_적립혜택_신학기_A_v1,59000,1836,270087,211,68,4368244,1750,191,60,3556128,VID,적립혜택,신학기,A,v1,False,False,13.16660187272985,1414.0680628198218,0.031118644067796086,0.10403050108926795,147.10620915024668,4577.745762711787
2025-03-07,google,외부,GGL_CMP_03_첫구매,첫구매,논타겟,IMG_적립혜택_신학기_B_v1,49611,1225,257416,105,36,2453102,1053,90,27,1776537,IMG,적립혜택,신학기,B,v1,False,False,6.901424153898721,2860.177777745998,0.024692104573581976,0.07346938775504207,210.1355102039101,5188.687992582186
2025-03-07,google,외부,GGL_CMP_03_첫구매,첫구매,논타겟,CRS_할인쿠폰_신학기_v1,41665,1036,210140,96,42,2262381,918,71,37,1919056,CRS,할인쿠폰,신학기,N,v1,False,False,9.132273722280342,2959.7183098174687,0.024864994599783398,0.06853281853275238,202.83783783764204,5043.561742469577
2025-03-07,google,외부,GGL_CMP_03_첫구매,첫구매,유사타겟,VID_적립혜택_신학기_A_v1,59608,1432,330089,91,45,3438996,1277,81,36,3040496,VID,적립혜택,신학기,A,v1,False,False,9.211140025871783,4075.172839455862,0.024023620990470677,0.056564245810016366,230.50907821212954,5537.662729834829
2025-03-07,google,외부,GGL_CMP_03_첫구매,첫구매,유사타겟,IMG_적립혜택_신학기_B_v1,51981,1461,319172,110,38,1891572,1398,95,28,1432618,IMG,적립혜택,신학기,B,v1,False,False,4.488545361121889,3359.7052631225292,0.02810642350089402,0.0650239561943429,218.46132785748225,6140.166599334254
2025-03-07,google,외부,GGL_CMP_03_첫구매,첫구매,유사타겟,CRS_할인쿠폰_신학기_v1,57012,1059,355137,97,30,1752503,961,74,20,1309665,CRS,할인쿠폰,신학기,N,v1,False,False,3.6877740139720623,4799.148648583795,0.01857503683435034,0.06987724268170928,335.35127478721876,6229.162281624812
2025-03-07,meta,외부,META_CMP_01_신규유저,신규유저,논타겟,VID_플러스멤버십_신학기_A_v1,30803,607,147964,43,11,651827,549,31,8,583055,VID,플러스멤버십,신학기,A,v1,False,False,3.9405193155091514,4773.032257910548,0.019705872804596316,0.05107084019760944,243.76276770964785,4803.5580949905925
2025-03-07,meta,외부,META_CMP_01_신규유저,신규유저,논타겟,IMG_적립혜택_신학기_B_v1,42356,805,187088,65,12,614731,744,56,9,514806,IMG,적립혜택,신학기,B,v1,False,False,2.7516783545710966,3340.857142797485,0.019005571819812567,0.06956521739121793,232.40745341586037,4417.036547360364
2025-03-07,meta,외부,META_CMP_01_신규유저,신규유저,논타겟,CRS_플러스멤버십_신학기_v1,30704,463,119831,29,4,222518,394,20,3,180739,CRS,플러스멤버십,신학기,N,v1,False,False,1.5082824978511278,5991.549999700423,0.015079468473162614,0.04319654427636459,258.81425485905226,3902.7813965605815
2025-03-07,meta,외부,META_CMP_02_룩얼라이크,룩얼라이크,유사타겟,VID_플러스멤버십_신학기_A_v1,43968,839,153942,76,20,768736,745,68,17,577290,VID,플러스멤버십,신학기,A,v1,False,False,3.7500487196476353,2263.8529411431787,0.019082059679766672,0.08104886769954583,183.48271752063948,3501.228165938785
2025-03-07,meta,외부,META_CMP_02_룩얼라이크,룩얼라이크,유사타겟,IMG_할인쿠폰_신학기_B_v1,51279,1038,211897,81,23,910122,911,62,16,835969,IMG,할인쿠폰,신학기,B,v1,False,False,3.945166755546308,3417.693548331973,0.02024220441116207,0.05973025048163803,204.13969171463955,4132.237368123323
2025-03-07,meta,외부,META_CMP_02_룩얼라이크,룩얼라이크,유사타겟,CRS_특가_신학기_v1,48233,720,186700,48,12,535151,659,39,10,466080,CRS,특가,신학기,N,v1,False,False,2.4964113551151446,4787.179487056739,0.014927539236621922,0.05416666666659144,259.30555555519544,3870.7938548296006
2025-03-07,meta,외부,META_CMP_03_재구매,재구매,VIP,IMG_배송혜택_신학기_A_v1,10578,253,47524,11,4,274141,228,8,3,249319,IMG,배송혜택,신학기,A,v1,False,False,5.246170356030527,5940.499999257438,0.023917564757040658,0.031620553359558816,187.84189723245913,4492.720741160476
2025-03-07,meta,외부,META_CMP_03_재구매,재구매,VIP,VID_적립혜택_신학기_B_v1,12210,237,43570,12,5,328831,215,9,4,298230,VID,적립혜택,신학기,B,v1,False,False,6.844847372044828,4841.11111057321,0.01941031941031782,0.037974683544143566,183.8396624464817,3568.386568386276
2025-03-07,meta,외부,META_CMP_03_재구매,재구매,VIP,CRS_신상품_신학기_v1,11754,348,48271,17,6,446393,336,15,4,397682,CRS,신상품,신학기,N,v1,False,False,8.23852830892237,3218.066666452129,0.029606942317506414,0.04310344827573821,138.70977011454394,4106.7721626676785
2025-03-07,meta,외부,META_CMP_03_재구매,재구매,윈백,IMG_배송혜택_신학기_A_v1,18038,421,84044,21,9,570584,370,16,7,450875,IMG,배송혜택,신학기,A,v1,False,False,5.364749416971998,5252.749999671703,0.02333961636544942,0.038004750593733955,199.62945368123604,4659.2748641753715
2025-03-07,meta,외부,META_CMP_03_재구매,재구매,윈백,VID_적립혜택_신학기_B_v1,22101,625,90824,34,14,1141109,533,29,10,914885,VID,적립혜택,신학기,B,v1,False,False,10.073163481018122,3131.862068857522,0.02827926338174615,0.04639999999992576,145.31839999976748,4109.49730781394
2025-03-07,meta,외부,META_CMP_03_재구매,재구매,윈백,CRS_신상품_신학기_v1,19990,460,68007,31,11,911646,416,24,8,741607,CRS,신상품,신학기,N,v1,False,False,10.904862734718323,2833.624999881932,0.023011505752875288,0.05217391304336484,147.8413043475047,3402.051025512586
2025-03-07,naver,자체,NVR_CMP_01_브랜드KW,브랜드KW,논타겟,TXT_플러스멤버십_신학기_A_v1,7378,749,54706,176,76,6160118,642,145,64,5267538,TXT,플러스멤버십,신학기,A,v1,False,False,96.28812196102629,377.2827586180877,0.10151802656545113,0.1935914552734398,73.03871829095722,7414.746543777796
2025-03-07,naver,자체,NVR_CMP_02_일반KW,일반KW,논타겟,TXT_할인쿠폰_신학기_A_v1,9171,899,80367,165,58,3518808,823,124,43,2728174,TXT,할인쿠폰,신학기,A,v1,False,False,33.946445680440554,648.1209677367087,0.09802638752588616,0.13793103448260519,89.39599555051235,8763.166503106666
2025-03-07,naver,자체,NVR_CMP_02_일반KW,일반KW,논타겟,TXT_플러스멤버십_신학기_B_v1,10665,1114,95575,189,69,3948597,1085,170,60,2950897,TXT,플러스멤버십,신학기,B,v1,False,False,30.87519748888275,562.2058823496341,0.10445382090950732,0.1526032315977086,85.7944344703,8961.556493201222
2025-03-07,naver,자체,NVR_CMP_03_재구매,재구매,VIP,IMG_배송혜택_신학기_A_v1,5113,385,43052,46,35,2450874,375,34,24,2279075,IMG,배송혜택,신학기,A,v1,False,False,52.93772647031374,1266.235294080405,0.07529825933892523,0.08831168831145893,111.82337662308618,8420.105613141322
2025-03-07,naver,자체,NVR_CMP_03_재구매,재구매,VIP,VID_적립혜택_신학기_B_v1,6167,267,53986,30,22,2247087,239,23,15,1943238,VID,적립혜택,신학기,B,v1,False,False,35.99522098321721,2347.217391202295,0.04329495702934274,0.08614232209705565,202.19475655354984,8754.013296577145
2025-03-07,naver,자체,NVR_CMP_03_재구매,재구매,VIP,CRS_신상품_신학기_v1,5717,348,50046,40,36,2635399,300,35,28,2311940,CRS,신상품,신학기,N,v1,False,False,46.1962994045469,1429.8857142448605,0.06087108623402818,0.10057471264338916,143.81034482717297,8753.891901345329
2025-03-07,naver,자체,NVR_CMP_03_재구매,재구매,윈백,IMG_배송혜택_신학기_A_v1,8718,641,67004,45,35,3144913,580,32,28,2692237,IMG,배송혜택,신학기,A,v1,False,False,40.18024297056832,2093.874999934567,0.07352603808212049,0.049921996879797315,104.5304212166856,7685.707731130111
2025-03-07,naver,자체,NVR_CMP_03_재구매,재구매,윈백,VID_적립혜택_신학기_B_v1,9060,583,66121,54,39,3385022,544,47,29,3066633,VID,적립혜택,신학기,B,v1,False,False,46.37910799897088,1406.82978720411,0.06434878587195758,0.08061749571169706,113.41509433942811,7298.123620308245
2025-03-07,naver,자체,NVR_CMP_03_재구매,재구매,윈백,CRS_신상품_신학기_v1,10124,420,76873,31,20,2237661,389,21,16,1642975,CRS,신상품,신학기,N,v1,False,False,21.37258855514912,3660.6190474447326,0.04148557882259566,0.04999999999988095,183.0309523805166,7593.1450019747535
2025-03-08,google,외부,GGL_CMP_01_플러스가입,플러스가입,논타겟,VID_플러스멤버십_신학기_A_v1,46653,1437,276262,118,25,1584255,1314,106,21,1245643,VID,플러스멤버십,신학기,A,v1,False,False,4.5089190695788615,2606.245282994281,0.03080187769275222,0.07376478775221032,192.24913013208612,5921.634192870643
2025-03-08,google,외부,GGL_CMP_01_플러스가입,플러스가입,논타겟,IMG_플러스멤버십_신학기_B_v1,49619,1512,286347,168,56,2567311,1295,120,48,2135248,IMG,플러스멤버십,신학기,B,v1,False,False,7.456854795056322,2386.2249999801147,0.030472198149901642,0.07936507936502687,189.38293650781125,5770.9143674800835
2025-03-08,google,외부,GGL_CMP_01_플러스가입,플러스가입,논타겟,CRS_플러스멤버십_신학기_v1,38183,929,193838,132,29,1747147,800,105,24,1382539,CRS,플러스멤버십,신학기,N,v1,False,False,7.132445650491611,1846.0761904586088,0.024330199303354262,0.11302475780396876,208.6523143162447,5076.552392425816
2025-03-08,google,외부,GGL_CMP_01_플러스가입,플러스가입,논타겟,IMG_적립혜택_신학기_v2,35338,854,179000,77,16,970511,757,54,14,876846,IMG,적립혜택,신학기,N,v2,False,False,4.898581005586565,3314.8148147534293,0.024166619503083818,0.06323185011702198,209.60187353605434,5065.36872488525
2025-03-08,google,외부,GGL_CMP_01_플러스가입,플러스가입,유사타겟,VID_플러스멤버십_신학기_A_v1,32995,1028,202022,118,26,1399504,884,106,21,1229470,VID,플러스멤버십,신학기,A,v1,False,False,6.085822336181178,1905.867924510322,0.031156235793301075,0.10311284046682577,196.5194552527271,6122.806485831002
2025-03-08,google,외부,GGL_CMP_01_플러스가입,플러스가입,유사타겟,IMG_플러스멤버십_신학기_B_v1,38930,948,245553,110,26,1289707,925,99,18,1111219,IMG,플러스멤버십,신학기,B,v1,False,False,4.525373340989503,2480.333333308279,0.024351399948625115,0.10443037974672528,259.02215189846095,6307.552016439602
2025-03-08,google,외부,GGL_CMP_01_플러스가입,플러스가입,유사타겟,CRS_플러스멤버십_신학기_v1,29089,730,151919,73,24,1332149,650,64,18,1225153,CRS,플러스멤버십,신학기,N,v1,False,False,8.064514642671371,2373.7343749629104,0.025095396885419743,0.08767123287659223,208.1082191777971,5222.558355391893
2025-03-08,google,외부,GGL_CMP_01_플러스가입,플러스가입,유사타겟,IMG_적립혜택_신학기_v2,52032,1667,270686,156,32,1892332,1488,139,27,1385482,IMG,적립혜택,신학기,N,v2,False,False,5.1184102613359945,1947.381294950019,0.03203797662976569,0.08338332333528291,162.37912417506757,5202.298585485755
2025-03-08,google,외부,GGL_CMP_02_리타겟팅,리타겟팅,리마케팅,VID_할인쿠폰_신학기_A_v1,25898,799,164443,101,33,1607009,782,92,24,1429606,VID,할인쿠폰,신학기,A,v1,False,False,8.693626362934216,1787.4239130240496,0.030851803228047307,0.11514392991224638,205.81101376695142,6349.640898910868
2025-03-08,google,외부,GGL_CMP_02_리타겟팅,리타겟팅,리마케팅,IMG_할인쿠폰_신학기_B_v1,29791,1338,138329,141,73,3568962,1230,127,51,2734792,IMG,할인쿠폰,신학기,B,v1,False,False,19.770200030362254,1089.2047244008725,0.04491289315564953,0.09491778774282891,103.38490283998253,4643.315095162813
2025-03-08,google,외부,GGL_CMP_02_리타겟팅,리타겟팅,리마케팅,CRS_특가_신학기_v1,25232,1123,116111,149,77,4938729,1099,135,53,3823673,CRS,특가,신학기,N,v1,False,False,32.931186537020324,860.0814814751105,0.04450697526949728,0.12021371326792502,103.39358860186697,4601.735890931967
2025-03-08,google,외부,GGL_CMP_03_첫구매,첫구매,논타겟,VID_적립혜택_신학기_A_v1,38408,821,228446,95,29,2206045,708,79,22,1802989,VID,적립혜택,신학기,A,v1,False,False,7.892407833798763,2891.7215189507374,0.02137575505103048,0.09622411693045527,278.2533495733517,5947.875442615968
2025-03-08,google,외부,GGL_CMP_03_첫구매,첫구매,논타겟,IMG_적립혜택_신학기_B_v1,49694,1598,311252,173,77,3963463,1371,133,60,3014492,IMG,적립혜택,신학기,B,v1,False,False,9.685052626167833,2340.240601486164,0.0321567996136348,0.08322903629531712,194.77596996233117,6263.371835633955
2025-03-08,google,외부,GGL_CMP_03_첫구매,첫구매,논타겟,CRS_할인쿠폰_신학기_v1,31119,585,186471,39,12,701439,546,30,10,645307,CRS,할인쿠폰,신학기,N,v1,False,False,3.4606292667492347,6215.69999979281,0.0187988045888358,0.05128205128196362,318.75384615330125,5992.191265785983
2025-03-08,google,외부,GGL_CMP_03_첫구매,첫구매,유사타겟,VID_적립혜택_신학기_A_v1,36813,665,166746,52,14,864342,572,44,12,734253,VID,적립혜택,신학기,A,v1,False,False,4.40342197114171,3789.6818180956893,0.0180642707739109,0.06616541353373509,250.74586466127707,4529.541194686537
2025-03-08,google,외부,GGL_CMP_03_첫구매,첫구매,유사타겟,IMG_적립혜택_신학기_B_v1,50852,1200,292430,95,43,2497136,1083,84,33,2190876,IMG,적립혜택,신학기,B,v1,False,False,7.4919673084156635,3481.3095237680795,0.023597891921654537,0.06999999999994166,243.6916666664636,5750.6096122078625
2025-03-08,google,외부,GGL_CMP_03_첫구매,첫구매,유사타겟,CRS_할인쿠폰_신학기_v1,36434,1177,184643,123,54,2913775,1090,89,47,2622730,CRS,할인쿠폰,신학기,N,v1,False,False,14.20432943572183,2074.6404494148915,0.03230498984464972,0.07561597281217025,156.87595581974776,5067.876159630975
2025-03-08,meta,외부,META_CMP_01_신규유저,신규유저,논타겟,VID_플러스멤버십_신학기_A_v1,33351,488,115145,30,5,252866,461,21,3,187620,VID,플러스멤버십,신학기,A,v1,False,False,1.6294237700290795,5483.095237834138,0.014632244910197158,0.04303278688515772,235.95286885197552,3452.520164312811
2025-03-08,meta,외부,META_CMP_01_신규유저,신규유저,논타겟,IMG_적립혜택_신학기_B_v1,35181,529,156077,41,6,226933,501,36,5,188479,IMG,적립혜택,신학기,B,v1,False,False,1.2076026576625563,4335.472222101793,0.015036525397231035,0.06805293005658213,295.0415879011436,4436.400329723305
2025-03-08,meta,외부,META_CMP_01_신규유저,신규유저,논타겟,CRS_플러스멤버십_신학기_v1,24552,436,88022,34,7,277926,417,30,4,204992,CRS,플러스멤버십,신학기,N,v1,False,False,2.3288723273726757,2934.0666665688645,0.017758227435646066,0.06880733944938347,201.8853211004544,3585.125448028528
2025-03-08,meta,외부,META_CMP_02_룩얼라이크,룩얼라이크,유사타겟,VID_플러스멤버십_신학기_A_v1,37369,614,165616,37,10,584557,567,29,7,485829,VID,플러스멤버십,신학기,A,v1,False,False,2.9334665732779266,5710.89655152721,0.016430731354865894,0.047231270358229265,269.732899022362,4431.908801412817
2025-03-08,meta,외부,META_CMP_02_룩얼라이크,룩얼라이크,유사타겟,IMG_할인쿠폰_신학기_B_v1,33983,610,159835,52,14,541337,563,37,11,461762,IMG,할인쿠폰,신학기,B,v1,False,False,2.888991772765647,4319.864864748112,0.017950151546360888,0.0606557377048186,262.02459016350485,4703.381102315726
2025-03-08,meta,외부,META_CMP_02_룩얼라이크,룩얼라이크,유사타겟,CRS_특가_신학기_v1,39758,772,166468,68,17,838792,726,49,11,773059,CRS,특가,신학기,N,v1,False,False,4.643889516303406,3397.306122379647,0.019417475728154852,0.06347150259059135,215.6321243520523,4187.0315408218685
2025-03-08,meta,외부,META_CMP_03_재구매,재구매,VIP,IMG_배송혜택_신학기_A_v1,10362,302,39470,15,7,406617,288,12,6,305124,IMG,배송혜택,신학기,A,v1,False,False,7.730529516087973,3289.1666663925694,0.02914495271182888,0.03973509933761677,130.69536423797783,3809.110210383728
2025-03-08,meta,외부,META_CMP_03_재구매,재구매,VIP,VID_적립혜택_신학기_B_v1,8597,176,31576,11,3,229510,161,9,2,199298,VID,적립혜택,신학기,B,v1,False,False,6.311692424626099,3508.444444054617,0.020472257764334013,0.051136363636073094,179.40909090807156,3672.9091543557433
2025-03-08,meta,외부,META_CMP_03_재구매,재구매,VIP,CRS_신상품_신학기_v1,7450,188,31490,7,3,190314,160,6,2,147503,CRS,신상품,신학기,N,v1,False,False,4.68412194347397,5248.333332458611,0.02523489932885567,0.03191489361685152,167.49999999910906,4226.845637583325
2025-03-08,meta,외부,META_CMP_03_재구매,재구매,윈백,IMG_배송혜택_신학기_A_v1,14979,320,57890,17,8,646368,300,14,6,562846,IMG,배송혜택,신학기,A,v1,False,False,9.722680946622738,4134.9999997046425,0.021363241871952644,0.04374999999986328,180.90624999943466,3864.7439748979327
2025-03-08,meta,외부,META_CMP_03_재구매,재구매,윈백,VID_적립혜택_신학기_B_v1,11245,321,49771,23,12,778370,289,19,8,575753,VID,적립혜택,신학기,B,v1,False,False,11.56804163066823,2619.526315651604,0.028546020453532366,0.05919003115246359,155.0498442362771,4426.056024899562
2025-03-08,meta,외부,META_CMP_03_재구매,재구매,윈백,CRS_신상품_신학기_v1,14700,370,58145,24,9,652840,340,21,6,590699,CRS,신상품,신학기,N,v1,False,False,10.159067847622149,2768.8095236776758,0.025170068027209173,0.05675675675660336,157.14864864822394,3955.442176870479
2025-03-08,naver,자체,NVR_CMP_01_브랜드KW,브랜드KW,논타겟,TXT_플러스멤버십_신학기_A_v1,6132,925,57127,237,149,8505776,833,215,114,6352752,TXT,플러스멤버십,신학기,A,v1,False,False,111.20401911530256,265.7069767429502,0.15084801043702692,0.23243243243218115,61.75891891885215,9316.21004566058
2025-03-08,naver,자체,NVR_CMP_02_일반KW,일반KW,논타겟,TXT_할인쿠폰_신학기_A_v1,11873,1159,76862,136,39,2813241,1014,106,34,2310286,TXT,할인쿠폰,신학기,A,v1,False,False,30.057583721474458,725.1132075403291,0.0976164406636825,0.09145815358059409,66.31751509916624,6473.679777646216
2025-03-08,naver,자체,NVR_CMP_02_일반KW,일반KW,논타겟,TXT_플러스멤버십_신학기_B_v1,9955,886,77959,169,74,5082124,777,118,55,4470159,TXT,플러스멤버십,신학기,B,v1,False,False,57.33987095781042,660.6694915198248,0.08900050226016182,0.13318284424364202,87.98984198635667,7831.140130586858
2025-03-08,naver,자체,NVR_CMP_03_재구매,재구매,VIP,IMG_배송혜택_신학기_A_v1,4609,327,37183,36,29,2932352,301,32,23,2300982,IMG,배송혜택,신학기,A,v1,False,False,61.88263453728689,1161.9687499636887,0.07094814493380973,0.09785932721682612,113.70948012197643,8067.476676066811
2025-03-08,naver,자체,NVR_CMP_03_재구매,재구매,VIP,VID_적립혜택_신학기_B_v1,4266,287,30846,32,25,2774380,252,25,20,2340439,VID,적립혜택,신학기,B,v1,False,False,75.87495947610465,1233.8399999506464,0.06727613689637428,0.08710801393697871,107.47735191600182,7230.661040785927
2025-03-08,naver,자체,NVR_CMP_03_재구매,재구매,VIP,CRS_신상품_신학기_v1,4979,371,38380,29,14,1315089,350,21,11,1083132,CRS,신상품,신학기,N,v1,False,False,28.221261073475034,1827.6190475320182,0.0745129544085008,0.05660377358475309,103.45013477061065,7708.375175736551
2025-03-08,naver,자체,NVR_CMP_03_재구매,재구매,윈백,IMG_배송혜택_신학기_A_v1,7996,399,64238,38,31,2863980,379,33,23,2476314,IMG,배송혜택,신학기,A,v1,False,False,38.54905196301195,1946.6060605470727,0.04989994997498125,0.08270676691708595,160.99749373393234,8033.766883440716
2025-03-08,naver,자체,NVR_CMP_03_재구매,재구매,윈백,VID_적립혜택_신학기_B_v1,5329,384,40374,40,30,2947141,369,29,26,2565633,VID,적립혜택,신학기,B,v1,False,False,63.54666369445526,1392.206896503717,0.07205854756988701,0.07552083333313667,105.1406249997262,7576.2807280901525
2025-03-08,naver,자체,NVR_CMP_03_재구매,재구매,윈백,CRS_신상품_신학기_v1,8374,566,56562,45,26,2042030,513,36,19,1699759,CRS,신상품,신학기,N,v1,False,False,30.051253491743044,1571.1666666230233,0.06759016001909868,0.06360424028257314,99.93286219063616,6754.478146643568
2025-03-09,google,외부,GGL_CMP_01_플러스가입,플러스가입,논타겟,VID_플러스멤버십_신학기_A_v1,36251,1261,193192,183,53,3064221,1171,144,39,2561227,VID,플러스멤버십,신학기,A,v1,False,False,13.257417491407443,1341.6111111017944,0.034785247303521706,0.11419508326715766,153.20539254547722,5329.287467931772
2025-03-09,google,외부,GGL_CMP_01_플러스가입,플러스가입,논타겟,IMG_플러스멤버십_신학기_B_v1,40745,965,204442,101,28,1489736,830,78,20,1365941,IMG,플러스멤버십,신학기,B,v1,False,False,6.681313037438459,2621.0512820176787,0.023683887593569184,0.08082901554395769,211.85699481843332,5017.597251196343
2025-03-09,google,외부,GGL_CMP_01_플러스가입,플러스가입,논타겟,CRS_플러스멤버십_신학기_v1,36853,918,225984,96,27,1873896,863,77,21,1529182,CRS,플러스멤버십,신학기,N,v1,False,False,6.766771098838826,2934.8571428190276,0.024909776680323858,0.08387799564261016,246.16993464025472,6132.038097305345
2025-03-09,google,외부,GGL_CMP_01_플러스가입,플러스가입,논타겟,IMG_적립혜택_신학기_v2,35716,1257,162208,159,55,3003479,1213,143,42,2366376,IMG,적립혜택,신학기,N,v2,False,False,14.58852830933114,1134.3216783137461,0.03519431067308671,0.1137629276053192,129.04375497205328,4541.606002911733
2025-03-09,google,외부,GGL_CMP_01_플러스가입,플러스가입,유사타겟,VID_플러스멤버십_신학기_A_v1,31852,1006,148405,125,33,1685383,884,104,25,1326129,VID,플러스멤버십,신학기,A,v1,False,False,8.935878171220587,1426.971153832433,0.03158357402988724,0.10337972166987736,147.51988071555914,4659.205073464628
2025-03-09,google,외부,GGL_CMP_01_플러스가입,플러스가입,유사타겟,IMG_플러스멤버십_신학기_B_v1,47870,1536,256527,221,63,3535339,1425,166,52,3223656,IMG,플러스멤버십,신학기,B,v1,False,False,12.56653685576952,1545.3433734846667,0.03208690202632062,0.10807291666659631,167.00976562489126,5358.825987048144
2025-03-09,google,외부,GGL_CMP_01_플러스가입,플러스가입,유사타겟,CRS_플러스멤버십_신학기_v1,30108,1054,155722,123,26,1741075,950,91,17,1530938,CRS,플러스멤버십,신학기,N,v1,False,False,9.831224875097869,1711.2307692119643,0.03500730702803125,0.08633776091073403,147.74383301693763,5172.113723927024
2025-03-09,google,외부,GGL_CMP_01_플러스가입,플러스가입,유사타겟,IMG_적립혜택_신학기_v2,36975,1001,214694,94,22,1044382,887,76,18,818915,IMG,적립혜택,신학기,N,v2,False,False,3.8143357522799715,2824.9210525944086,0.02707234617985052,0.07592407592400008,214.47952047930622,5806.463826909919
2025-03-09,google,외부,GGL_CMP_02_리타겟팅,리타겟팅,리마케팅,VID_할인쿠폰_신학기_A_v1,27167,761,142340,84,39,2273592,671,70,26,1676525,VID,할인쿠폰,신학기,A,v1,False,False,11.778312491218127,2033.4285713995223,0.028011926234032907,0.09198423127451776,187.04336399449798,5239.444914786129
2025-03-09,google,외부,GGL_CMP_02_리타겟팅,리타겟팅,리마케팅,IMG_할인쿠폰_신학기_B_v1,26736,939,119614,71,26,1794642,865,50,22,1620199,IMG,할인쿠폰,신학기,B,v1,False,False,13.545228819368857,2392.2799999521544,0.03512118491920874,0.05324813631517226,127.3844515440603,4473.892878515691
2025-03-09,google,외부,GGL_CMP_02_리타겟팅,리타겟팅,리마케팅,CRS_특가_신학기_v1,23838,705,146557,77,32,2065246,608,59,23,1667756,CRS,특가,신학기,N,v1,False,False,11.379572453038673,2484.0169491104407,0.02957462874402091,0.08368794326229265,207.88226950325122,6148.040943031876
2025-03-09,google,외부,GGL_CMP_03_첫구매,첫구매,논타겟,VID_적립혜택_신학기_A_v1,29265,619,138697,52,21,1294270,595,47,18,1041381,VID,적립혜택,신학기,A,v1,False,False,7.50831669033932,2950.999999937213,0.0211515462156152,0.07592891760892419,224.06623586393528,4739.34734324262
2025-03-09,google,외부,GGL_CMP_03_첫구매,첫구매,논타겟,IMG_적립혜택_신학기_B_v1,46212,1152,208221,93,29,2215213,1106,71,23,1644768,IMG,적립혜택,신학기,B,v1,False,False,7.899145619317899,2932.6901408037647,0.02492858997662891,0.06163194444439094,180.74739583317643,4505.777720072611
2025-03-09,google,외부,GGL_CMP_03_첫구매,첫구매,논타겟,CRS_할인쿠폰_신학기_v1,45974,1294,285325,105,39,2626757,1214,92,29,1914749,CRS,할인쿠폰,신학기,N,v1,False,False,6.710764917199661,3101.3586956184636,0.02814634358550424,0.0710973724883531,220.49845440477552,6206.225257754248
2025-03-09,google,외부,GGL_CMP_03_첫구매,첫구매,유사타겟,VID_적립혜택_신학기_A_v1,53157,1631,344901,188,83,6150813,1523,158,66,5540578,VID,적립혜택,신학기,A,v1,False,False,16.064256119872034,2182.9177215051714,0.030682694659216463,0.09687308399748812,211.46597179631425,6488.345843444768
2025-03-09,google,외부,GGL_CMP_03_첫구매,첫구매,유사타겟,IMG_적립혜택_신학기_B_v1,45546,1107,288054,102,29,1542832,967,77,25,1230969,IMG,적립혜택,신학기,B,v1,False,False,4.273396654793878,3740.961038912455,0.024305098142536685,0.06955736224022624,260.21138211358607,6324.463180081537
2025-03-09,google,외부,GGL_CMP_03_첫구매,첫구매,유사타겟,CRS_할인쿠폰_신학기_v1,40697,1024,204904,86,32,2138805,981,75,27,1576853,CRS,할인쿠폰,신학기,N,v1,False,False,7.695569632608404,2732.0533332969057,0.025161559820133544,0.07324218749992847,200.1015624998046,5034.867434945942
2025-03-09,meta,외부,META_CMP_01_신규유저,신규유저,논타겟,VID_플러스멤버십_신학기_A_v1,36816,618,158927,32,7,328151,555,22,5,283679,VID,플러스멤버십,신학기,A,v1,False,False,1.7849641659378095,7223.954545126184,0.016786179921772688,0.035598705501560524,257.16343042029587,4316.791612342343
2025-03-09,meta,외부,META_CMP_01_신규유저,신규유저,논타겟,IMG_적립혜택_신학기_B_v1,27699,527,121176,29,5,193835,510,24,3,170470,IMG,적립혜택,신학기,B,v1,False,False,1.4067967254241647,5048.999999789625,0.019025957615797718,0.04554079696386046,229.93548387053144,4374.742770496971
2025-03-09,meta,외부,META_CMP_01_신규유저,신규유저,논타겟,CRS_플러스멤버십_신학기_v1,36413,596,161749,45,9,418602,540,35,6,380323,CRS,플러스멤버십,신학기,N,v1,False,False,2.3513159277646087,4621.39999986796,0.016367780737648194,0.05872483221466657,271.3909395968601,4442.0673935131845
2025-03-09,meta,외부,META_CMP_02_룩얼라이크,룩얼라이크,유사타겟,VID_플러스멤버십_신학기_A_v1,31148,514,120512,42,11,609407,479,32,9,494046,VID,플러스멤버십,신학기,A,v1,False,False,4.099558550185839,3765.9999998823127,0.01650186207782148,0.06225680933840028,234.45914396841545,3869.012456658409
2025-03-09,meta,외부,META_CMP_02_룩얼라이크,룩얼라이크,유사타겟,IMG_할인쿠폰_신학기_B_v1,30947,554,121466,40,10,612179,523,35,7,519509,IMG,할인쿠폰,신학기,B,v1,False,False,4.2769910921574406,3470.457142757987,0.01790157365818923,0.06317689530674517,219.25270758083167,3924.968494522767
2025-03-09,meta,외부,META_CMP_02_룩얼라이크,룩얼라이크,유사타겟,CRS_특가_신학기_v1,39014,696,193131,59,12,493215,610,49,9,458079,CRS,특가,신학기,N,v1,False,False,2.371856408344583,3941.448979511399,0.017839749833392687,0.07040229885047355,277.48706896511857,4950.29989234621
2025-03-09,meta,외부,META_CMP_03_재구매,재구매,VIP,IMG_배송혜택_신학기_A_v1,10379,186,51434,11,5,413079,176,9,3,354948,IMG,배송혜택,신학기,A,v1,False,False,6.9010382237429155,5714.888888253901,0.01792080161865132,0.04838709677393341,276.5268817189434,4955.5833895360865
2025-03-09,meta,외부,META_CMP_03_재구매,재구매,VIP,VID_적립혜택_신학기_B_v1,11256,288,50948,15,6,512584,262,12,4,380240,VID,적립혜택,신학기,B,v1,False,False,7.463295909554694,4245.666666312861,0.025586353944560627,0.041666666666521995,176.90277777716355,4526.297085998176
2025-03-09,meta,외부,META_CMP_03_재구매,재구매,VIP,CRS_신상품_신학기_v1,8557,218,39263,12,4,286805,210,9,2,246563,CRS,신상품,신학기,N,v1,False,False,6.2797799454956,4362.555555070827,0.025476218300803377,0.0412844036695354,180.1055045863298,4588.40715203873
2025-03-09,meta,외부,META_CMP_03_재구매,재구매,윈백,IMG_배송혜택_신학기_A_v1,12458,354,53086,25,11,597884,336,21,9,535525,IMG,배송혜택,신학기,A,v1,False,False,10.087876276230832,2527.9047617843853,0.02841547599935556,0.05932203389813751,149.9604519769775,4261.197624016354
2025-03-09,meta,외부,META_CMP_03_재구매,재구매,윈백,VID_적립혜택_신학기_B_v1,15617,386,74325,19,9,681495,348,13,7,566656,VID,적립혜택,신학기,B,v1,False,False,7.624029599730808,5717.307691867899,0.024716654927321207,0.03367875647659669,192.55181347100375,4759.236729205048
2025-03-09,meta,외부,META_CMP_03_재구매,재구매,윈백,CRS_신상품_신학기_v1,19615,494,69780,22,8,487443,467,19,6,396412,CRS,신상품,신학기,N,v1,False,False,5.6808827744338535,3672.631578754072,0.0251848075452447,0.0384615384614606,141.255060728459,3557.481519245294
2025-03-09,naver,자체,NVR_CMP_01_브랜드KW,브랜드KW,논타겟,TXT_플러스멤버십_신학기_A_v1,5942,785,42813,223,151,10527789,740,168,135,9060032,TXT,플러스멤버십,신학기,A,v1,False,False,211.61871394202203,254.83928571276883,0.13211040053851697,0.21401273885323055,54.538853503115234,7205.149781217232
2025-03-09,naver,자체,NVR_CMP_02_일반KW,일반KW,논타겟,TXT_할인쿠폰_신학기_A_v1,9388,901,84733,119,40,2673404,849,98,35,2215776,TXT,할인쿠폰,신학기,A,v1,False,False,26.15009500430734,864.6224489707691,0.09597358329781679,0.10876803551597251,94.04328523851937,9025.6710694494
2025-03-09,naver,자체,NVR_CMP_02_일반KW,일반KW,논타겟,TXT_플러스멤버십_신학기_B_v1,7843,802,59553,145,40,2556234,701,127,28,1882269,TXT,플러스멤버십,신학기,B,v1,False,False,31.60661931388794,468.9212598388274,0.1022567894938031,0.15835411471301952,74.25561097247599,7593.14037995568
2025-03-09,naver,자체,NVR_CMP_03_재구매,재구매,VIP,IMG_배송혜택_신학기_A_v1,3680,238,31313,16,8,815817,231,12,6,633595,IMG,배송혜택,신학기,A,v1,False,False,20.234247756522205,2609.4166664492154,0.06467391304346069,0.05042016806701504,131.5672268902035,8508.967391302036
2025-03-09,naver,자체,NVR_CMP_03_재구매,재구매,VIP,VID_적립혜택_신학기_B_v1,2916,174,25201,13,9,747536,150,11,6,655846,VID,적립혜택,신학기,B,v1,False,False,26.02460219832443,2290.999999791727,0.05967078189298365,0.06321839080423439,144.83333333250096,8642.318244167132
2025-03-09,naver,자체,NVR_CMP_03_재구매,재구매,VIP,CRS_신상품_신학기_v1,3722,258,26636,25,20,1896907,234,21,15,1444623,CRS,신상품,신학기,N,v1,False,False,54.23573359363064,1268.3809523205532,0.06931757119826187,0.08139534883689382,103.24031007711923,7156.367544329081
2025-03-09,naver,자체,NVR_CMP_03_재구매,재구매,윈백,IMG_배송혜택_신학기_A_v1,6460,491,48952,52,33,3046558,443,41,25,2278509,IMG,배송혜택,신학기,A,v1,False,False,46.54577953913943,1193.9512194830745,0.07600619195045262,0.08350305498964664,99.69857433788249,7577.708978327
2025-03-09,naver,자체,NVR_CMP_03_재구매,재구매,윈백,VID_적립혜택_신학기_B_v1,6905,348,46078,27,22,2310876,329,22,15,1755821,VID,적립혜택,신학기,B,v1,False,False,38.105408220842094,2094.454545359343,0.050398262128884805,0.06321839080441605,132.408045976631,6673.135409122857
2025-03-09,naver,자체,NVR_CMP_03_재구매,재구매,윈백,CRS_신상품_신학기_v1,7169,522,52991,49,30,2883261,473,43,26,2265857,CRS,신상품,신학기,N,v1,False,False,42.75927987771428,1232.3488371806432,0.072813502580545,0.08237547892704526,101.51532567030361,7391.686427673679
2025-03-10,google,외부,GGL_CMP_01_플러스가입,플러스가입,논타겟,VID_플러스멤버십_신학기_A_v1,62004,1937,329297,263,122,8557578,1713,239,88,7540982,VID,플러스멤버십,신학기,A,v1,False,False,22.90024506752256,1377.8117154754068,0.031239920005160456,0.1233866804335966,170.00361383574082,5310.899296819475
2025-03-10,google,외부,GGL_CMP_01_플러스가입,플러스가입,논타겟,IMG_플러스멤버십_신학기_B_v1,70621,2137,413926,312,130,6536270,1917,261,112,5475767,IMG,플러스멤버십,신학기,B,v1,False,False,13.228854916096083,1585.9233716414333,0.030260120927202528,0.1221338324753757,193.69489939157992,5861.231078574278
2025-03-10,google,외부,GGL_CMP_01_플러스가입,플러스가입,논타겟,CRS_플러스멤버십_신학기_v1,43561,1431,240895,215,73,5116281,1340,161,61,4553763,CRS,플러스멤버십,신학기,N,v1,False,False,18.903518130305656,1496.2422360155515,0.03285048552604319,0.11250873515016596,168.34032145341138,5530.061293358612
2025-03-10,google,외부,GGL_CMP_01_플러스가입,플러스가입,논타겟,IMG_적립혜택_신학기_v2,69717,2155,429444,197,74,4809900,1941,178,52,4281542,IMG,적립혜택,신학기,N,v2,False,False,9.969965816264729,2412.60674155948,0.03091068175624265,0.08259860788859276,199.27795823656646,6159.817548087179
2025-03-10,google,외부,GGL_CMP_01_플러스가입,플러스가입,유사타겟,VID_플러스멤버십_신학기_A_v1,60683,2126,373375,198,64,3973507,1896,145,48,3631337,VID,플러스멤버십,신학기,A,v1,False,False,9.72571007700031,2574.9999999822417,0.035034523672197566,0.06820319849479388,175.62323612409426,6152.876423380417
2025-03-10,google,외부,GGL_CMP_01_플러스가입,플러스가입,유사타겟,IMG_플러스멤버십_신학기_B_v1,57824,1866,323954,258,76,4040276,1736,197,68,3552790,IMG,플러스멤버십,신학기,B,v1,False,False,10.966958271853377,1644.4365482150029,0.03227033757609241,0.10557341907818565,173.6087888530688,5602.414222468083
2025-03-10,google,외부,GGL_CMP_01_플러스가입,플러스가입,유사타겟,CRS_플러스멤버십_신학기_v1,53399,1260,308863,136,47,2345590,1132,119,34,2144226,CRS,플러스멤버십,신학기,N,v1,False,False,6.942320705296501,2595.487394936172,0.023595947489652925,0.09444444444436949,245.12936507917053,5784.05962658466
2025-03-10,google,외부,GGL_CMP_01_플러스가입,플러스가입,유사타겟,IMG_적립혜택_신학기_v2,42109,878,256841,104,47,3237822,785,77,41,2458775,IMG,적립혜택,신학기,N,v2,False,False,9.573140581137709,3335.597402554083,0.02085064950485595,0.08769931662860171,292.52961275593105,6099.432425372104
2025-03-10,google,외부,GGL_CMP_02_리타겟팅,리타겟팅,리마케팅,VID_할인쿠폰_신학기_A_v1,42234,1644,199245,146,109,6724796,1418,121,84,6185172,VID,할인쿠폰,신학기,A,v1,False,False,31.043047504328687,1646.6528925483747,0.03892598380451677,0.07360097323596497,121.19525547437884,4717.644551782812
2025-03-10,google,외부,GGL_CMP_02_리타겟팅,리타겟팅,리마케팅,IMG_할인쿠폰_신학기_B_v1,31591,973,145931,122,66,3805428,837,95,46,2762205,IMG,할인쿠폰,신학기,B,v1,False,False,18.92815782801448,1536.1157894575144,0.030799911367160558,0.09763617677276708,149.98047276449128,4619.385267955918
2025-03-10,google,외부,GGL_CMP_02_리타겟팅,리타겟팅,리마케팅,CRS_특가_신학기_v1,24575,943,121313,86,46,2099476,813,63,32,1602912,CRS,특가,신학기,N,v1,False,False,13.213027457898056,1925.6031745726095,0.03837232960325378,0.06680805938487083,128.6458112405847,4936.43947100692
2025-03-10,google,외부,GGL_CMP_03_첫구매,첫구매,논타겟,VID_적립혜택_신학기_A_v1,51342,1049,283302,115,58,3317899,1015,81,46,3079643,VID,적립혜택,신학기,A,v1,False,False,10.870530388066406,3497.5555555123756,0.020431615441548433,0.07721639656808654,270.06863679669203,5517.9385298584875
2025-03-10,google,외부,GGL_CMP_03_첫구매,첫구매,논타겟,IMG_적립혜택_신학기_B_v1,60326,1492,279822,137,87,5203539,1411,107,68,4461426,IMG,적립혜택,신학기,B,v1,False,False,15.943799987134621,2615.158878480232,0.02473228790239657,0.0717158176943219,187.54825737252847,4638.497496933252
2025-03-10,google,외부,GGL_CMP_03_첫구매,첫구매,논타겟,CRS_할인쿠폰_신학기_v1,61238,1131,325497,129,70,3476504,1041,114,53,2539093,CRS,할인쿠폰,신학기,N,v1,False,False,7.800664829476132,2855.2368420802172,0.018468924523988073,0.10079575596808064,287.7957559679153,5315.278095300217
2025-03-10,google,외부,GGL_CMP_03_첫구매,첫구매,유사타겟,VID_적립혜택_신학기_A_v1,48393,1210,299583,90,41,3010223,1053,79,33,2670451,VID,적립혜택,신학기,A,v1,False,False,8.913893645500549,3792.189873369719,0.025003616225486643,0.06528925619829315,247.5892561981425,6190.626743537161
2025-03-10,google,외부,GGL_CMP_03_첫구매,첫구매,유사타겟,IMG_적립혜택_신학기_B_v1,46971,1124,237519,106,43,2129334,1060,90,31,1837963,IMG,적립혜택,신학기,B,v1,False,False,7.738172525145324,2639.0999999706764,0.023929658725596138,0.08007117437715296,211.3158362987444,5056.715845947393
2025-03-10,google,외부,GGL_CMP_03_첫구매,첫구매,유사타겟,CRS_할인쿠폰_신학기_v1,51267,1598,315363,149,104,7296574,1514,125,75,5453784,CRS,할인쿠폰,신학기,N,v1,False,False,17.29367110282431,2522.9039999798165,0.031170148438566112,0.07822277847304242,197.34856070075259,6151.383931183683
2025-03-10,meta,외부,META_CMP_01_신규유저,신규유저,논타겟,VID_플러스멤버십_신학기_A_v1,49921,1050,226875,77,26,1021621,901,68,20,756987,VID,플러스멤버십,신학기,A,v1,False,False,3.3365818181818034,3336.3970587744648,0.02103323250736121,0.06476190476184308,216.07142857122278,4544.680595340547
2025-03-10,meta,외부,META_CMP_01_신규유저,신규유저,논타겟,IMG_적립혜택_신학기_B_v1,39407,655,170778,44,9,385216,566,34,6,325760,IMG,적립혜택,신학기,B,v1,False,False,1.9075056506107233,5022.8823527934455,0.016621412439413896,0.051908396946485635,260.72977099196834,4333.697058898056
2025-03-10,meta,외부,META_CMP_01_신규유저,신규유저,논타겟,CRS_플러스멤버십_신학기_v1,45467,691,163352,59,23,1049601,587,43,17,917712,CRS,플러스멤버십,신학기,N,v1,False,False,5.618002840491665,3798.8837208418868,0.015197835792992387,0.062228654124367254,236.39942112845674,3592.75958387394
2025-03-10,meta,외부,META_CMP_02_룩얼라이크,룩얼라이크,유사타겟,VID_플러스멤버십_신학기_A_v1,48469,898,204388,63,19,734371,864,56,13,647911,VID,플러스멤버십,신학기,A,v1,False,False,3.1700050883613367,3649.78571422054,0.018527306113185368,0.06236080178166775,227.60356347413406,4216.880892941794
2025-03-10,meta,외부,META_CMP_02_룩얼라이크,룩얼라이크,유사타겟,IMG_할인쿠폰_신학기_B_v1,38675,583,162661,39,15,799760,501,30,11,724528,IMG,할인쿠폰,신학기,B,v1,False,False,4.454220741296289,5422.033333152599,0.015074337427278215,0.05145797598618961,279.0068610629863,4205.843568196401
2025-03-10,meta,외부,META_CMP_02_룩얼라이크,룩얼라이크,유사타겟,CRS_특가_신학기_v1,37622,508,146098,48,15,654361,477,37,10,493528,CRS,특가,신학기,N,v1,False,False,3.3780613013182705,3948.5945944878763,0.013502737759821023,0.07283464566914796,287.59448818841025,3883.3129551856928
2025-03-10,meta,외부,META_CMP_03_재구매,재구매,VIP,IMG_배송혜택_신학기_A_v1,9436,160,44511,6,5,309883,137,4,3,264424,IMG,배송혜택,신학기,A,v1,False,False,5.94064388578091,11127.749997218063,0.01695633743111308,0.02499999999984375,278.1937499982613,4717.147096226714
2025-03-10,meta,외부,META_CMP_03_재구매,재구매,VIP,VID_적립혜택_신학기_B_v1,14161,344,47865,16,13,1075542,312,12,10,967960,VID,적립혜택,신학기,B,v1,False,False,20.222709704376474,3988.7499996676042,0.024292069769082388,0.03488372093013115,139.14244186006064,3380.0579055149083
2025-03-10,meta,외부,META_CMP_03_재구매,재구매,VIP,CRS_신상품_신학기_v1,14106,269,55581,15,13,1089052,239,10,11,943898,CRS,신상품,신학기,N,v1,False,False,16.982386067180926,5558.09999944419,0.01906989933361555,0.037174721189452885,206.62081784309808,3940.238196511843
2025-03-10,meta,외부,META_CMP_03_재구매,재구매,윈백,IMG_배송혜택_신학기_A_v1,14760,261,59318,14,8,600658,240,10,5,481060,IMG,배송혜택,신학기,A,v1,False,False,8.109848612562661,5931.79999940682,0.017682926829267094,0.03831417624506393,227.27203065047024,4018.8346883466106
2025-03-10,meta,외부,META_CMP_03_재구매,재구매,윈백,VID_적립혜택_신학기_B_v1,17961,484,74034,32,21,1739776,438,22,16,1334638,VID,적립혜택,신학기,B,v1,False,False,18.027365804900207,3365.1818180288556,0.026947274650630425,0.04545454545445154,152.96280991703932,4121.93085017515
2025-03-10,meta,외부,META_CMP_03_재구매,재구매,윈백,CRS_신상품_신학기_v1,18789,559,89734,39,32,2209586,521,34,27,1887430,CRS,신상품,신학기,N,v1,False,False,21.033610448659136,2639.235294040023,0.029751450316673065,0.06082289803209155,160.5259391768148,4775.879503964831
2025-03-10,naver,자체,NVR_CMP_01_브랜드KW,브랜드KW,논타겟,TXT_플러스멤버십_신학기_A_v1,8851,1005,63094,194,149,10264428,962,166,112,9017662,TXT,플러스멤버십,신학기,A,v1,False,False,142.92424002282084,380.084337347108,0.11354649192180391,0.1651741293530695,62.780099502425095,7128.460061009249
2025-03-10,naver,자체,NVR_CMP_02_일반KW,일반KW,논타겟,TXT_할인쿠폰_신학기_A_v1,12599,1314,120730,185,116,6840292,1164,151,79,5360933,TXT,할인쿠폰,신학기,A,v1,False,False,44.40431541456105,799.5364238357647,0.10429399158662558,0.11491628614907541,91.87975646872763,9582.50654813798
2025-03-10,naver,자체,NVR_CMP_02_일반KW,일반KW,논타겟,TXT_플러스멤버십_신학기_B_v1,15421,1203,138270,226,124,9959139,1083,200,107,7509803,TXT,플러스멤버십,신학기,B,v1,False,False,54.3125985390898,691.3499999965433,0.07801050515530264,0.166251039068856,114.93765586025359,8966.344595032166
2025-03-10,naver,자체,NVR_CMP_03_재구매,재구매,VIP,IMG_배송혜택_신학기_A_v1,3946,243,35971,28,25,2364997,234,24,19,1761088,IMG,배송혜택,신학기,A,v1,False,False,48.95854994300829,1498.791666604217,0.061581348200693976,0.09876543209835899,148.02880658375298,9115.813482004785
2025-03-10,naver,자체,NVR_CMP_03_재구매,재구매,VIP,VID_적립혜택_신학기_B_v1,4128,239,39539,22,19,1690079,212,18,14,1380592,VID,적립혜택,신학기,B,v1,False,False,34.91722097169795,2196.611110989077,0.057897286821691395,0.07531380753106563,165.43514644282246,9578.246124028687
2025-03-10,naver,자체,NVR_CMP_03_재구매,재구매,VIP,CRS_신상품_신학기_v1,5438,373,37443,33,33,2715513,333,29,27,2387545,CRS,신상품,신학기,N,v1,False,False,63.764789146167146,1291.1379309899608,0.06859139389480165,0.07774798927593098,100.38337801581667,6885.435821992113
2025-03-10,naver,자체,NVR_CMP_03_재구매,재구매,윈백,IMG_배송혜택_신학기_A_v1,9431,587,68139,62,61,5159451,530,54,46,4354204,IMG,배송혜택,신학기,A,v1,False,False,63.90178899015154,1261.833333309966,0.062241543844760654,0.09199318568979217,116.08006814290276,7225.002650831595
2025-03-10,naver,자체,NVR_CMP_03_재구매,재구매,윈백,VID_적립혜택_신학기_B_v1,9526,698,90043,75,69,5445631,605,59,55,3959473,VID,적립혜택,신학기,B,v1,False,False,43.973135057694165,1526.1525423470146,0.07327314717614179,0.08452722063025139,129.00143266457164,9452.340961577844
2025-03-10,naver,자체,NVR_CMP_03_재구매,재구매,윈백,CRS_신상품_신학기_v1,10444,590,81570,55,57,5116776,559,40,45,4571005,CRS,신상품,신학기,N,v1,False,False,56.037820277061954,2039.249999949019,0.056491765607041694,0.06779661016937662,138.25423728790128,7810.2259670616795
2025-03-11,google,외부,GGL_CMP_01_플러스가입,플러스가입,논타겟,VID_플러스멤버십_봄_A_v1,43262,991,234937,93,28,1816275,899,78,19,1668673,VID,플러스멤버십,봄,A,v1,False,False,7.102640282288413,3012.012820474205,0.022906939115158273,0.07870837537832623,237.0706357212542,5430.562618464116
2025-03-11,google,외부,GGL_CMP_01_플러스가입,플러스가입,논타겟,IMG_플러스멤버십_봄_B_v1,63556,2259,296873,272,69,3391650,2153,214,61,2907197,IMG,플러스멤버십,봄,B,v1,False,False,9.7927295510201,1387.257009339312,0.03554345773805722,0.09473218238154284,131.41788401941946,4671.046006671209
2025-03-11,google,외부,GGL_CMP_01_플러스가입,플러스가입,논타겟,CRS_플러스멤버십_봄_v1,44041,994,216242,129,40,1817074,863,107,35,1404541,CRS,플러스멤버십,봄,N,v1,False,False,6.4952275691123535,2020.9532710091498,0.022569878068163244,0.10764587525140076,217.54728370199442,4910.015667219071
2025-03-11,google,외부,GGL_CMP_01_플러스가입,플러스가입,논타겟,IMG_적립혜택_봄_v2,51009,1644,315831,237,76,5333539,1478,217,56,4093911,IMG,적립혜택,봄,N,v2,False,False,12.962346951375853,1455.442396306657,0.032229606540021716,0.13199513381987105,192.1113138684963,6191.672057872019
2025-03-11,google,외부,GGL_CMP_01_플러스가입,플러스가입,유사타겟,VID_플러스멤버십_봄_A_v1,68765,1776,354576,161,39,2292667,1600,140,31,1694217,VID,플러스멤버십,봄,A,v1,False,False,4.778149113307148,2532.685714267624,0.025827092270776907,0.07882882882878445,199.64864864853624,5156.344070384568
2025-03-11,google,외부,GGL_CMP_01_플러스가입,플러스가입,유사타겟,IMG_플러스멤버십_봄_B_v1,55192,1283,329711,109,34,2301489,1134,89,29,1819625,IMG,플러스멤버십,봄,B,v1,False,False,5.5188483247449875,3704.617977486465,0.023246122626467185,0.06936866718622808,256.98441153526346,5973.891143643898
2025-03-11,google,외부,GGL_CMP_01_플러스가입,플러스가입,유사타겟,CRS_플러스멤버십_봄_v1,56046,1800,288604,160,55,3375523,1708,130,37,2548556,CRS,플러스멤버십,봄,N,v1,False,False,8.830632978059873,2220.030769213692,0.03211647575206024,0.0722222222221821,160.33555555546647,5149.412982193107
2025-03-11,google,외부,GGL_CMP_01_플러스가입,플러스가입,유사타겟,IMG_적립혜택_봄_v2,50052,1220,235994,168,40,2831869,1102,154,35,2256105,IMG,적립혜택,봄,N,v2,False,False,9.560010000254204,1532.4285714186208,0.02437465036362135,0.12622950819661785,193.43770491787424,4714.976424518407
2025-03-11,google,외부,GGL_CMP_02_리타겟팅,리타겟팅,리마케팅,VID_할인쿠폰_봄_A_v1,38954,1346,245068,184,85,5230253,1222,144,70,3811960,VID,할인쿠폰,봄,A,v1,False,False,15.55470318442222,1701.8611110992927,0.03455357601273208,0.10698365527480908,182.07132243671467,6291.215279560347
2025-03-11,google,외부,GGL_CMP_02_리타겟팅,리타겟팅,리마케팅,IMG_할인쿠폰_봄_B_v1,37397,1663,178433,152,50,2860736,1608,109,44,2602551,IMG,할인쿠폰,봄,B,v1,False,False,14.585592351190563,1636.9999999849815,0.04446880765836713,0.0655441972338752,107.2958508718537,4771.318554964175
2025-03-11,google,외부,GGL_CMP_02_리타겟팅,리타겟팅,리마케팅,CRS_특가_봄_v1,34191,1530,219831,209,109,6779844,1407,168,86,5570642,CRS,특가,봄,N,v1,False,False,25.34056616218811,1308.5178571350684,0.044748618057382214,0.10980392156855569,143.68039215676885,6429.498990962346
2025-03-11,google,외부,GGL_CMP_03_첫구매,첫구매,논타겟,VID_적립혜택_봄_A_v1,68849,1741,333681,184,53,3850106,1662,151,45,2912501,VID,적립혜택,봄,A,v1,False,False,8.728399279551402,2209.807947005233,0.02528722276285748,0.08673176335434421,191.66053991947635,4846.562767796121
2025-03-11,google,외부,GGL_CMP_03_첫구매,첫구매,논타겟,IMG_적립혜택_봄_B_v1,65475,1611,384101,135,46,2820723,1418,117,36,2330981,IMG,적립혜택,봄,B,v1,False,False,6.068666835025147,3282.9145298864705,0.024604810996563198,0.07262569832397726,238.42396027297428,5866.376479572266
2025-03-11,google,외부,GGL_CMP_03_첫구매,첫구매,논타겟,CRS_할인쿠폰_봄_v1,54043,961,247132,62,24,1388271,902,45,16,1198122,CRS,할인쿠폰,봄,N,v1,False,False,4.848105465904841,5491.822222100182,0.017782136446903064,0.04682622268465471,257.16129032231305,4572.877153377782
2025-03-11,google,외부,GGL_CMP_03_첫구매,첫구매,유사타겟,VID_적립혜택_봄_A_v1,62610,1711,275984,174,67,3845874,1665,124,49,3171464,VID,적립혜택,봄,A,v1,False,False,11.491477766827021,2225.6774193368897,0.02732790289091156,0.07247223845700031,161.29982466384496,4407.985944737193
2025-03-11,google,외부,GGL_CMP_03_첫구매,첫구매,유사타겟,IMG_적립혜택_봄_B_v1,43037,1311,195815,144,48,2925856,1263,110,40,2585821,IMG,적립혜택,봄,B,v1,False,False,13.205428593315052,1780.1363636201804,0.030462160466574566,0.08390541571313204,149.36308161697227,4549.922160001754
2025-03-11,google,외부,GGL_CMP_03_첫구매,첫구매,유사타겟,CRS_할인쿠폰_봄_v1,50231,1184,296222,103,34,2494355,1041,88,23,2075942,CRS,할인쿠폰,봄,N,v1,False,False,7.008061521426474,3366.159090870839,0.023571101511018624,0.07432432432426155,250.18749999978868,5897.194959287973
2025-03-11,meta,외부,META_CMP_01_신규유저,신규유저,논타겟,VID_플러스멤버십_봄_A_v1,48728,691,208166,61,11,404639,674,49,8,367994,VID,플러스멤버십,봄,A,v1,False,False,1.7677910898033216,4248.285714199015,0.014180758496141558,0.07091172214172083,301.25325615007057,4271.999671646604
2025-03-11,meta,외부,META_CMP_01_신규유저,신규유저,논타겟,IMG_적립혜택_봄_B_v1,46757,628,199122,47,10,546201,604,36,8,410874,IMG,적립혜택,봄,B,v1,False,False,2.0634284508994383,5531.166666513023,0.013431143999828617,0.05732484076423993,317.0732484071384,4258.656457856488
2025-03-11,meta,외부,META_CMP_01_신규유저,신규유저,논타겟,CRS_플러스멤버십_봄_v1,32791,526,124936,40,8,420193,489,32,5,306446,CRS,플러스멤버십,봄,N,v1,False,False,2.4528238458090343,3904.2499998779926,0.016040986856149065,0.06083650190102503,237.52091254707696,3810.069836235437
2025-03-11,meta,외부,META_CMP_02_룩얼라이크,룩얼라이크,유사타겟,VID_플러스멤버십_봄_A_v1,32092,554,140679,51,12,498883,515,39,9,364038,VID,플러스멤버십,봄,A,v1,False,False,2.5877209818096336,3607.153846061355,0.017262869250903114,0.07039711191323034,253.93321299593154,4383.61585441841
2025-03-11,meta,외부,META_CMP_02_룩얼라이크,룩얼라이크,유사타겟,IMG_할인쿠폰_봄_B_v1,50779,724,232366,50,10,553207,706,39,6,429519,IMG,할인쿠폰,봄,B,v1,False,False,1.8484588967404791,5958.102563949793,0.014257862502215203,0.05386740331484272,320.9475138117114,4576.025522361516
2025-03-11,meta,외부,META_CMP_02_룩얼라이크,룩얼라이크,유사타겟,CRS_특가_봄_v1,45715,673,190207,46,9,542050,602,41,7,432615,CRS,특가,봄,N,v1,False,False,2.274443106720561,4639.195121838069,0.014721644974296956,0.060921248142554354,282.62555720611795,4160.713113857505
2025-03-11,meta,외부,META_CMP_03_재구매,재구매,VIP,IMG_배송혜택_봄_A_v1,11259,204,45952,9,4,274664,180,6,2,243183,IMG,배송혜택,봄,A,v1,False,False,5.292109157381501,7658.666665390222,0.018118838262721544,0.02941176470573818,225.25490195968013,4081.357136512649
2025-03-11,meta,외부,META_CMP_03_재구매,재구매,VIP,VID_적립혜택_봄_B_v1,11346,335,43892,22,14,1205716,324,16,12,1077442,VID,적립혜택,봄,B,v1,False,False,24.547571311400155,2743.249999828547,0.02952582407896796,0.04776119402970818,131.02089552199695,3868.4999118628702
2025-03-11,meta,외부,META_CMP_03_재구매,재구매,VIP,CRS_신상품_봄_v1,13226,246,47334,14,7,504601,231,10,5,464242,CRS,신상품,봄,N,v1,False,False,9.807791439556983,4733.39999952666,0.018599727808859927,0.0406504065038998,192.4146341455593,3578.859821563316
2025-03-11,meta,외부,META_CMP_03_재구매,재구매,윈백,IMG_배송혜택_봄_A_v1,26894,785,123239,36,22,1503712,747,29,19,1164106,IMG,배송혜택,봄,A,v1,False,False,9.445922151266974,4249.620689508633,0.029188666617088226,0.03694267515918861,156.9923566876981,4582.397560794058
2025-03-11,meta,외부,META_CMP_03_재구매,재구매,윈백,VID_적립혜택_봄_B_v1,17109,353,75585,17,7,587232,323,12,6,469223,VID,적립혜택,봄,B,v1,False,False,6.207885162399864,6298.749999475104,0.020632415687648568,0.033994334277524095,214.1218130305549,4417.850254251889
2025-03-11,meta,외부,META_CMP_03_재구매,재구매,윈백,CRS_신상품_봄_v1,20704,437,83691,27,11,921903,420,22,9,782520,CRS,신상품,봄,N,v1,False,False,9.350109330752298,3804.136363463448,0.021107032457495116,0.05034324942780242,191.51258581191874,4042.2623647602372
2025-03-11,naver,자체,NVR_CMP_01_브랜드KW,브랜드KW,논타겟,TXT_플러스멤버십_봄_A_v1,9385,1466,66863,442,252,19254846,1269,355,219,17749345,TXT,플러스멤버십,봄,A,v1,False,False,265.4584000119608,188.3464788727089,0.15620671283962106,0.2421555252385797,45.609140518386354,7124.453915822362
2025-03-11,naver,자체,NVR_CMP_02_일반KW,일반KW,논타겟,TXT_할인쿠폰_봄_A_v1,13556,1243,111381,136,38,2708224,1134,109,26,2449821,TXT,할인쿠폰,봄,A,v1,False,False,21.99496323430368,1021.844036687873,0.09169371496015848,0.0876910699918844,89.60659694280804,8216.361758630259
2025-03-11,naver,자체,NVR_CMP_02_일반KW,일반KW,논타겟,TXT_플러스멤버십_봄_B_v1,11885,1075,112917,201,60,3462760,935,142,46,2929200,TXT,플러스멤버십,봄,B,v1,False,False,25.94117803342255,795.1901408394706,0.09045014724441813,0.13209302325569108,105.03906976734415,9500.799326881825
2025-03-11,naver,자체,NVR_CMP_03_재구매,재구매,VIP,IMG_배송혜택_봄_A_v1,3951,267,34362,22,18,2011232,258,18,12,1550182,IMG,배송혜택,봄,A,v1,False,False,45.113264652812845,1908.9999998939445,0.06757782839785685,0.06741573033682616,128.69662921300113,8697.038724371374
2025-03-11,naver,자체,NVR_CMP_03_재구매,재구매,VIP,VID_적립혜택_봄_B_v1,6839,307,53839,35,22,2397925,271,31,16,2014332,VID,적립혜택,봄,B,v1,False,False,37.413993573431206,1736.741935427847,0.04488960374323075,0.10097719869673949,175.37133550431477,7872.349758735506
2025-03-11,naver,자체,NVR_CMP_03_재구매,재구매,VIP,CRS_신상품_봄_v1,6332,454,53374,44,23,2206397,399,40,18,2045023,CRS,신상품,봄,N,v1,False,False,38.31496608835691,1334.3499999666415,0.07169930511685538,0.08810572687205263,117.56387665172343,8429.248262790836
2025-03-11,naver,자체,NVR_CMP_03_재구매,재구매,윈백,IMG_배송혜택_봄_A_v1,7773,536,53816,53,40,4225535,522,44,30,3412642,IMG,배송혜택,봄,A,v1,False,False,63.41314850601934,1223.0909090631117,0.06895664479608016,0.08208955223865282,100.40298507443954,6923.452978257182
2025-03-11,naver,자체,NVR_CMP_03_재구매,재구매,윈백,VID_적립혜택_봄_B_v1,8543,557,76204,63,33,2796960,535,44,23,2267126,VID,적립혜택,봄,B,v1,False,False,29.750747992230988,1731.9090908697294,0.06519957860235687,0.07899461400344884,136.81149012542764,8920.051504154404
2025-03-11,naver,자체,NVR_CMP_03_재구매,재구매,윈백,CRS_신상품_봄_v1,11228,752,88566,84,55,3844496,709,61,44,3231976,CRS,신상품,봄,N,v1,False,False,36.49228823702057,1451.9016393204606,0.06697541859636026,0.08111702127648787,117.77393617005616,7887.958674741014
2025-03-12,google,외부,GGL_CMP_01_플러스가입,플러스가입,논타겟,VID_플러스멤버십_봄_A_v1,61704,1835,330185,258,65,4405589,1713,197,50,3624332,VID,플러스멤버십,봄,A,v1,False,False,10.976670654330116,1676.065989839208,0.029738752755088332,0.10735694822882433,179.93732970017442,5351.111759367216
2025-03-12,google,외부,GGL_CMP_01_플러스가입,플러스가입,논타겟,IMG_플러스멤버십_봄_B_v1,66287,2047,338052,262,51,3535810,1786,197,39,2911629,IMG,플러스멤버십,봄,B,v1,False,False,8.612961911185236,1715.9999999912895,0.030880866534915882,0.09623839765505801,165.14509037607957,5099.823494802825
2025-03-12,google,외부,GGL_CMP_01_플러스가입,플러스가입,논타겟,CRS_플러스멤버십_봄_v1,43239,1335,196070,149,51,3382023,1181,123,41,2652226,CRS,플러스멤버십,봄,N,v1,False,False,13.526934258173034,1594.0650406374466,0.030874904600013166,0.09213483146060514,146.8689138575679,4534.563704063356
2025-03-12,google,외부,GGL_CMP_01_플러스가입,플러스가입,논타겟,IMG_적립혜택_봄_v2,46129,1325,262588,134,43,2766271,1241,119,36,2391902,IMG,적립혜택,봄,N,v2,False,False,9.108953950675549,2206.6218487209526,0.02872379631034645,0.0898113207546492,198.17962264135986,5692.47111361604
2025-03-12,google,외부,GGL_CMP_01_플러스가입,플러스가입,유사타겟,VID_플러스멤버십_봄_A_v1,44259,1194,262306,125,27,1802222,1143,90,19,1305053,VID,플러스멤버십,봄,A,v1,False,False,4.975307465326737,2914.5111110787275,0.026977563885310855,0.07537688442204743,219.68676716899523,5926.613796063944
2025-03-12,google,외부,GGL_CMP_01_플러스가입,플러스가입,유사타겟,IMG_플러스멤버십_봄_B_v1,54386,1295,269037,187,55,2496341,1266,148,38,1891052,IMG,플러스멤버십,봄,B,v1,False,False,7.028966276014054,1817.8175675552852,0.02381127496046733,0.11428571428562603,207.75057915041873,4946.806163350771
2025-03-12,google,외부,GGL_CMP_01_플러스가입,플러스가입,유사타겟,CRS_플러스멤버십_봄_v1,48172,1305,238822,164,45,2216210,1248,120,32,1757092,CRS,플러스멤버십,봄,N,v1,False,False,7.357328889298276,1990.1833333167483,0.027090425973594057,0.09195402298843529,183.00536398453409,4957.693265797456
2025-03-12,google,외부,GGL_CMP_01_플러스가입,플러스가입,유사타겟,IMG_적립혜택_봄_v2,49198,1006,221688,99,20,932710,858,84,15,741377,IMG,적립혜택,봄,N,v2,False,False,3.344236043448435,2639.142857111439,0.020447985690474808,0.0834990059641317,220.36580516876703,4506.036830765387
2025-03-12,google,외부,GGL_CMP_02_리타겟팅,리타겟팅,리마케팅,VID_할인쿠폰_봄_A_v1,33679,1177,207757,161,62,4429022,1008,118,54,3949545,VID,할인쿠폰,봄,A,v1,False,False,19.010406388232315,1760.6525423579606,0.03494759345586167,0.1002548853015291,176.51401869143882,6168.740164494013
2025-03-12,google,외부,GGL_CMP_02_리타겟팅,리타겟팅,리마케팅,IMG_할인쿠폰_봄_B_v1,36467,1618,192006,129,61,2946141,1546,114,43,2265110,IMG,할인쿠폰,봄,B,v1,False,False,11.797079257939796,1684.2631578799626,0.04436888145446447,0.07045735475891814,118.66872682316523,5265.1986727725
2025-03-12,google,외부,GGL_CMP_02_리타겟팅,리타겟팅,리마케팅,CRS_특가_봄_v1,38955,983,213080,107,50,3361160,940,92,43,3057707,CRS,특가,봄,N,v1,False,False,14.350042237657151,2316.086956496564,0.025234244641252082,0.09359104781272269,216.7650050862495,5469.901168014236
2025-03-12,google,외부,GGL_CMP_03_첫구매,첫구매,논타겟,VID_적립혜택_봄_A_v1,50026,1432,300371,114,56,4288531,1398,95,48,3186875,VID,적립혜택,봄,A,v1,False,False,10.609795885754583,3161.7999999667177,0.028625114940230508,0.0663407821228587,209.75628491605465,6004.297765161996
2025-03-12,google,외부,GGL_CMP_03_첫구매,첫구매,논타겟,IMG_적립혜택_봄_B_v1,61336,1863,312257,167,50,3829378,1688,125,44,3265229,IMG,적립혜택,봄,B,v1,False,False,10.456864057491073,2498.0559999800153,0.030373679405242757,0.06709608158879919,167.60976918938937,5090.92539454798
2025-03-12,google,외부,GGL_CMP_03_첫구매,첫구매,논타겟,CRS_할인쿠폰_봄_v1,42838,928,211674,100,37,2624619,804,88,30,2370681,CRS,할인쿠폰,봄,N,v1,False,False,11.19967969613646,2405.3863636090296,0.021663009477566143,0.09482758620679436,228.0969827583749,4941.267099304241
2025-03-12,google,외부,GGL_CMP_03_첫구매,첫구매,유사타겟,VID_적립혜택_봄_A_v1,60185,1858,359633,140,42,3143218,1579,111,29,2290533,VID,적립혜택,봄,A,v1,False,False,6.369084594572783,3239.936936907748,0.030871479604552117,0.05974165769641564,193.55920344445988,5975.459001412213
2025-03-12,google,외부,GGL_CMP_03_첫구매,첫구매,유사타겟,IMG_적립혜택_봄_B_v1,43576,968,245648,81,37,2538061,875,64,32,1990538,IMG,적립혜택,봄,B,v1,False,False,8.10321272715427,3838.249999940027,0.02221406278685464,0.06611570247927054,253.76859504106017,5637.231503579823
2025-03-12,google,외부,GGL_CMP_03_첫구매,첫구매,유사타겟,CRS_할인쿠폰_봄_v1,61132,1705,325797,191,74,5249647,1580,138,51,4093418,CRS,할인쿠폰,봄,N,v1,False,False,12.564320727324032,2360.847826069849,0.027890466531439707,0.08093841642223992,191.08328445736595,5329.401949878863
2025-03-12,meta,외부,META_CMP_01_신규유저,신규유저,논타겟,VID_플러스멤버십_봄_A_v1,48408,893,231743,71,16,760824,818,57,11,642681,VID,플러스멤버십,봄,A,v1,False,False,2.77324881441941,4065.6666665953394,0.018447364072053826,0.06382978723397108,259.51063829758175,4787.2872252519255
2025-03-12,meta,외부,META_CMP_01_신규유저,신규유저,논타겟,IMG_적립혜택_봄_B_v1,30364,580,147721,44,9,378198,532,34,7,328510,IMG,적립혜택,봄,B,v1,False,False,2.2238544282803243,4344.735293989861,0.019101567645895826,0.05862068965507135,254.6913793099057,4865.004610723065
2025-03-12,meta,외부,META_CMP_01_신규유저,신규유저,논타겟,CRS_플러스멤버십_봄_v1,47893,584,226681,37,7,350463,571,31,5,280433,CRS,플러스멤버십,봄,N,v1,False,False,1.2371261817267383,7312.290322344765,0.012193848787922824,0.05308219178073102,388.15239725960936,4733.071638861531
2025-03-12,meta,외부,META_CMP_02_룩얼라이크,룩얼라이크,유사타겟,VID_플러스멤버십_봄_A_v1,54430,1131,231926,69,17,866594,963,62,14,652445,VID,플러스멤버십,봄,A,v1,False,False,2.813160232142999,3740.7419354235367,0.020778982178945055,0.05481874447386842,205.06277630397432,4260.995774389045
2025-03-12,meta,외부,META_CMP_02_룩얼라이크,룩얼라이크,유사타겟,IMG_할인쿠폰_봄_B_v1,29444,573,126335,48,15,680537,498,35,10,550006,IMG,할인쿠폰,봄,B,v1,False,False,4.353552063956905,3609.571428468298,0.01946067110446884,0.06108202443270317,220.4799301915873,4290.687406602217
2025-03-12,meta,외부,META_CMP_02_룩얼라이크,룩얼라이크,유사타겟,CRS_특가_봄_v1,29847,542,136747,47,8,409625,464,37,6,370999,CRS,특가,봄,N,v1,False,False,2.7130320957680776,3695.864864764977,0.018159278989512573,0.06826568265670062,252.30073800691457,4581.599490735934
2025-03-12,meta,외부,META_CMP_03_재구매,재구매,VIP,IMG_배송혜택_봄_A_v1,14567,358,73140,18,9,588675,317,14,6,534079,IMG,배송혜택,봄,A,v1,False,False,7.302146568225221,5224.285713912551,0.024576096656825388,0.039106145251287416,204.30167597708297,5020.937735978237
2025-03-12,meta,외부,META_CMP_03_재구매,재구매,VIP,VID_적립혜택_봄_B_v1,10787,249,46471,17,7,497472,225,13,6,393451,VID,적립혜택,봄,B,v1,False,False,8.466592068171366,3574.6923074173314,0.023083341058679607,0.05220883534115579,186.6305220876039,4308.055993324899
2025-03-12,meta,외부,META_CMP_03_재구매,재구매,VIP,CRS_신상품_봄_v1,12535,223,51067,11,3,228698,212,9,2,179246,CRS,신상품,봄,N,v1,False,False,3.510016253157548,5674.111110480654,0.017790187475068386,0.04035874439443785,228.9999999989731,4073.95293179066
2025-03-12,meta,외부,META_CMP_03_재구매,재구매,윈백,IMG_배송혜택_봄_A_v1,26369,465,90762,28,13,955967,404,24,9,794546,IMG,배송혜택,봄,A,v1,False,False,8.754170247460294,3781.749999842427,0.01763434335773,0.05161290322569546,195.1870967737738,3441.9962835146025
2025-03-12,meta,외부,META_CMP_03_재구매,재구매,윈백,VID_적립혜택_봄_B_v1,26812,600,124251,27,15,1160966,547,20,12,860134,VID,적립혜택,봄,B,v1,False,False,6.922551931171524,6212.549999689372,0.022378039683722872,0.03333333333327778,207.08499999965485,4634.156347903751
2025-03-12,meta,외부,META_CMP_03_재구매,재구매,윈백,CRS_신상품_봄_v1,20938,506,74160,33,19,1090215,448,26,13,980042,CRS,신상품,봄,N,v1,False,False,13.215237324703166,2852.307692197988,0.02416658706657636,0.05138339920938462,146.56126482184473,3541.8855669116656
2025-03-12,naver,자체,NVR_CMP_01_브랜드KW,브랜드KW,논타겟,TXT_플러스멤버십_봄_A_v1,7075,1049,48416,232,145,9577571,894,165,109,8082218,TXT,플러스멤버십,봄,A,v1,False,False,166.93279081295097,293.4303030285247,0.14826855123672816,0.15729265967573186,46.15443279309232,6843.250883391258
2025-03-12,naver,자체,NVR_CMP_02_일반KW,일반KW,논타겟,TXT_할인쿠폰_봄_A_v1,9057,950,78830,162,65,4333381,833,143,49,3537044,TXT,할인쿠폰,봄,A,v1,False,False,44.86926297094958,551.2587412548863,0.1048912443413818,0.15052631578931525,82.9789473683337,8703.765043611715
2025-03-12,naver,자체,NVR_CMP_02_일반KW,일반KW,논타겟,TXT_플러스멤버십_봄_B_v1,12754,1019,94272,120,38,2122989,971,91,30,1872930,TXT,플러스멤버십,봄,B,v1,False,False,19.867298879836856,1035.9560439446598,0.07989650305785793,0.08930323846899971,92.51422963680814,7391.563431079866
2025-03-12,naver,자체,NVR_CMP_03_재구매,재구매,VIP,IMG_배송혜택_봄_A_v1,3972,166,26431,13,7,579411,161,11,5,535647,IMG,배송혜택,봄,A,v1,False,False,20.26586205591842,2402.8181815997436,0.04179254783483338,0.06626506024056467,159.2228915653059,6654.330312183622
2025-03-12,naver,자체,NVR_CMP_03_재구매,재구매,VIP,VID_적립혜택_봄_B_v1,4680,263,38460,32,21,2360862,237,25,16,1945991,VID,적립혜택,봄,B,v1,False,False,50.59778991159515,1538.399999938464,0.05619658119656918,0.0950570342201709,146.2357414443109,8217.94871794696
2025-03-12,naver,자체,NVR_CMP_03_재구매,재구매,VIP,CRS_신상품_봄_v1,4410,196,36771,17,9,685582,186,14,6,517508,CRS,신상품,봄,N,v1,False,False,14.073808164041935,2626.4999998123926,0.044444444444434364,0.07142857142820701,187.60714285618567,8338.095238093347
2025-03-12,naver,자체,NVR_CMP_03_재구매,재구매,윈백,IMG_배송혜택_봄_A_v1,7648,347,70891,29,18,1830787,315,25,16,1389082,IMG,배송혜택,봄,A,v1,False,False,19.59461708820556,2835.6399998865745,0.045371338912127954,0.07204610950987883,204.29682997059282,9269.220711295859
2025-03-12,naver,자체,NVR_CMP_03_재구매,재구매,윈백,VID_적립혜택_봄_B_v1,6725,362,55174,25,15,1642491,347,18,13,1487009,VID,적립혜택,봄,B,v1,False,False,26.951263276180324,3065.222222051932,0.05382899628251987,0.04972375690593999,152.41436464046294,8204.312267656771
2025-03-12,naver,자체,NVR_CMP_03_재구매,재구매,윈백,CRS_신상품_봄_v1,6364,276,48927,19,13,967466,241,15,10,808993,CRS,신상품,봄,N,v1,False,False,16.534694544933952,3261.799999782547,0.04336895034568771,0.05434782608675961,177.2717391297925,7688.089252041532
2025-03-13,google,외부,GGL_CMP_01_플러스가입,플러스가입,논타겟,VID_플러스멤버십_봄_A_v1,63953,1743,367811,214,53,2614319,1500,156,40,2059616,VID,플러스멤버십,봄,A,v1,False,False,5.599658520272625,2357.762820497707,0.027254389942613682,0.08950086058514659,211.02180149155996,5751.270464247093
2025-03-13,google,외부,GGL_CMP_01_플러스가입,플러스가입,논타겟,IMG_플러스멤버십_봄_B_v1,56704,1851,356504,190,40,1919222,1765,143,32,1483027,IMG,플러스멤버십,봄,B,v1,False,False,4.159916859277865,2493.0349650175312,0.032643199774265795,0.07725553754723001,192.600756347816,6287.104966139844
2025-03-13,google,외부,GGL_CMP_01_플러스가입,플러스가입,논타겟,CRS_플러스멤버십_봄_v1,56459,1452,338371,143,37,2098109,1290,101,32,1879686,CRS,플러스멤버십,봄,N,v1,False,False,5.555103717517147,3350.2079207589086,0.025717777502257823,0.06955922865008983,233.03787878771828,5993.216316264794
2025-03-13,google,외부,GGL_CMP_01_플러스가입,플러스가입,논타겟,IMG_적립혜택_봄_v2,67259,2308,300610,213,63,3865724,2205,192,53,3273879,IMG,적립혜택,봄,N,v2,False,False,10.890785403013837,1565.677083325179,0.034315110245468496,0.08318890814554454,130.24696707100077,4469.439034181232
2025-03-13,google,외부,GGL_CMP_01_플러스가입,플러스가입,유사타겟,VID_플러스멤버십_봄_A_v1,46701,1341,206142,117,27,1879029,1277,104,21,1646621,VID,플러스멤버십,봄,A,v1,False,False,7.98779967207067,1982.1346153655563,0.02871458855270704,0.07755406413118751,153.72259507818515,4414.081068927766
2025-03-13,google,외부,GGL_CMP_01_플러스가입,플러스가입,유사타겟,IMG_플러스멤버십_봄_B_v1,65917,2154,406663,269,82,5517982,1936,227,66,5002393,IMG,플러스멤버십,봄,B,v1,False,False,12.30107730479534,1791.4669603445311,0.032677458015382486,0.10538532961926399,188.794336118761,6169.318992065686
2025-03-13,google,외부,GGL_CMP_01_플러스가입,플러스가입,유사타겟,CRS_플러스멤버십_봄_v1,62467,1624,350744,221,52,3673416,1426,158,36,3227756,CRS,플러스멤버십,봄,N,v1,False,False,9.202597906165154,2219.8987341631655,0.025997726799749852,0.09729064039402877,215.9753694579951,5614.868650647451
2025-03-13,google,외부,GGL_CMP_01_플러스가입,플러스가입,유사타겟,IMG_적립혜택_봄_v2,55517,1170,349052,166,48,2523906,1138,128,33,2190278,IMG,적립혜택,봄,N,v2,False,False,6.274933247768223,2726.968749978696,0.02107462579029809,0.1094017094016159,298.33504273478775,6287.299385773614
2025-03-13,google,외부,GGL_CMP_02_리타겟팅,리타겟팅,리마케팅,VID_할인쿠폰_봄_A_v1,26200,991,140926,112,35,1840125,847,87,23,1612715,VID,할인쿠폰,봄,A,v1,False,False,11.443700949434374,1619.8390804411513,0.03782442748091459,0.08779011099890233,142.2058526739231,5378.854961831856
2025-03-13,google,외부,GGL_CMP_02_리타겟팅,리타겟팅,리마케팅,IMG_할인쿠폰_봄_B_v1,38789,1607,247707,168,66,4387813,1461,125,45,3255577,IMG,할인쿠폰,봄,B,v1,False,False,13.142854259265935,1981.6559999841468,0.04142927118512874,0.07778469197257139,154.14250155559793,6386.011498104968
2025-03-13,google,외부,GGL_CMP_02_리타겟팅,리타겟팅,리마케팅,CRS_특가_봄_v1,39124,1249,250508,116,51,3571278,1086,89,45,3021033,CRS,특가,봄,N,v1,False,False,12.059626838264599,2814.696629181857,0.03192413863613046,0.07125700560442653,200.56685348262565,6402.924036396933
2025-03-13,google,외부,GGL_CMP_03_첫구매,첫구매,논타겟,VID_적립혜택_봄_A_v1,64588,1571,322230,117,55,4221531,1389,97,44,3856083,VID,적립혜택,봄,A,v1,False,False,11.96686528256211,3321.958762852351,0.02432340372824636,0.061744112030514484,205.1113940164194,4989.007245927959
2025-03-13,google,외부,GGL_CMP_03_첫구매,첫구매,논타겟,IMG_적립혜택_봄_B_v1,55833,980,361443,74,22,1217039,928,68,16,923760,IMG,적립혜택,봄,B,v1,False,False,2.555755679318724,5315.338235215951,0.017552343596080856,0.06938775510197001,368.8193877547257,6473.644618773727
2025-03-13,google,외부,GGL_CMP_03_첫구매,첫구매,논타겟,CRS_할인쿠폰_봄_v1,59292,1894,270121,204,56,2994703,1796,163,40,2197295,CRS,할인쿠폰,봄,N,v1,False,False,8.13448417561016,1657.184049069588,0.03194360116035837,0.08606124604008128,142.6193241815509,4555.77480941772
2025-03-13,google,외부,GGL_CMP_03_첫구매,첫구매,유사타겟,VID_적립혜택_봄_A_v1,59814,1087,327518,124,40,2765388,929,87,31,2226883,VID,적립혜택,봄,A,v1,False,False,6.799269047808039,3764.574712600407,0.01817300297589163,0.08003679852798525,301.30450781941005,5475.607717256738
2025-03-13,google,외부,GGL_CMP_03_첫구매,첫구매,유사타겟,IMG_적립혜택_봄_B_v1,49465,1167,227943,93,34,2045169,1035,66,26,1880783,IMG,적립혜택,봄,B,v1,False,False,8.251111023369841,3453.6818181294893,0.023592439098351896,0.05655526992283071,195.32390745484548,4608.167391084512
2025-03-13,google,외부,GGL_CMP_03_첫구매,첫구매,유사타겟,CRS_할인쿠폰_봄_v1,51700,1369,327209,114,48,3170991,1255,86,35,2329285,CRS,할인쿠폰,봄,N,v1,False,False,7.118645880767317,3804.755813909247,0.026479690522243204,0.06281957633304396,239.01314828324396,6328.994197291948
2025-03-13,meta,외부,META_CMP_01_신규유저,신규유저,논타겟,VID_플러스멤버십_봄_A_v1,29705,524,120034,28,8,459894,476,22,6,374054,VID,플러스멤버십,봄,A,v1,False,False,3.1162337337754042,5456.090908842905,0.017640127924591225,0.04198473282434736,229.0725190835323,4040.868540649586
2025-03-13,meta,외부,META_CMP_01_신규유저,신규유저,논타겟,IMG_적립혜택_봄_B_v1,53332,1001,199079,69,16,696746,876,51,14,507066,IMG,적립혜택,봄,B,v1,False,False,2.547059207651221,3903.5098038450296,0.018769219230480413,0.050949050949000055,198.8801198799212,3732.824570614195
2025-03-13,meta,외부,META_CMP_01_신규유저,신규유저,논타겟,CRS_플러스멤버십_봄_v1,42700,530,206956,35,8,430261,507,32,5,311922,CRS,플러스멤버십,봄,N,v1,False,False,1.5071899340922637,6467.374999797895,0.012412177985948188,0.06037735849045212,390.48301886718775,4846.744730679044
2025-03-13,meta,외부,META_CMP_02_룩얼라이크,룩얼라이크,유사타겟,VID_플러스멤버십_봄_A_v1,52632,815,202815,79,23,1067671,755,63,16,821030,VID,플러스멤버십,봄,A,v1,False,False,4.048171979390065,3219.2857142346147,0.015484876120990738,0.07730061349683767,248.85276073589097,3853.4541723665484
2025-03-13,meta,외부,META_CMP_02_룩얼라이크,룩얼라이크,유사타겟,IMG_할인쿠폰_봄_B_v1,46081,731,198545,53,14,652660,710,39,12,535709,IMG,할인쿠폰,봄,B,v1,False,False,2.698174217431803,5090.8974357669,0.015863371020593826,0.05335157318734152,271.60738714053133,4308.6087541502075
2025-03-13,meta,외부,META_CMP_02_룩얼라이크,룩얼라이크,유사타겟,CRS_특가_봄_v1,46528,997,213153,70,21,1248122,945,53,17,1052154,CRS,특가,봄,N,v1,False,False,4.9361444596134945,4021.75471690525,0.02142795735900917,0.0531594784352526,213.7943831492339,4581.176925722048
2025-03-13,meta,외부,META_CMP_03_재구매,재구매,VIP,IMG_배송혜택_봄_A_v1,10181,256,50969,11,5,287560,242,8,4,221255,IMG,배송혜택,봄,A,v1,False,False,4.340971963350187,6371.124999203609,0.02514487771338521,0.03124999999987793,199.0976562492223,5006.286219427855
2025-03-13,meta,외부,META_CMP_03_재구매,재구매,VIP,VID_적립혜택_봄_B_v1,16338,317,70484,15,7,591066,280,12,5,540890,VID,적립혜택,봄,B,v1,False,False,7.673940185006417,5873.666666177194,0.01940261965968788,0.037854889589785945,222.34700315387272,4314.114334679623
2025-03-13,meta,외부,META_CMP_03_재구매,재구매,VIP,CRS_신상품_봄_v1,10302,276,44310,14,7,578079,269,10,5,521316,CRS,신상품,봄,N,v1,False,False,11.765199729180507,4430.9999995569,0.026790914385553602,0.03623188405783974,160.54347826028788,4301.106581245942
2025-03-13,meta,외부,META_CMP_03_재구매,재구매,윈백,IMG_배송혜택_봄_A_v1,23001,502,94797,21,11,957645,489,15,7,714515,IMG,배송혜택,봄,A,v1,False,False,7.5373165817482874,6319.79999957868,0.021825138037475683,0.029880478087589882,188.83864541795052,4121.4295030649055
2025-03-13,meta,외부,META_CMP_03_재구매,재구매,윈백,VID_적립혜택_봄_B_v1,24340,712,97751,50,23,1518777,656,36,20,1356569,VID,적립혜택,봄,B,v1,False,False,13.877801761618665,2715.305555480131,0.02925225965488787,0.050561797752737975,137.29073033688584,4016.0640920294163
2025-03-13,meta,외부,META_CMP_03_재구매,재구매,윈백,CRS_신상품_봄_v1,20527,372,99347,16,6,327498,349,13,4,300065,CRS,신상품,봄,N,v1,False,False,3.020373035924557,7642.076922489071,0.018122472840648017,0.03494623655904584,267.0618279562714,4839.820723924351
2025-03-13,naver,자체,NVR_CMP_01_브랜드KW,브랜드KW,논타겟,TXT_플러스멤버십_봄_A_v1,8303,961,61170,190,105,8213529,872,137,78,7599221,TXT,플러스멤버십,봄,A,v1,False,False,124.23117541278202,446.49635036170446,0.11574129832589235,0.14255983350661544,63.65244536934063,7367.216668673086
2025-03-13,naver,자체,NVR_CMP_02_일반KW,일반KW,논타겟,TXT_할인쿠폰_봄_A_v1,13702,1017,87908,194,79,4499638,951,156,68,3333340,TXT,할인쿠폰,봄,A,v1,False,False,37.918505710515106,563.5128205092083,0.07422274120565799,0.15339233038333,86.4385447393447,6415.70573638838
2025-03-13,naver,자체,NVR_CMP_02_일반KW,일반KW,논타겟,TXT_플러스멤버십_봄_B_v1,12910,979,122026,160,48,2860165,909,141,33,2073646,TXT,플러스멤버십,봄,B,v1,False,False,16.993476800026084,865.4326241073375,0.07583268783887871,0.14402451481088455,124.64351378945389,9452.052672346286
2025-03-13,naver,자체,NVR_CMP_03_재구매,재구매,VIP,IMG_배송혜택_봄_A_v1,6773,369,44509,25,13,1443460,352,21,10,1064500,IMG,배송혜택,봄,A,v1,False,False,23.91651126738359,2119.476190375263,0.05448102760961841,0.05691056910553683,120.62059620563518,6571.534032185653
2025-03-13,naver,자체,NVR_CMP_03_재구매,재구매,VIP,VID_적립혜택_봄_B_v1,4838,210,32053,21,11,886972,185,18,8,734409,VID,적립혜택,봄,B,v1,False,False,22.91233269896662,1780.7222221232932,0.04340636626704353,0.08571428571387756,152.63333333260653,6625.25837122641
2025-03-13,naver,자체,NVR_CMP_03_재구매,재구매,VIP,CRS_신상품_봄_v1,4231,186,30206,13,10,916605,173,9,8,788153,CRS,신상품,봄,N,v1,False,False,26.092597497185125,3356.2222218493084,0.04396123847789081,0.04838709677393341,162.39784946149248,7139.210588511665
2025-03-13,naver,자체,NVR_CMP_03_재구매,재구매,윈백,IMG_배송혜택_봄_A_v1,8327,508,54658,54,48,5235509,485,47,37,3985766,IMG,배송혜택,봄,A,v1,False,False,72.92191444985048,1162.9361701880227,0.061006364837269,0.09251968503918795,107.59448818876459,6563.948600935923
2025-03-13,naver,자체,NVR_CMP_03_재구매,재구매,윈백,VID_적립혜택_봄_B_v1,11333,493,82094,40,21,2074591,479,32,17,1767359,VID,적립혜택,봄,B,v1,False,False,21.528479547835143,2565.4374999198303,0.04350127944939173,0.06490872210940181,166.5192697765385,7243.801288272545
2025-03-13,naver,자체,NVR_CMP_03_재구매,재구매,윈백,CRS_신상품_봄_v1,8528,618,64480,52,34,3255038,535,37,30,2717499,CRS,신상품,봄,N,v1,False,False,42.1448356079398,1742.7027026556027,0.0724671669793536,0.05987055016171542,104.3365695791192,7560.975609755211
2025-03-14,google,외부,GGL_CMP_01_플러스가입,플러스가입,논타겟,VID_플러스멤버십_봄_A_v1,67499,1322,328674,115,35,1922723,1173,92,24,1638612,VID,플러스멤버십,봄,A,v1,False,False,4.985523649573727,3572.5434782220373,0.019585475340375122,0.06959152798784449,248.61875945518258,4869.316582467815
2025-03-14,google,외부,GGL_CMP_01_플러스가입,플러스가입,논타겟,IMG_플러스멤버십_봄_B_v1,70666,1620,315448,154,35,1652004,1509,128,27,1255106,IMG,플러스멤버십,봄,B,v1,False,False,3.978804747533654,2464.437499980747,0.022924744573061685,0.07901234567896358,194.7209876542008,4463.928904989606
2025-03-14,google,외부,GGL_CMP_01_플러스가입,플러스가입,논타겟,CRS_플러스멤버십_봄_v1,68631,2011,311959,284,73,3242013,1773,212,58,2380354,CRS,플러스멤버십,봄,N,v1,False,False,7.63034244884742,1471.504716974191,0.029301627544403703,0.10542018896066364,155.12630532065882,4545.453220847655
2025-03-14,google,외부,GGL_CMP_01_플러스가입,플러스가입,논타겟,IMG_적립혜택_봄_v2,57361,1320,275064,139,44,2581728,1273,116,33,2105102,IMG,적립혜택,봄,N,v2,False,False,7.653135270337057,2371.241379289903,0.023012151113125243,0.0878787878787213,208.38181818166032,4795.313889227789
2025-03-14,google,외부,GGL_CMP_01_플러스가입,플러스가입,유사타겟,VID_플러스멤버십_봄_A_v1,41856,1068,239647,122,28,1883200,986,108,20,1429659,VID,플러스멤버십,봄,A,v1,False,False,5.965687031341908,2218.953703683158,0.025516055045870952,0.1011235955055233,224.38857677881612,5725.511276758273
2025-03-14,google,외부,GGL_CMP_01_플러스가입,플러스가입,유사타겟,IMG_플러스멤버십_봄_B_v1,44605,1311,271000,131,39,2014606,1278,114,32,1632098,IMG,플러스멤버십,봄,B,v1,False,False,6.022501845018428,2377.192982435288,0.029391323842617882,0.08695652173906411,206.712433256898,6075.552068153659
2025-03-14,google,외부,GGL_CMP_01_플러스가입,플러스가입,유사타겟,CRS_플러스멤버십_봄_v1,61714,1740,340418,249,82,3775739,1656,186,56,2922708,CRS,플러스멤버십,봄,N,v1,False,False,8.585644707389125,1830.204301065429,0.028194574974883688,0.1068965517240765,195.64252873551973,5516.057944712618
2025-03-14,google,외부,GGL_CMP_01_플러스가입,플러스가입,유사타겟,IMG_적립혜택_봄_v2,58464,1626,298461,190,38,2020971,1530,157,31,1749742,IMG,적립혜택,봄,N,v2,False,False,5.862548205628187,1901.025477694898,0.027811986863710527,0.09655596555959621,183.55535055339266,5105.038998357877
2025-03-14,google,외부,GGL_CMP_02_리타겟팅,리타겟팅,리마케팅,VID_할인쿠폰_봄_A_v1,38364,1672,227764,144,64,3658880,1553,106,48,2709669,VID,할인쿠폰,봄,A,v1,False,False,11.896827417853515,2148.7169811118047,0.0435825252841194,0.06339712918656495,136.22248803819605,5936.920029193881
2025-03-14,google,외부,GGL_CMP_02_리타겟팅,리타겟팅,리마케팅,IMG_할인쿠폰_봄_B_v1,26108,1030,130179,103,38,1847872,930,92,33,1483853,IMG,할인쿠폰,봄,B,v1,False,False,11.39855890735056,1414.9891304194023,0.039451509115978264,0.08932038834942785,126.38737864065399,4986.172820591199
2025-03-14,google,외부,GGL_CMP_02_리타겟팅,리타겟팅,리마케팅,CRS_특가_봄_v1,23545,648,120381,61,28,1237169,603,47,22,1038272,CRS,특가,봄,N,v1,False,False,8.624882664207735,2561.29787228593,0.027521766829474305,0.07253086419741893,185.77314814786146,5112.805266510719
2025-03-14,google,외부,GGL_CMP_03_첫구매,첫구매,논타겟,VID_적립혜택_봄_A_v1,54660,1587,327264,183,84,4562531,1520,167,72,3587645,VID,적립혜택,봄,A,v1,False,False,10.962540945536292,1959.6646706469483,0.029034028540065333,0.10522999369873647,206.21550094504966,5987.266739846214
2025-03-14,google,외부,GGL_CMP_03_첫구매,첫구매,논타겟,IMG_적립혜택_봄_B_v1,49926,1296,290355,91,40,2262013,1115,64,33,2097800,IMG,적립혜택,봄,B,v1,False,False,7.2249487696095915,4536.796874929112,0.025958418459319274,0.04938271604934461,224.039351851679,5815.707246725037
2025-03-14,google,외부,GGL_CMP_03_첫구매,첫구매,논타겟,CRS_할인쿠폰_봄_v1,70284,1710,343022,156,48,2838872,1666,125,37,2105637,CRS,할인쿠폰,봄,N,v1,False,False,6.138489659555346,2744.1759999780465,0.02432986170394365,0.07309941520463561,200.59766081859615,4880.513345853895
2025-03-14,google,외부,GGL_CMP_03_첫구매,첫구매,유사타겟,VID_적립혜택_봄_A_v1,50537,1305,303557,93,29,2102314,1201,72,25,1527826,VID,적립혜택,봄,A,v1,False,False,5.033077807462832,4216.069444385887,0.025822664582384674,0.05517241379306117,232.61072796917043,6006.628806616816
2025-03-14,google,외부,GGL_CMP_03_첫구매,첫구매,유사타겟,IMG_적립혜택_봄_B_v1,69775,1953,395741,140,46,3113472,1695,112,41,2789975,IMG,적립혜택,봄,B,v1,False,False,7.050002400559944,3533.401785682737,0.02798996775349297,0.05734767025086669,202.6323604709664,5671.673235399417
2025-03-14,google,외부,GGL_CMP_03_첫구매,첫구매,유사타겟,CRS_할인쿠폰_봄_v1,44152,845,280522,84,33,1799568,737,66,27,1666640,CRS,할인쿠폰,봄,N,v1,False,False,5.941209602098923,4250.333333268934,0.01913843087515811,0.07810650887564721,331.9786982244592,6353.551368001306
2025-03-14,meta,외부,META_CMP_01_신규유저,신규유저,논타겟,VID_플러스멤버십_봄_A_v1,48614,688,191841,39,8,293040,640,34,6,219464,VID,플러스멤버십,봄,A,v1,False,False,1.1439890325842696,5642.382352775225,0.014152301806063807,0.049418604651090964,278.8386627902924,3946.2089110132074
2025-03-14,meta,외부,META_CMP_01_신규유저,신규유저,논타겟,IMG_적립혜택_봄_B_v1,41242,800,143378,62,11,555038,724,55,9,437654,IMG,적립혜택,봄,B,v1,False,False,3.052448771778076,2606.8727272253295,0.019397701372386902,0.06874999999991406,179.22249999977598,3476.504534212612
2025-03-14,meta,외부,META_CMP_01_신규유저,신규유저,논타겟,CRS_플러스멤버십_봄_v1,33356,615,130414,38,9,332318,599,33,6,247282,CRS,플러스멤버십,봄,N,v1,False,False,1.8961307835048238,3951.9393938196386,0.01843746252548212,0.0536585365852786,212.05528455250072,3909.761362273537
2025-03-14,meta,외부,META_CMP_02_룩얼라이크,룩얼라이크,유사타겟,VID_플러스멤버십_봄_A_v1,37050,682,140418,40,9,382950,640,28,6,355824,VID,플러스멤버십,봄,A,v1,False,False,2.5340340981925213,5014.928571249467,0.01840755735492528,0.04105571847501312,205.89149560087114,3789.9595141699388
2025-03-14,meta,외부,META_CMP_02_룩얼라이크,룩얼라이크,유사타겟,IMG_할인쿠폰_봄_B_v1,32792,498,112290,44,11,423144,481,37,9,382607,IMG,할인쿠폰,봄,B,v1,False,False,3.4073114257725226,3034.864864782842,0.015186630885581387,0.07429718875487089,225.4819277103906,3424.310807513924
2025-03-14,meta,외부,META_CMP_02_룩얼라이크,룩얼라이크,유사타겟,CRS_특가_봄_v1,45521,670,187892,61,15,929019,636,44,13,674773,CRS,특가,봄,N,v1,False,False,3.5912811615183,4270.272727175676,0.01471848157992982,0.06567164179094676,280.43582089510386,4127.5894642032445
2025-03-14,meta,외부,META_CMP_03_재구매,재구매,VIP,IMG_배송혜택_봄_A_v1,13402,383,61005,17,8,671960,346,13,6,586382,IMG,배송혜택,봄,A,v1,False,False,9.61203180067192,4692.692307331331,0.028577824205340354,0.03394255874664767,159.2819843337878,4551.932547380648
2025-03-14,meta,외부,META_CMP_03_재구매,재구매,VIP,VID_적립혜택_봄_B_v1,11129,221,53438,10,4,249005,214,7,3,193083,VID,적립혜택,봄,B,v1,False,False,3.613215314944354,7633.9999989094285,0.01985802857399408,0.03167420814465306,241.80090497628146,4801.689280258352
2025-03-14,meta,외부,META_CMP_03_재구매,재구매,VIP,CRS_신상품_봄_v1,12330,207,52751,10,5,361589,178,8,3,291265,CRS,신상품,봄,N,v1,False,False,5.5215067012946575,6593.874999175766,0.01678832116788185,0.03864734299498238,254.83574879103946,4278.264395782297
2025-03-14,meta,외부,META_CMP_03_재구매,재구매,윈백,IMG_배송혜택_봄_A_v1,16498,489,78442,21,7,406800,421,16,5,294447,IMG,배송혜택,봄,A,v1,False,False,3.7536906249202753,4902.624999693586,0.02963995635834467,0.03271983640075109,160.4130879342323,4754.636925687673
2025-03-14,meta,외부,META_CMP_03_재구매,재구매,윈백,VID_적립혜택_봄_B_v1,22383,619,98343,44,20,1566302,588,31,17,1360729,VID,적립혜택,봄,B,v1,False,False,13.836561829514924,3172.3548386073435,0.02765491667783462,0.05008077544418404,158.87399030669002,4393.646964213716
2025-03-14,meta,외부,META_CMP_03_재구매,재구매,윈백,CRS_신상품_봄_v1,19393,507,87847,22,12,867958,434,17,9,804303,CRS,신상품,봄,N,v1,False,False,9.155725295115266,5167.470587931325,0.02614345382354323,0.03353057199204432,173.26824457559513,4529.8303511574
2025-03-14,naver,자체,NVR_CMP_01_브랜드KW,브랜드KW,논타겟,TXT_플러스멤버십_봄_A_v1,9798,1430,70076,429,257,22388159,1373,329,231,16939215,TXT,플러스멤버십,봄,A,v1,False,False,241.72633997373933,212.99696048567478,0.14594815268420636,0.2300699300697692,49.00419580416153,7152.071851397514
2025-03-14,naver,자체,NVR_CMP_02_일반KW,일반KW,논타겟,TXT_할인쿠폰_봄_A_v1,11389,1127,80123,161,72,3765249,1091,140,61,2963483,TXT,할인쿠폰,봄,A,v1,False,False,36.98667049411483,572.307142853055,0.09895513214504355,0.12422360248436183,71.09405501324659,7035.121608569055
2025-03-14,naver,자체,NVR_CMP_02_일반KW,일반KW,논타겟,TXT_플러스멤버십_봄_B_v1,14004,1362,110374,238,94,5178668,1164,170,73,4306684,TXT,플러스멤버십,봄,B,v1,False,False,39.01900809973328,649.2588235255927,0.09725792630676254,0.12481644640225785,81.03817914825181,7881.605255640682
2025-03-14,naver,자체,NVR_CMP_03_재구매,재구매,VIP,IMG_배송혜택_봄_A_v1,3840,189,27706,23,19,1759405,180,16,16,1440752,IMG,배송혜택,봄,A,v1,False,False,52.00144373059799,1731.6249998917735,0.04921874999998718,0.08465608465563675,146.59259259181698,7215.104166664788
2025-03-14,naver,자체,NVR_CMP_03_재구매,재구매,VIP,VID_적립혜택_봄_B_v1,6491,364,58144,42,26,2822231,317,38,18,2599355,VID,적립혜택,봄,B,v1,False,False,44.70547261970204,1530.105263117629,0.0560776459713363,0.1043956043953176,159.7362637358249,8957.633646586202
2025-03-14,naver,자체,NVR_CMP_03_재구매,재구매,VIP,CRS_신상품_봄_v1,4844,316,35575,34,25,1932435,281,29,20,1571109,CRS,신상품,봄,N,v1,False,False,44.16328882642181,1226.7241378887336,0.06523534269197662,0.09177215189844376,112.57911392369438,7344.137076794519
2025-03-14,naver,자체,NVR_CMP_03_재구매,재구매,윈백,IMG_배송혜택_봄_A_v1,8702,539,83053,38,29,3002081,527,33,21,2608251,IMG,배송혜택,봄,A,v1,False,False,31.404657267045962,2516.7575756813108,0.06193978395770375,0.061224489795804776,154.08719851548406,9544.1277867146
2025-03-14,naver,자체,NVR_CMP_03_재구매,재구매,윈백,VID_적립혜택_봄_B_v1,10396,596,98856,55,32,3287365,559,39,24,2746242,VID,적립혜택,봄,B,v1,False,False,27.780225782956744,2534.769230704237,0.05732974220853623,0.06543624161062847,165.86577181180223,9509.041939206472
2025-03-14,naver,자체,NVR_CMP_03_재구매,재구매,윈백,CRS_신상품_봄_v1,11586,819,110038,81,70,4979208,776,72,57,4593293,CRS,신상품,봄,N,v1,False,False,41.742788854758885,1528.305555534329,0.07068876229932067,0.08791208791198057,134.35653235636832,9497.496979111902
2025-03-15,google,외부,GGL_CMP_01_플러스가입,플러스가입,논타겟,VID_플러스멤버십_봄_A_v1,33367,1069,161600,140,55,2988641,909,113,40,2423342,VID,플러스멤버십,봄,A,v1,False,False,14.99592821782169,1430.0884955625656,0.03203764198159763,0.1057062675396579,151.1693171186612,4843.108460454796
2025-03-15,google,외부,GGL_CMP_01_플러스가입,플러스가입,논타겟,IMG_플러스멤버십_봄_B_v1,47396,1013,261469,124,47,2866025,890,105,41,2232519,IMG,플러스멤버십,봄,B,v1,False,False,8.538369749377523,2490.1809523572365,0.021373111654991533,0.10365251727531723,258.11352418533255,5516.689172081916
2025-03-15,google,외부,GGL_CMP_01_플러스가입,플러스가입,논타겟,CRS_플러스멤버십_봄_v1,51211,1611,309568,214,84,5440284,1469,191,72,4061692,CRS,플러스멤버십,봄,N,v1,False,False,13.12051633243742,1620.774869101462,0.03145808517701214,0.11855990068273212,192.15890751074355,6044.9512799983195
2025-03-15,google,외부,GGL_CMP_01_플러스가입,플러스가입,논타겟,IMG_적립혜택_봄_v2,31477,1076,161238,117,32,2097168,1033,87,26,1839458,IMG,적립혜택,봄,N,v2,False,False,11.408340465646987,1853.3103448062836,0.03418368967817663,0.08085501858728546,149.8494423790429,5122.406836737773
2025-03-15,google,외부,GGL_CMP_01_플러스가입,플러스가입,유사타겟,VID_플러스멤버십_봄_A_v1,50702,1542,321528,142,49,3022049,1499,126,38,2501142,VID,플러스멤버십,봄,A,v1,False,False,7.778924386056556,2551.809523789271,0.030413001459507902,0.08171206225675635,208.51361867690758,6341.524989152177
2025-03-15,google,외부,GGL_CMP_01_플러스가입,플러스가입,유사타겟,IMG_플러스멤버십_봄_B_v1,31471,1007,156349,99,39,2140630,887,84,34,1545098,IMG,플러스멤버십,봄,B,v1,False,False,9.882365733071463,1861.2976190254606,0.031997712179465794,0.0834160873881992,155.26216484592328,4968.034063105559
2025-03-15,google,외부,GGL_CMP_01_플러스가입,플러스가입,유사타겟,CRS_플러스멤버십_봄_v1,28975,671,164933,83,40,2694618,652,70,29,2096697,CRS,플러스멤버십,봄,N,v1,False,False,12.71241655702611,2356.1857142520544,0.023157894736841305,0.10432190760044066,245.80178837519256,5692.2519413285345
2025-03-15,google,외부,GGL_CMP_01_플러스가입,플러스가입,유사타겟,IMG_적립혜택_봄_v2,40323,1375,235921,196,65,3057195,1340,156,52,2732983,IMG,적립혜택,봄,N,v2,False,False,11.584314240783943,1512.3141025544082,0.03409964536368738,0.11345454545446294,171.57890909078432,5850.779951888356
2025-03-15,google,외부,GGL_CMP_02_리타겟팅,리타겟팅,리마케팅,VID_할인쿠폰_봄_A_v1,28370,775,164789,105,57,2872066,736,92,51,2133704,VID,할인쿠폰,봄,A,v1,False,False,12.948097263773596,1791.1847825892262,0.027317589002466433,0.11870967741920167,212.63096774166112,5808.565385970892
2025-03-15,google,외부,GGL_CMP_02_리타겟팅,리타겟팅,리마케팅,IMG_할인쿠폰_봄_B_v1,23131,1021,139109,93,61,4226634,895,77,45,3599408,IMG,할인쿠폰,봄,B,v1,False,False,25.874731325794695,1806.610389586927,0.04413989883705658,0.07541625856995551,136.24779627802522,6013.9639444898185
2025-03-15,google,외부,GGL_CMP_02_리타겟팅,리타겟팅,리마케팅,CRS_특가_봄_v1,27877,1015,125982,130,91,5436184,919,105,68,4493280,CRS,특가,봄,N,v1,False,False,35.66604753059933,1199.8285714171445,0.03640994368116955,0.10344827586196705,124.12019704421269,4519.209384079904
2025-03-15,google,외부,GGL_CMP_03_첫구매,첫구매,논타겟,VID_적립혜택_봄_A_v1,34393,948,176288,93,59,2984179,864,71,50,2769635,VID,적립혜택,봄,A,v1,False,False,15.710853830096118,2482.929577429818,0.027563748437181186,0.07489451476785348,185.95780590697683,5125.694181955482
2025-03-15,google,외부,GGL_CMP_03_첫구매,첫구매,논타겟,IMG_적립혜택_봄_B_v1,45635,1133,296698,84,59,4019533,977,71,46,3702123,IMG,적립혜택,봄,B,v1,False,False,12.47774841758282,4178.845070363678,0.024827435082721054,0.06266548984990056,261.8693733448704,6501.54486687835
2025-03-15,google,외부,GGL_CMP_03_첫구매,첫구매,논타겟,CRS_할인쿠폰_봄_v1,31199,977,180986,71,42,2848357,830,57,30,2400060,CRS,할인쿠폰,봄,N,v1,False,False,13.261025714696093,3175.1929824004355,0.03131510625340456,0.05834186284538553,185.24667349008675,5801.0192634377445
2025-03-15,google,외부,GGL_CMP_03_첫구매,첫구매,유사타겟,VID_적립혜택_봄_A_v1,32553,666,194196,53,20,1515034,601,43,15,1394325,VID,적립혜택,봄,A,v1,False,False,7.179988259284397,4516.1860464066,0.02045894387613982,0.06456456456446762,291.5855855851478,5965.533130586859
2025-03-15,google,외부,GGL_CMP_03_첫구매,첫구매,유사타겟,IMG_적립혜택_봄_B_v1,37117,1075,222765,80,50,3875033,1043,68,38,2949168,IMG,적립혜택,봄,B,v1,False,False,13.23891993805125,3275.955882304765,0.028962470027210474,0.06325581395342952,207.22325581376072,6001.697335452596
2025-03-15,google,외부,GGL_CMP_03_첫구매,첫구매,유사타겟,CRS_할인쿠폰_봄_v1,40225,893,236368,72,30,2017435,777,59,20,1511719,CRS,할인쿠폰,봄,N,v1,False,False,6.39561615785552,4006.237288067691,0.022200124300807405,0.06606942889130339,264.6898096301627,5876.146674953241
2025-03-15,meta,외부,META_CMP_01_신규유저,신규유저,논타겟,VID_플러스멤버십_봄_A_v1,24468,341,102244,20,7,307986,291,15,5,245560,VID,플러스멤버십,봄,A,v1,False,False,2.401705723563217,6816.266666212249,0.013936570214156696,0.04398826979459241,299.83577712522043,4178.682360634128
2025-03-15,meta,외부,META_CMP_01_신규유저,신규유저,논타겟,IMG_적립혜택_봄_B_v1,35182,736,120688,66,15,687787,670,47,11,539861,IMG,적립혜택,봄,B,v1,False,False,4.473195346679003,2567.829787179408,0.020919788528224067,0.06385869565208716,163.97826086934242,3430.390540617264
2025-03-15,meta,외부,META_CMP_01_신규유저,신규유저,논타겟,CRS_플러스멤버십_봄_v1,39759,757,171236,62,23,897330,659,50,16,770951,CRS,플러스멤버십,봄,N,v1,False,False,4.5022717185638275,3424.7199999315058,0.019039714278527655,0.0660501981505072,226.20343461000502,4306.848763801799
2025-03-15,meta,외부,META_CMP_02_룩얼라이크,룩얼라이크,유사타겟,VID_플러스멤버십_봄_A_v1,23812,463,99115,40,16,938011,413,31,12,853858,VID,플러스멤버십,봄,A,v1,False,False,8.61482116733079,3197.2580644129916,0.019443977826305248,0.0669546436283651,214.07127429759382,4162.397110700313
2025-03-15,meta,외부,META_CMP_02_룩얼라이크,룩얼라이크,유사타겟,IMG_할인쿠폰_봄_B_v1,25241,358,126300,30,11,589332,321,22,8,510328,IMG,할인쿠폰,봄,B,v1,False,False,4.0406017418843705,5740.909090648141,0.014183273245908871,0.0614525139663088,352.79329608840004,5003.763717760588
2025-03-15,meta,외부,META_CMP_02_룩얼라이크,룩얼라이크,유사타겟,CRS_특가_봄_v1,26743,338,101388,23,9,419063,301,16,6,363828,CRS,특가,봄,N,v1,False,False,3.588472008521683,6336.749999603953,0.012638821373816975,0.04733727810636883,299.96449704053265,3791.1976965933595
2025-03-15,meta,외부,META_CMP_03_재구매,재구매,VIP,IMG_배송혜택_봄_A_v1,9045,211,37796,12,9,578071,201,9,6,465976,IMG,배송혜택,봄,A,v1,False,False,12.328712033019041,4199.5555550889385,0.023327805417355078,0.04265402843581681,179.1279620844591,4178.662244333424
2025-03-15,meta,외부,META_CMP_03_재구매,재구매,VIP,VID_적립혜택_봄_B_v1,12206,298,53328,14,11,604431,273,11,9,486001,VID,적립혜택,봄,B,v1,False,False,9.11343009300913,4847.9999995592725,0.02441422251351594,0.036912751677728485,178.9530201336277,4368.998853022746
2025-03-15,meta,외부,META_CMP_03_재구매,재구매,VIP,CRS_신상품_봄_v1,8752,224,41458,9,8,669256,206,6,6,502899,CRS,신상품,봄,N,v1,False,False,12.13032466592667,6909.666665515056,0.025594149908589395,0.026785714285594706,185.0803571420309,4736.97440584955
2025-03-15,meta,외부,META_CMP_03_재구매,재구매,윈백,IMG_배송혜택_봄_A_v1,16357,353,64225,14,7,558190,301,11,6,404681,IMG,배송혜택,봄,A,v1,False,False,6.300988711560821,5838.636363105578,0.021580974506326248,0.031161473087730422,181.94050991449876,3926.4535061439183
2025-03-15,meta,외부,META_CMP_03_재구매,재구매,윈백,VID_적립혜택_봄_B_v1,17841,531,80274,23,11,807213,465,17,7,655173,VID,적립혜택,봄,B,v1,False,False,8.161708647880905,4721.999999722235,0.02976290566672105,0.03201506591331071,151.17514124265315,4499.41146796679
2025-03-15,meta,외부,META_CMP_03_재구매,재구매,윈백,CRS_신상품_봄_v1,15519,289,55129,13,6,453409,271,11,5,382457,CRS,신상품,봄,N,v1,False,False,6.937492064067788,5011.727272271661,0.01862233391326641,0.03806228373689252,190.75778546646796,3552.355177524096
2025-03-15,naver,자체,NVR_CMP_01_브랜드KW,브랜드KW,논타겟,TXT_플러스멤버십_봄_A_v1,7297,1185,63995,225,207,16822270,1101,163,179,12904524,TXT,플러스멤버십,봄,A,v1,False,False,201.64894132353777,392.6073619607816,0.16239550500203337,0.13755274261591768,54.00421940923713,8770.042483211077
2025-03-15,naver,자체,NVR_CMP_02_일반KW,일반KW,논타겟,TXT_할인쿠폰_봄_A_v1,9338,601,87244,67,26,1740335,579,54,21,1415482,TXT,할인쿠폰,봄,A,v1,False,False,16.224405116684053,1615.6296295997106,0.06436067680444801,0.08985024958387712,145.16472545732918,9342.899978581137
2025-03-15,naver,자체,NVR_CMP_02_일반KW,일반KW,논타겟,TXT_플러스멤버십_봄_B_v1,8201,645,53907,87,48,3111401,593,77,40,2822163,TXT,플러스멤버십,봄,B,v1,False,False,52.352440313872926,700.090909081817,0.0786489452505696,0.11937984496105522,83.57674418591694,6573.222777709233
2025-03-15,naver,자체,NVR_CMP_03_재구매,재구매,VIP,IMG_배송혜택_봄_A_v1,5103,220,35819,16,17,1793292,208,11,11,1666567,IMG,배송혜택,봄,A,v1,False,False,46.527457494624464,3256.2727269767024,0.043111894963738365,0.049999999999772726,162.81363636289632,7019.204389573383
2025-03-15,naver,자체,NVR_CMP_03_재구매,재구매,VIP,VID_적립혜택_봄_B_v1,3858,236,25346,19,17,1489681,216,14,14,1157270,VID,적립혜택,봄,B,v1,False,False,45.6588810857711,1810.428571299255,0.06117159149816973,0.059322033898053725,107.39830508429068,6569.725246239873
2025-03-15,naver,자체,NVR_CMP_03_재구매,재구매,VIP,CRS_신상품_봄_v1,3827,270,29599,28,19,1671123,258,21,13,1423465,CRS,신상품,봄,N,v1,False,False,48.09165850197479,1409.4761904090726,0.07055134570157551,0.07777777777748972,109.62592592551991,7734.256597855308
2025-03-15,naver,자체,NVR_CMP_03_재구매,재구매,윈백,IMG_배송혜택_봄_A_v1,8438,641,58779,60,57,5110317,565,48,50,3959386,IMG,배송혜택,봄,A,v1,False,False,67.36055393933093,1224.5624999744884,0.07596586868925385,0.07488299531969597,91.6989079561752,6965.987200757648
2025-03-15,naver,자체,NVR_CMP_03_재구매,재구매,윈백,VID_적립혜택_봄_B_v1,6513,451,56253,37,32,2872181,428,26,24,2153787,VID,적립혜택,봄,B,v1,False,False,38.287504666417114,2163.5769229937086,0.06924612313832806,0.057649667405637144,124.7294900218964,8637.03362505625
2025-03-15,naver,자체,NVR_CMP_03_재구매,재구매,윈백,CRS_신상품_봄_v1,7215,422,56652,50,50,3808487,387,43,35,3379256,CRS,신상품,봄,N,v1,False,False,59.64936807173517,1317.488372062384,0.05848925848925038,0.10189573459691494,134.2464454973122,7851.975051973964
2025-03-16,google,외부,GGL_CMP_01_플러스가입,플러스가입,논타겟,VID_플러스멤버십_봄_A_v1,32504,840,194472,110,34,1736442,761,77,24,1429899,VID,플러스멤버십,봄,A,v1,False,False,7.3527242996420705,2525.6103895775896,0.025842973172531817,0.09166666666655754,231.5142857140101,5983.017474772151
2025-03-16,google,외부,GGL_CMP_01_플러스가입,플러스가입,논타겟,IMG_플러스멤버십_봄_B_v1,44850,1560,200623,170,51,3005205,1328,126,42,2771928,IMG,플러스멤버십,봄,B,v1,False,False,13.816601286990954,1592.2460317333948,0.034782608695651404,0.080769230769179,128.60448717940474,4473.19955406902
2025-03-16,google,외부,GGL_CMP_01_플러스가입,플러스가입,논타겟,CRS_플러스멤버십_봄_v1,38810,942,211060,134,43,2644043,818,110,31,1972123,CRS,플러스멤버십,봄,N,v1,False,False,9.343897469913724,1918.7272727098298,0.024272094820921818,0.11677282377906925,224.05520169827597,5438.289100747091
2025-03-16,google,외부,GGL_CMP_01_플러스가입,플러스가입,논타겟,IMG_적립혜택_봄_v2,33186,1055,165184,127,31,2201991,988,96,26,1951577,IMG,적립혜택,봄,N,v2,False,False,11.814564364587298,1720.666666648743,0.03179051407219816,0.09099526066342085,156.57251184819282,4977.520641234106
2025-03-16,google,외부,GGL_CMP_01_플러스가입,플러스가입,유사타겟,VID_플러스멤버십_봄_A_v1,30972,904,202855,109,25,1113557,820,98,17,802035,VID,플러스멤버십,봄,A,v1,False,False,3.953735426782658,2069.9489795707145,0.029187653364328128,0.10840707964589778,224.39712389355708,6549.625468164582
2025-03-16,google,외부,GGL_CMP_01_플러스가입,플러스가입,유사타겟,IMG_플러스멤버십_봄_B_v1,41607,1297,219720,185,38,1850224,1183,155,31,1353459,IMG,플러스멤버십,봄,B,v1,False,False,6.1599262697978965,1417.5483870876287,0.03117263921936138,0.11950655358510447,169.40632228205905,5280.8421659815585
2025-03-16,google,외부,GGL_CMP_01_플러스가입,플러스가입,유사타겟,CRS_플러스멤버십_봄_v1,49343,997,241652,111,30,1627716,904,86,25,1393495,CRS,플러스멤버십,봄,N,v1,False,False,5.7665361759885885,2809.9069767115125,0.02020550027359463,0.08625877632890044,242.3791374119936,4897.391727296579
2025-03-16,google,외부,GGL_CMP_01_플러스가입,플러스가입,유사타겟,IMG_적립혜택_봄_v2,36143,745,163300,111,22,1528455,688,77,18,1116856,IMG,적립혜택,봄,N,v2,False,False,6.839289650949132,2120.779220751678,0.02061256674874746,0.10335570469784784,219.194630872189,4518.163959826121
2025-03-16,google,외부,GGL_CMP_02_리타겟팅,리타겟팅,리마케팅,VID_할인쿠폰_봄_A_v1,18901,683,98222,83,26,1178366,611,63,20,1018198,VID,할인쿠폰,봄,A,v1,False,False,10.366292683919994,1559.079365054618,0.036135654198188656,0.09224011713017241,143.80966325015547,5196.656261573187
2025-03-16,google,외부,GGL_CMP_02_리타겟팅,리타겟팅,리마케팅,IMG_할인쿠폰_봄_B_v1,31139,913,183779,79,26,1851676,796,70,20,1684910,IMG,할인쿠폰,봄,B,v1,False,False,9.168131288123186,2625.41428567678,0.029320145155591722,0.07667031763408907,201.2913472067894,5901.8915186741415
2025-03-16,google,외부,GGL_CMP_02_리타겟팅,리타겟팅,리마케팅,CRS_특가_봄_v1,29064,1000,169342,119,58,3923852,893,89,47,3089920,CRS,특가,봄,N,v1,False,False,18.246625172727274,1902.7191011022167,0.034406826314339584,0.088999999999911,169.34199999983065,5826.520781722893
2025-03-16,google,외부,GGL_CMP_03_첫구매,첫구매,논타겟,VID_적립혜택_봄_A_v1,50334,1626,304318,124,55,3238570,1463,105,44,2836401,VID,적립혜택,봄,A,v1,False,False,9.320516696350499,2898.266666639064,0.03230420789128557,0.06457564575641785,187.15744157430063,6045.9729010210585
2025-03-16,google,외부,GGL_CMP_03_첫구매,첫구매,논타겟,IMG_적립혜택_봄_B_v1,45431,908,228010,77,23,1654883,796,58,20,1464985,IMG,적립혜택,봄,B,v1,False,False,6.425091004780464,3931.206896483945,0.019986352930817724,0.0638766519823085,251.11233480148556,5018.819748629679
2025-03-16,google,외부,GGL_CMP_03_첫구매,첫구매,논타겟,CRS_할인쿠폰_봄_v1,49931,943,318348,68,25,1800613,876,51,19,1456672,CRS,할인쿠폰,봄,N,v1,False,False,4.57572216568031,6242.117646936429,0.018886062766617556,0.05408271474013353,337.59066808023584,6375.758546794449
2025-03-16,google,외부,GGL_CMP_03_첫구매,첫구매,유사타겟,VID_적립혜택_봄_A_v1,47476,1358,289470,135,50,3227029,1285,121,42,2326712,VID,적립혜택,봄,A,v1,False,False,8.037834663350234,2392.3140495670054,0.02860392619428704,0.08910162002938947,213.159057437251,6097.185946583409
2025-03-16,google,외부,GGL_CMP_03_첫구매,첫구매,유사타겟,IMG_적립혜택_봄_B_v1,41997,951,255636,101,38,2527419,814,78,28,2203791,IMG,적립혜택,봄,B,v1,False,False,8.62081631695063,3277.3846153425975,0.022644474605328414,0.0820189274447087,268.80757097763535,6087.006214729479
2025-03-16,google,외부,GGL_CMP_03_첫구매,첫구매,유사타겟,CRS_할인쿠폰_봄_v1,41651,778,208268,74,29,1589084,744,57,22,1238660,CRS,할인쿠폰,봄,N,v1,False,False,5.947433115024843,3653.824561339407,0.018679023312765154,0.0732647814909084,267.6966580973423,5000.312117356006
2025-03-16,meta,외부,META_CMP_01_신규유저,신규유저,논타겟,VID_플러스멤버십_봄_A_v1,22903,338,86785,21,4,198593,306,15,3,153141,VID,플러스멤버십,봄,A,v1,False,False,1.7646021777956815,5785.666666280956,0.014757891979216052,0.04437869822472078,256.76035502882615,3789.24158407179
2025-03-16,meta,외부,META_CMP_01_신규유저,신규유저,논타겟,IMG_적립혜택_봄_B_v1,24797,387,107945,20,3,156736,331,17,2,135659,IMG,적립혜택,봄,B,v1,False,False,1.2567418592801773,6349.705881979429,0.015606726620155035,0.04392764857869786,278.9276485780906,4353.147558172184
2025-03-16,meta,외부,META_CMP_01_신규유저,신규유저,논타겟,CRS_플러스멤버십_봄_v1,23388,386,94707,25,5,245544,378,19,3,185348,CRS,플러스멤버십,봄,N,v1,False,False,1.9570675874011216,4984.578947106074,0.016504190182999125,0.04922279792733362,245.3549222791571,4049.384299640669
2025-03-16,meta,외부,META_CMP_02_룩얼라이크,룩얼라이크,유사타겟,VID_플러스멤버십_봄_A_v1,26638,573,107944,44,9,522446,520,37,7,452212,VID,플러스멤버십,봄,A,v1,False,False,4.189320388349476,2917.405405326557,0.02151062392071396,0.06457242582885764,188.3839441532489,4052.2561753883906
2025-03-16,meta,외부,META_CMP_02_룩얼라이크,룩얼라이크,유사타겟,IMG_할인쿠폰_봄_B_v1,38141,484,176811,45,8,472017,428,34,7,388952,IMG,할인쿠폰,봄,B,v1,False,False,2.199817884633862,5200.323529258814,0.012689756430088024,0.07024793388415239,365.3119834703196,4635.720091240277
2025-03-16,meta,외부,META_CMP_02_룩얼라이크,룩얼라이크,유사타겟,CRS_특가_봄_v1,39672,503,190054,34,10,581432,461,30,7,515296,CRS,특가,봄,N,v1,False,False,2.7113136266534634,6335.133333122162,0.012678967533776652,0.05964214711717765,377.84095427360273,4790.633192175721
2025-03-16,meta,외부,META_CMP_03_재구매,재구매,VIP,IMG_배송혜택_봄_A_v1,11516,304,41420,12,6,379394,296,9,5,295475,IMG,배송혜택,봄,A,v1,False,False,7.133631096088674,4602.222221710864,0.02639805488016443,0.02960526315779735,136.24999999955182,3596.7349774224035
2025-03-16,meta,외부,META_CMP_03_재구매,재구매,VIP,VID_적립혜택_봄_B_v1,8344,137,30482,6,2,114488,129,5,1,106153,VID,적립혜택,봄,B,v1,False,False,3.482481464470721,6096.39999878072,0.016418983700860926,0.03649635036469711,222.49635036333947,3653.163950143378
2025-03-16,meta,외부,META_CMP_03_재구매,재구매,VIP,CRS_신상품_봄_v1,11602,203,47360,11,5,358736,193,8,3,320981,CRS,신상품,봄,N,v1,False,False,6.777470439189046,5919.99999926,0.017496983278743536,0.03940886699487976,233.30049260968818,4082.054818134452
2025-03-16,meta,외부,META_CMP_03_재구매,재구매,윈백,IMG_배송혜택_봄_A_v1,12734,288,62954,15,9,640625,267,12,7,523272,IMG,배송혜택,봄,A,v1,False,False,8.311973822155728,5246.1666662294865,0.022616616931048952,0.041666666666521995,218.5902777770188,4943.772577351582
2025-03-16,meta,외부,META_CMP_03_재구매,재구매,윈백,VID_적립혜택_봄_B_v1,15472,317,60548,15,7,445683,272,11,4,378019,VID,적립혜택,봄,B,v1,False,False,6.2432945762039,5504.363635863239,0.020488624612201363,0.03470031545730379,191.00315457352997,3913.3919338156725
2025-03-16,meta,외부,META_CMP_03_재구매,재구매,윈백,CRS_신상품_봄_v1,20428,541,88586,33,13,1133374,524,28,11,919554,CRS,신상품,봄,N,v1,False,False,10.38035355473765,3163.785714172722,0.02648325827295739,0.05175600739361968,163.74491682039974,4336.498923046586
2025-03-16,naver,자체,NVR_CMP_01_브랜드KW,브랜드KW,논타겟,TXT_플러스멤버십_봄_A_v1,7541,915,72178,283,155,9784347,884,230,106,7359493,TXT,플러스멤버십,봄,A,v1,False,False,101.96310510127599,313.8173913029834,0.12133669274630401,0.2513661202183045,78.88306010920341,9571.409627369105
2025-03-16,naver,자체,NVR_CMP_02_일반KW,일반KW,논타겟,TXT_할인쿠폰_봄_A_v1,8195,853,59957,116,47,2945955,812,90,33,2669884,TXT,할인쿠폰,봄,A,v1,False,False,44.52997981886945,666.1888888814867,0.10408785845026185,0.10550996482988803,70.28956623672886,7316.290420987514
2025-03-16,naver,자체,NVR_CMP_02_일반KW,일반KW,논타겟,TXT_플러스멤버십_봄_B_v1,12178,932,109244,113,33,2579592,897,80,29,2109384,TXT,플러스멤버십,봄,B,v1,False,False,19.308923144520346,1365.5499999829306,0.07653145015601276,0.08583690987115254,117.21459227455234,8970.602726226885
2025-03-16,naver,자체,NVR_CMP_03_재구매,재구매,VIP,IMG_배송혜택_봄_A_v1,4432,233,31943,16,9,715604,209,11,6,610760,IMG,배송혜택,봄,A,v1,False,False,19.12030804871117,2903.9090906450992,0.052572202166053114,0.04721030042898193,137.09442060026998,7207.355595666243
2025-03-16,naver,자체,NVR_CMP_03_재구매,재구매,VIP,VID_적립혜택_봄_B_v1,3562,176,25227,16,12,1254308,170,13,10,920856,VID,적립혜택,봄,B,v1,False,False,36.502794624805304,1940.5384613891893,0.049410443571013644,0.07386363636321669,143.33522727191288,7082.257158897506
2025-03-16,naver,자체,NVR_CMP_03_재구매,재구매,VIP,CRS_신상품_봄_v1,3840,244,28069,22,18,1576750,234,19,12,1342388,CRS,신상품,봄,N,v1,False,False,47.82457515408287,1477.3157893959308,0.06354166666665012,0.07786885245869726,115.03688524543018,7309.635416664763
2025-03-16,naver,자체,NVR_CMP_03_재구매,재구매,윈백,IMG_배송혜택_봄_A_v1,5574,364,44441,42,30,2718927,345,29,23,2001920,IMG,배송혜택,봄,A,v1,False,False,45.04669111856068,1532.4482758092258,0.06530319339790719,0.0796703296701108,122.09065934032392,7972.909939001081
2025-03-16,naver,자체,NVR_CMP_03_재구매,재구매,윈백,VID_적립혜택_봄_B_v1,7547,388,63336,37,26,2230518,347,28,22,1643401,VID,적립혜택,봄,B,v1,False,False,25.947344322343913,2261.999999919214,0.051411156751020086,0.07216494845342225,163.23711340164115,8392.208824697444
2025-03-16,naver,자체,NVR_CMP_03_재구매,재구매,윈백,CRS_신상품_봄_v1,8491,396,77561,42,23,1736378,384,37,18,1447204,CRS,신상품,봄,N,v1,False,False,18.658913629272202,2096.243243186588,0.04663761629960586,0.09343434343410749,195.86111111061652,9134.49534801447
2025-03-17,google,외부,GGL_CMP_01_플러스가입,플러스가입,논타겟,VID_플러스멤버십_봄_A_v1,52782,1052,339690,147,42,2298580,1020,122,35,1739741,VID,플러스멤버십,봄,A,v1,False,False,5.121554947157688,2784.3442622722596,0.019931037095979313,0.11596958174893919,322.8992395434193,6435.716721609519
2025-03-17,google,외부,GGL_CMP_01_플러스가입,플러스가입,논타겟,IMG_플러스멤버십_봄_B_v1,55049,1201,326104,143,33,2253711,1072,101,23,1726897,IMG,플러스멤버십,봄,B,v1,False,False,5.295540686406774,3228.752475215557,0.02181692673799666,0.08409658617811483,271.527060782455,5923.8859924793205
2025-03-17,google,외부,GGL_CMP_01_플러스가입,플러스가입,논타겟,CRS_플러스멤버십_봄_v1,60758,1986,339568,283,74,4869082,1882,208,62,4444364,CRS,플러스멤버십,봄,N,v1,False,False,13.088288649107062,1632.538461530613,0.03268705355673273,0.10473313192341152,170.98086606235097,5588.860726159426
2025-03-17,google,외부,GGL_CMP_01_플러스가입,플러스가입,논타겟,IMG_적립혜택_봄_v2,45363,1197,237684,134,31,2035469,1162,115,24,1523749,IMG,적립혜택,봄,N,v2,False,False,6.41081856582687,2066.8173912863754,0.02638714370742618,0.09607351712606844,198.56641603993435,5239.600555518699
2025-03-17,google,외부,GGL_CMP_01_플러스가입,플러스가입,유사타겟,VID_플러스멤버십_봄_A_v1,69676,2148,425801,203,43,2439223,1931,143,31,1759463,VID,플러스멤버십,봄,A,v1,False,False,4.132125100692567,2977.6293706085485,0.03082840576382067,0.0665735567969895,198.23137802597847,6111.157356909034
2025-03-17,google,외부,GGL_CMP_01_플러스가입,플러스가입,유사타겟,IMG_플러스멤버십_봄_B_v1,71300,1940,401724,272,70,3233987,1836,214,57,2483012,IMG,플러스멤버십,봄,B,v1,False,False,6.180890362537449,1877.2149532622561,0.027208976157082367,0.1103092783504586,207.07422680401697,5634.277699859668
2025-03-17,google,외부,GGL_CMP_01_플러스가입,플러스가입,유사타겟,CRS_플러스멤버십_봄_v1,45821,1364,236588,195,60,4217330,1284,157,45,3413124,CRS,플러스멤버십,봄,N,v1,False,False,14.42644597359116,1506.9299362961342,0.029768010300953062,0.1151026392961033,173.45161290309863,5163.30939962015
2025-03-17,google,외부,GGL_CMP_01_플러스가입,플러스가입,유사타겟,IMG_적립혜택_봄_v2,44864,1345,282164,190,49,3024216,1277,135,36,2393146,IMG,적립혜택,봄,N,v2,False,False,8.48140088742714,2090.1037036882217,0.02997949358059848,0.10037174721182128,209.78736059463955,6289.3188302423705
2025-03-17,google,외부,GGL_CMP_02_리타겟팅,리타겟팅,리마케팅,VID_할인쿠폰_봄_A_v1,30157,1108,147176,151,79,3955310,1033,133,56,3133879,VID,할인쿠폰,봄,A,v1,False,False,21.293410610425468,1106.5864661570934,0.0367410551447413,0.12003610108292416,132.83032490962742,4880.326292402929
2025-03-17,google,외부,GGL_CMP_02_리타겟팅,리타겟팅,리마케팅,IMG_할인쿠폰_봄_B_v1,41404,1404,265214,134,48,2448037,1332,122,36,1936220,IMG,할인쿠폰,봄,B,v1,False,False,7.300594991214615,2173.8852458838205,0.03390976717225307,0.086894586894525,188.89886039872584,6405.516375229293
2025-03-17,google,외부,GGL_CMP_02_리타겟팅,리타겟팅,리마케팅,CRS_특가_봄_v1,41083,1456,246423,176,66,3954607,1322,158,51,2879437,CRS,특가,봄,N,v1,False,False,11.684936065221137,1559.6392404964581,0.035440449821093026,0.10851648351640898,169.24656593394968,5998.174427378576
2025-03-17,google,외부,GGL_CMP_03_첫구매,첫구매,논타겟,VID_적립혜택_봄_A_v1,41940,995,274134,91,45,2667621,921,76,39,2144616,VID,적립혜택,봄,A,v1,False,False,7.823239729475338,3607.0263157420127,0.02372436814496844,0.07638190954766193,275.51155778866786,6536.337625178671
2025-03-17,google,외부,GGL_CMP_03_첫구매,첫구매,논타겟,IMG_적립혜택_봄_B_v1,59782,1254,314462,132,63,3773601,1067,120,46,3248891,IMG,적립혜택,봄,B,v1,False,False,10.331585374385426,2620.516666644829,0.020976213575992424,0.0956937799042299,250.7671451353662,5260.1451942055255
2025-03-17,google,외부,GGL_CMP_03_첫구매,첫구매,논타겟,CRS_할인쿠폰_봄_v1,68126,1954,364387,201,64,4475403,1819,143,53,3488661,CRS,할인쿠폰,봄,N,v1,False,False,9.574054507981872,2548.16083914302,0.02868214778498622,0.07318321392012632,186.48259979519628,5348.7214866569975
2025-03-17,google,외부,GGL_CMP_03_첫구매,첫구매,유사타겟,VID_적립혜택_봄_A_v1,58375,1330,316599,133,37,2528649,1203,97,30,1959631,VID,적립혜택,봄,A,v1,False,False,6.189631047476442,3263.9072164611966,0.022783725910063852,0.07293233082701284,238.04436090207665,5423.537473233312
2025-03-17,google,외부,GGL_CMP_03_첫구매,첫구매,유사타겟,IMG_적립혜택_봄_B_v1,48821,1469,287579,114,35,1984718,1341,80,28,1563633,IMG,적립혜택,봄,B,v1,False,False,5.437229422176149,3594.7374999550657,0.030089510661395095,0.05445881552072535,195.76514635793345,5890.477458470619
2025-03-17,google,외부,GGL_CMP_03_첫구매,첫구매,유사타겟,CRS_할인쿠폰_봄_v1,40452,786,241923,59,29,1908826,671,42,24,1576607,CRS,할인쿠폰,봄,N,v1,False,False,6.516978542759446,5760.071428434285,0.019430436072381603,0.05343511450374881,307.7900763354863,5980.495401957729
2025-03-17,meta,외부,META_CMP_01_신규유저,신규유저,논타겟,VID_플러스멤버십_봄_A_v1,31696,593,114155,34,6,294082,508,30,4,273385,VID,플러스멤버십,봄,A,v1,False,False,2.39485786868729,3805.166666539828,0.018708985360928233,0.05059021922419799,192.5042158512774,3601.5585562845913
2025-03-17,meta,외부,META_CMP_01_신규유저,신규유저,논타겟,IMG_적립혜택_봄_B_v1,30362,543,150303,34,6,281402,520,25,4,203860,IMG,적립혜택,봄,B,v1,False,False,1.3563268863562181,6012.119999759515,0.01788419735195251,0.046040515653690536,276.8011049718659,4950.36558856449
2025-03-17,meta,외부,META_CMP_01_신규유저,신규유저,논타겟,CRS_플러스멤버십_봄_v1,45424,713,165270,57,9,393731,641,47,7,313921,CRS,플러스멤버십,봄,N,v1,False,False,1.8994433351485334,3516.382978648588,0.015696548080309625,0.06591865357634513,231.79523141622468,3638.3849947163694
2025-03-17,meta,외부,META_CMP_02_룩얼라이크,룩얼라이크,유사타겟,VID_플러스멤버십_봄_A_v1,46960,886,228629,62,15,780604,823,48,11,708098,VID,플러스멤버십,봄,A,v1,False,False,3.0971486556823367,4763.104166567436,0.018867120954003006,0.05417607223470183,258.0462753947426,4868.590289608073
2025-03-17,meta,외부,META_CMP_02_룩얼라이크,룩얼라이크,유사타겟,IMG_할인쿠폰_봄_B_v1,37570,736,169681,52,13,696240,667,39,9,631433,IMG,할인쿠폰,봄,B,v1,False,False,3.7212946646943164,4350.794871683313,0.01959009848283153,0.05298913043471061,230.5448369562085,4516.3960606865985
2025-03-17,meta,외부,META_CMP_02_룩얼라이크,룩얼라이크,유사타겟,CRS_특가_봄_v1,50563,1127,217389,93,29,1593616,977,82,25,1195397,CRS,특가,봄,N,v1,False,False,5.498884488175549,2651.085365821328,0.02228902557205818,0.07275953859798336,192.8917480033781,4299.3691038901125
2025-03-17,meta,외부,META_CMP_03_재구매,재구매,VIP,IMG_배송혜택_봄_A_v1,15873,470,77179,30,16,1129295,446,21,13,835925,IMG,배송혜택,봄,A,v1,False,False,10.830990295287437,3675.190476015467,0.029610029610027743,0.04468085106373472,164.21063829752296,4862.281862281556
2025-03-17,meta,외부,META_CMP_03_재구매,재구매,VIP,VID_적립혜택_봄_B_v1,9327,235,34237,11,6,421631,221,8,4,321682,VID,적립혜택,봄,B,v1,False,False,9.395741449308954,4279.624999465047,0.025195668489329345,0.0340425531913445,145.68936170150772,3670.740859868803
2025-03-17,meta,외부,META_CMP_03_재구매,재구매,VIP,CRS_신상품_봄_v1,14788,380,61453,19,10,625657,333,15,8,469063,CRS,신상품,봄,N,v1,False,False,7.632873903633548,4096.866666393542,0.025696510684336916,0.03947368421042244,161.718421052206,4155.599134433043
2025-03-17,meta,외부,META_CMP_03_재구매,재구매,윈백,IMG_배송혜택_봄_A_v1,26683,507,122324,31,13,1014902,436,22,11,917868,IMG,배송혜택,봄,A,v1,False,False,7.503580654654789,5560.181817929082,0.019000861972041413,0.043392504930880885,241.27021696204878,4584.342090469416
2025-03-17,meta,외부,META_CMP_03_재구매,재구매,윈백,VID_적립혜택_봄_B_v1,18300,489,66803,22,12,739287,456,19,8,571179,VID,적립혜택,봄,B,v1,False,False,8.550199841324362,3515.9473682360026,0.026721311475408377,0.038854805725891915,136.61145194246092,3650.437158469746
2025-03-17,meta,외부,META_CMP_03_재구매,재구매,윈백,CRS_신상품_봄_v1,16917,447,80224,31,14,1143285,389,24,10,959580,CRS,신상품,봄,N,v1,False,False,11.961258476266304,3342.6666665273888,0.026423124667492675,0.05369127516766512,179.47203579378194,4742.211976118417
2025-03-17,naver,자체,NVR_CMP_01_브랜드KW,브랜드KW,논타겟,TXT_플러스멤버십_봄_A_v1,10119,1187,91226,303,135,7993036,1149,227,96,6262721,TXT,플러스멤버십,봄,A,v1,False,False,68.65061495626172,401.8766519806085,0.11730408143095984,0.19123841617507056,76.85425442285016,9015.317719141316
2025-03-17,naver,자체,NVR_CMP_02_일반KW,일반KW,논타겟,TXT_할인쿠폰_봄_A_v1,8881,742,73729,147,66,3690874,659,134,59,2860490,TXT,할인쿠폰,봄,A,v1,False,False,38.797352466464496,550.2164179063417,0.08354914987050066,0.18059299191350325,99.36522911037821,8301.880418870815
2025-03-17,naver,자체,NVR_CMP_02_일반KW,일반KW,논타겟,TXT_플러스멤버십_봄_B_v1,12617,940,83521,121,54,3721992,883,108,41,3004995,TXT,플러스멤버십,봄,B,v1,False,False,35.97891548233335,773.3425925854319,0.07450265514781053,0.11489361702115437,88.85212765947995,6619.7194261705135
2025-03-17,naver,자체,NVR_CMP_03_재구매,재구매,VIP,IMG_배송혜택_봄_A_v1,4381,216,39526,15,8,564519,188,10,6,430615,IMG,배송혜택,봄,A,v1,False,False,10.894474523098445,3952.59999960474,0.04930381191507662,0.046296296296081965,182.99074073989357,9022.14106368203
2025-03-17,naver,자체,NVR_CMP_03_재구매,재구매,VIP,VID_적립혜택_봄_B_v1,4050,197,27116,19,11,780248,183,17,7,651083,VID,적립혜택,봄,B,v1,False,False,24.011026700102374,1595.0588234355848,0.048641975308629966,0.08629441624321678,137.64467005006273,6695.3086419736555
2025-03-17,naver,자체,NVR_CMP_03_재구매,재구매,VIP,CRS_신상품_봄_v1,5491,238,41817,21,17,1296892,205,17,14,1170393,CRS,신상품,봄,N,v1,False,False,27.988449673577065,2459.8235292670693,0.0433436532507661,0.07142857142827132,175.70168067153068,7615.552722635654
2025-03-17,naver,자체,NVR_CMP_03_재구매,재구매,윈백,IMG_배송혜택_봄_A_v1,6494,301,55499,23,15,1407193,287,17,11,1057979,IMG,배송혜택,봄,A,v1,False,False,19.063028162669255,3264.6470586314913,0.04635047736371321,0.056478405315426986,184.3820598000519,8546.196489065513
2025-03-17,naver,자체,NVR_CMP_03_재구매,재구매,윈백,VID_적립혜택_봄_B_v1,10406,747,87445,71,64,7148984,704,60,44,5874271,VID,적립혜택,봄,B,v1,False,False,67.17675110069109,1457.4166666423764,0.0717855083605543,0.08032128514045472,117.06157965178438,8403.325004804112
2025-03-17,naver,자체,NVR_CMP_03_재구매,재구매,윈백,CRS_신상품_봄_v1,6361,406,54771,48,25,1860939,371,41,18,1465345,CRS,신상품,봄,N,v1,False,False,26.754030417556248,1335.8780487479055,0.06382644238326303,0.10098522167462812,134.90394088636722,8610.438610280047
2025-03-18,google,외부,GGL_CMP_01_플러스가입,플러스가입,논타겟,VID_플러스멤버십_봄_A_v1,67104,1415,401872,193,37,2530882,1248,175,27,2017757,VID,플러스멤버십,봄,A,v1,False,False,5.020894712744344,2296.4114285583064,0.021086671435383567,0.12367491166068999,284.0084805651703,5988.793514544498
2025-03-18,google,외부,GGL_CMP_01_플러스가입,플러스가입,논타겟,IMG_플러스멤버십_봄_B_v1,39417,1079,195643,127,39,2085950,1033,102,29,1809988,IMG,플러스멤버십,봄,B,v1,False,False,9.25148356956288,1918.0686274321756,0.027373975695765093,0.09453197404995874,181.31881371623604,4963.416799857803
2025-03-18,google,외부,GGL_CMP_01_플러스가입,플러스가입,논타겟,CRS_플러스멤버십_봄_v1,50317,1682,272230,164,52,3368940,1475,129,44,2894083,CRS,플러스멤버십,봄,N,v1,False,False,10.631021562649192,2110.310077503021,0.033428066061171505,0.07669441141493656,161.848989298358,5410.298706202568
2025-03-18,google,외부,GGL_CMP_01_플러스가입,플러스가입,논타겟,IMG_적립혜택_봄_v2,70169,1934,320604,246,80,5157577,1837,189,70,4531235,IMG,적립혜택,봄,N,v2,False,False,14.13343252111635,1696.3174603084851,0.02756202881614349,0.09772492244048722,165.77249224396806,4569.0262081545325
2025-03-18,google,외부,GGL_CMP_01_플러스가입,플러스가입,유사타겟,VID_플러스멤버십_봄_A_v1,70726,2494,459651,337,94,5116014,2370,240,72,4179516,VID,플러스멤버십,봄,A,v1,False,False,9.092803017941854,1915.21249999202,0.03526284534683093,0.09623095429025813,184.302726543631,6499.038543109938
2025-03-18,google,외부,GGL_CMP_01_플러스가입,플러스가입,유사타겟,IMG_플러스멤버십_봄_B_v1,38950,1131,195453,165,54,3813254,1019,137,46,2855189,IMG,플러스멤버십,봄,B,v1,False,False,14.60805922651474,1426.6642335662289,0.029037227214376665,0.1211317418212899,172.81432360727425,5018.048780487677
2025-03-18,google,외부,GGL_CMP_01_플러스가입,플러스가입,유사타겟,CRS_플러스멤버십_봄_v1,63773,1457,345310,122,25,1568316,1337,85,17,1292371,CRS,플러스멤버십,봄,N,v1,False,False,3.7426399467145357,4062.4705881875,0.022846659244507506,0.05833905284827842,237.00068634163554,5414.673921565468
2025-03-18,google,외부,GGL_CMP_01_플러스가입,플러스가입,유사타겟,IMG_적립혜택_봄_v2,68631,1631,309308,181,41,2047768,1432,127,34,1619590,IMG,적립혜택,봄,N,v2,False,False,5.236172358943173,2435.496062972949,0.023764771021841095,0.07786633966886704,189.64316370313327,4506.826361265252
2025-03-18,google,외부,GGL_CMP_02_리타겟팅,리타겟팅,리마케팅,VID_할인쿠폰_봄_A_v1,33683,1172,169348,141,70,4142714,1091,118,51,3274240,VID,할인쿠폰,봄,A,v1,False,False,19.334388360063187,1435.152542360719,0.034795000445327476,0.10068259385656939,144.4948805459518,5027.699432948223
2025-03-18,google,외부,GGL_CMP_02_리타겟팅,리타겟팅,리마케팅,IMG_할인쿠폰_봄_B_v1,37597,1584,206195,134,72,3811544,1457,114,59,3184872,IMG,할인쿠폰,봄,B,v1,False,False,15.445922549043306,1808.7280701595726,0.0421310210921073,0.07196969696965154,130.17361111102892,5484.347155357995
2025-03-18,google,외부,GGL_CMP_02_리타겟팅,리타겟팅,리마케팅,CRS_특가_봄_v1,29785,901,151784,118,43,2801692,870,107,36,2584307,CRS,특가,봄,N,v1,False,False,17.02621488430917,1418.542056061509,0.0302501259022988,0.11875693673682713,168.4617092117997,5095.987913379046
2025-03-18,google,외부,GGL_CMP_03_첫구매,첫구매,논타겟,VID_적립혜택_봄_A_v1,68838,1740,327890,180,67,4342638,1684,147,52,3488179,VID,적립혜택,봄,A,v1,False,False,10.638259782244013,2230.544217671901,0.02527673668613229,0.0844827586206411,188.4425287355239,4763.212179319493
2025-03-18,google,외부,GGL_CMP_03_첫구매,첫구매,논타겟,IMG_적립혜택_봄_B_v1,57065,1542,269336,117,32,1798638,1357,88,24,1412564,IMG,적립혜택,봄,B,v1,False,False,5.244616389936714,3060.6363636015835,0.027021817225969913,0.05706874189360761,174.6666666665534,4719.810742136077
2025-03-18,google,외부,GGL_CMP_03_첫구매,첫구매,논타겟,CRS_할인쿠폰_봄_v1,52396,1545,290168,158,78,4402234,1392,127,54,3205284,CRS,할인쿠폰,봄,N,v1,False,False,11.046304209974874,2284.7874015568127,0.029486983739216172,0.08220064724913774,187.8110032361244,5537.979998473061
2025-03-18,google,외부,GGL_CMP_03_첫구매,첫구매,유사타겟,VID_적립혜택_봄_A_v1,46023,1121,237454,80,30,1814669,970,62,22,1502006,VID,적립혜택,봄,A,v1,False,False,6.325460931380367,3829.9032257446793,0.02435738652412871,0.05530776092769375,211.8233719891063,5159.463746387564
2025-03-18,google,외부,GGL_CMP_03_첫구매,첫구매,유사타겟,IMG_적립혜택_봄_B_v1,42159,1228,208971,82,30,1945725,1156,70,25,1765245,IMG,적립혜택,봄,B,v1,False,False,8.447320441592334,2985.2999999573526,0.02912782561256128,0.05700325732894381,170.17182410409595,4956.735216679595
2025-03-18,google,외부,GGL_CMP_03_첫구매,첫구매,유사타겟,CRS_할인쿠폰_봄_v1,40898,1046,190592,83,40,2976294,1008,59,31,2246926,CRS,할인쿠폰,봄,N,v1,False,False,11.789193670248428,3230.3728813011803,0.025575822778619358,0.05640535372843556,182.21032504762695,4660.178981857191
2025-03-18,meta,외부,META_CMP_01_신규유저,신규유저,논타겟,VID_플러스멤버십_봄_A_v1,48262,557,189148,35,8,360984,498,26,6,297870,VID,플러스멤버십,봄,A,v1,False,False,1.5747985704316114,7274.923076643272,0.011541171107703545,0.0466786355474925,339.583482943735,3919.191082010611
2025-03-18,meta,외부,META_CMP_01_신규유저,신규유저,논타겟,IMG_적립혜택_봄_B_v1,35619,579,134968,49,12,669123,509,39,10,595158,IMG,적립혜택,봄,B,v1,False,False,4.409623021753272,3460.7179486292125,0.016255369325359606,0.06735751295325154,233.10535405831934,3789.2136219432386
2025-03-18,meta,외부,META_CMP_01_신규유저,신규유저,논타겟,CRS_플러스멤버십_봄_v1,34399,683,154685,51,10,590948,655,39,7,478099,CRS,플러스멤버십,봄,N,v1,False,False,3.0907909622781586,3966.282051180352,0.01985522834966075,0.05710102489010673,226.47877013144,4496.787697316652
2025-03-18,meta,외부,META_CMP_02_룩얼라이크,룩얼라이크,유사타겟,VID_플러스멤버십_봄_A_v1,29623,690,141896,40,12,646136,598,32,8,495143,VID,플러스멤버십,봄,A,v1,False,False,3.4894782093927703,4434.24999986143,0.02329271174425199,0.04637681159413569,205.64637681129616,4790.061776322291
2025-03-18,meta,외부,META_CMP_02_룩얼라이크,룩얼라이크,유사타겟,IMG_할인쿠폰_봄_B_v1,42571,904,176765,59,11,448531,869,53,8,405104,IMG,할인쿠폰,봄,B,v1,False,False,2.2917659038836744,3335.1886791823554,0.02123511310516499,0.05862831858400594,195.53650442456245,4152.239787648772
2025-03-18,meta,외부,META_CMP_02_룩얼라이크,룩얼라이크,유사타겟,CRS_특가_봄_v1,34633,734,129851,52,15,595927,679,45,12,431755,CRS,특가,봄,N,v1,False,False,3.3250032729820846,2885.577777713654,0.021193659226748443,0.06130790190727342,176.90871934580804,3749.3431120606433
2025-03-18,meta,외부,META_CMP_03_재구매,재구매,VIP,IMG_배송혜택_봄_A_v1,14792,282,50431,17,8,539316,273,13,6,396193,IMG,배송혜택,봄,A,v1,False,False,7.856140072574253,3879.307692009284,0.019064359113032784,0.046099290779978375,178.83333333269917,3409.342888047363
2025-03-18,meta,외부,META_CMP_03_재구매,재구매,VIP,VID_적립혜택_봄_B_v1,11933,311,45300,21,12,652885,275,17,8,507371,VID,적립혜택,봄,B,v1,False,False,11.200242825606818,2664.7058821961937,0.02606218050783323,0.054662379421046105,145.6591639866699,3796.195424452879
2025-03-18,meta,외부,META_CMP_03_재구매,재구매,VIP,CRS_신상품_봄_v1,15409,460,72819,18,10,595634,420,14,8,500954,CRS,신상품,봄,N,v1,False,False,6.87944080528424,5201.357142485617,0.02985268349665586,0.03043478260862949,158.30217391269935,4725.744694658659
2025-03-18,meta,외부,META_CMP_03_재구매,재구매,윈백,IMG_배송혜택_봄_A_v1,25741,466,121574,27,12,760065,441,21,9,569303,IMG,배송혜택,봄,A,v1,False,False,4.682769342129035,5789.238094962418,0.018103414785749655,0.04506437768230673,260.88841201660756,4722.971135542336
2025-03-18,meta,외부,META_CMP_03_재구매,재구매,윈백,VID_적립혜택_봄_B_v1,15765,422,71423,28,15,984679,382,22,10,710571,VID,적립혜택,봄,B,v1,False,False,9.948770004060178,3246.4999998524318,0.02676815731049624,0.05213270142167741,169.24881516547572,4530.478908975291
2025-03-18,meta,외부,META_CMP_03_재구매,재구매,윈백,CRS_신상품_봄_v1,14850,329,73103,22,13,1012698,282,20,9,794225,CRS,신상품,봄,N,v1,False,False,10.864465206626118,3655.1499998172426,0.02215488215488066,0.06079027355604623,222.1975683883824,4922.760942760611
2025-03-18,naver,자체,NVR_CMP_01_브랜드KW,브랜드KW,논타겟,TXT_플러스멤버십_봄_A_v1,9431,1489,81397,318,135,8806700,1288,251,98,6762401,TXT,플러스멤버십,봄,A,v1,False,False,83.07924124967649,324.29083665209447,0.15788357544267226,0.16856950973796603,54.66554734717618,8630.792068708659
2025-03-18,naver,자체,NVR_CMP_02_일반KW,일반KW,논타겟,TXT_할인쿠폰_봄_A_v1,10047,705,87844,116,50,3544619,661,82,34,2561623,TXT,할인쿠폰,봄,A,v1,False,False,29.161046855789476,1071.2682926698626,0.07017020005971233,0.11631205673742367,124.60141843953957,8743.306459638823
2025-03-18,naver,자체,NVR_CMP_02_일반KW,일반KW,논타겟,TXT_플러스멤버십_봄_B_v1,13024,1337,88582,235,78,5455281,1214,213,65,4202069,TXT,플러스멤버십,봄,B,v1,False,False,47.43705267435769,415.877934270348,0.10265663390662602,0.15931189229606635,66.25430067309928,6801.443488942967
2025-03-18,naver,자체,NVR_CMP_03_재구매,재구매,VIP,IMG_배송혜택_봄_A_v1,6554,469,58266,56,34,2776845,441,49,24,2410798,IMG,배송혜택,봄,A,v1,False,False,41.37572512271237,1189.1020407920591,0.07155935306681849,0.10447761194007574,124.23454157756026,8890.143423861933
2025-03-18,naver,자체,NVR_CMP_03_재구매,재구매,VIP,VID_적립혜택_봄_B_v1,5844,421,41987,45,36,3729722,406,40,26,2852439,VID,적립혜택,봄,B,v1,False,False,67.93624217019392,1049.6749999737583,0.07203969883640109,0.09501187648433489,99.73159144869423,7184.633812455992
2025-03-18,naver,자체,NVR_CMP_03_재구매,재구매,VIP,CRS_신상품_봄_v1,4327,258,34227,22,14,1271064,252,16,10,1160282,CRS,신상품,봄,N,v1,False,False,33.899611417885474,2139.1874998663006,0.059625606655867885,0.06201550387572862,132.66279069716023,7910.099376009264
2025-03-18,naver,자체,NVR_CMP_03_재구매,재구매,윈백,IMG_배송혜택_봄_A_v1,8538,447,62127,41,32,2355205,384,33,22,2056187,IMG,배송혜택,봄,A,v1,False,False,33.096511983517104,1882.6363635793143,0.052354181307091546,0.07382550335553954,138.98657718089711,7276.5284609970395
2025-03-18,naver,자체,NVR_CMP_03_재구매,재구매,윈백,VID_적립혜택_봄_B_v1,11616,816,106507,99,88,8689198,748,82,61,7572826,VID,적립혜택,봄,B,v1,False,False,71.10167406837043,1298.8658536426967,0.07024793388429147,0.10049019607830822,130.52328431356554,9168.991046831166
2025-03-18,naver,자체,NVR_CMP_03_재구매,재구매,윈백,CRS_신상품_봄_v1,6310,419,42824,52,28,2309726,378,39,23,1702643,CRS,신상품,봄,N,v1,False,False,39.75908369138708,1098.051282023127,0.06640253565767569,0.09307875894965853,102.20525059641479,6786.687797146309
2025-03-19,google,외부,GGL_CMP_01_플러스가입,플러스가입,논타겟,VID_플러스멤버십_봄_A_v1,41901,1209,230901,104,29,1565684,1075,89,21,1429227,VID,플러스멤버십,봄,A,v1,False,False,6.189782634115893,2594.3932583978158,0.028853726641368253,0.07361455748546433,190.98511166237304,5510.632204481862
2025-03-19,google,외부,GGL_CMP_01_플러스가입,플러스가입,논타겟,IMG_플러스멤버십_봄_B_v1,45525,1425,277391,168,46,2848191,1273,143,33,2648810,IMG,플러스멤버십,봄,B,v1,False,False,9.549012044370548,1939.7972027836379,0.0313014827018115,0.10035087719291204,194.66035087705637,6093.157605711014
2025-03-19,google,외부,GGL_CMP_01_플러스가입,플러스가입,논타겟,CRS_플러스멤버십_봄_v1,60580,2136,341129,300,92,5207982,1831,246,80,4441522,CRS,플러스멤버십,봄,N,v1,False,False,13.02006572293762,1386.7032520268833,0.03525916143941837,0.11516853932578879,159.7045880149065,5631.049851436025
2025-03-19,google,외부,GGL_CMP_01_플러스가입,플러스가입,논타겟,IMG_적립혜택_봄_v2,49741,1099,320786,102,31,1983830,1013,72,27,1742873,IMG,적립혜택,봄,N,v2,False,False,5.433132992088167,4455.361111049231,0.022094449247099534,0.06551410373060462,291.88898999063525,6449.126475141102
2025-03-19,google,외부,GGL_CMP_01_플러스가입,플러스가입,유사타겟,VID_플러스멤버십_봄_A_v1,51903,1488,295236,186,55,3043051,1268,152,41,2650418,VID,플러스멤버십,봄,A,v1,False,False,8.97728596783587,1942.3421052503795,0.028668863071498206,0.10215053763433996,198.41129032244731,5688.226114097341
2025-03-19,google,외부,GGL_CMP_01_플러스가입,플러스가입,유사타겟,IMG_플러스멤버십_봄_B_v1,45207,1610,281354,204,50,2286868,1432,176,41,1710703,IMG,플러스멤버십,봄,B,v1,False,False,6.080251213773375,1598.6022727181899,0.03561395359125721,0.10931677018626751,174.7540372669722,6223.682173114646
2025-03-19,google,외부,GGL_CMP_01_플러스가입,플러스가입,유사타겟,CRS_플러스멤버십_봄_v1,42077,1307,261889,124,43,2450597,1252,107,37,1775327,CRS,플러스멤버십,봄,N,v1,False,False,6.778929241014297,2447.5607476406767,0.031062100434916202,0.08186687069618832,200.37413925003798,6224.041637949326
2025-03-19,google,외부,GGL_CMP_01_플러스가입,플러스가입,유사타겟,IMG_적립혜택_봄_v2,40039,933,221993,80,23,1487522,843,68,19,1305756,IMG,적립혜택,봄,N,v2,False,False,5.881969251282672,3264.6029411284617,0.02330228027672961,0.07288317256155104,237.93461950671175,5544.419191288355
2025-03-19,google,외부,GGL_CMP_02_리타겟팅,리타겟팅,리마케팅,VID_할인쿠폰_봄_A_v1,41696,1218,186818,155,82,5200709,1125,138,65,4042626,VID,할인쿠폰,봄,A,v1,False,False,21.639381644166935,1353.7536231785962,0.029211435149653946,0.11330049261074442,153.38095238082644,4480.477743668351
2025-03-19,google,외부,GGL_CMP_02_리타겟팅,리타겟팅,리마케팅,IMG_할인쿠폰_봄_B_v1,28472,789,168826,81,41,2413780,759,73,29,1945669,IMG,할인쿠폰,봄,B,v1,False,False,11.524699986968765,2312.6849314751685,0.027711435796571097,0.0925221799745342,213.97465145727,5929.544815959332
2025-03-19,google,외부,GGL_CMP_02_리타겟팅,리타겟팅,리마케팅,CRS_특가_봄_v1,24273,836,122095,109,58,3181973,758,86,44,2743389,CRS,특가,봄,N,v1,False,False,22.46929849707177,1419.709302309073,0.03444156058171489,0.10287081339700614,146.04665071752865,5030.0745684503345
2025-03-19,google,외부,GGL_CMP_03_첫구매,첫구매,논타겟,VID_적립혜택_봄_A_v1,41463,1097,197047,75,37,2094616,1000,58,32,1862862,VID,적립혜택,봄,A,v1,False,False,9.453896786045922,3397.362068906942,0.026457323396762742,0.0528714676389673,179.62351868716533,4752.357523575122
2025-03-19,google,외부,GGL_CMP_03_첫구매,첫구매,논타겟,IMG_적립혜택_봄_B_v1,44896,1010,210617,71,22,1713641,910,65,16,1311806,IMG,적립혜택,봄,B,v1,False,False,6.228395618587264,3240.261538411688,0.022496436208124946,0.06435643564350063,208.53168316811036,4691.219707768962
2025-03-19,google,외부,GGL_CMP_03_첫구매,첫구매,논타겟,CRS_할인쿠폰_봄_v1,66390,1549,431168,118,36,2751255,1508,88,24,2506969,CRS,할인쿠폰,봄,N,v1,False,False,5.814367021671353,4899.636363580686,0.023331827082391572,0.056810845706871005,278.35248547431996,6494.472059044939
2025-03-19,google,외부,GGL_CMP_03_첫구매,첫구매,유사타겟,VID_적립혜택_봄_A_v1,63544,2064,344102,216,72,5141382,1950,161,50,4257771,VID,적립혜택,봄,A,v1,False,False,12.373572370982988,2137.2795030923153,0.03248143019010399,0.07800387596895446,166.71608527123706,5415.176885307734
2025-03-19,google,외부,GGL_CMP_03_첫구매,첫구매,유사타겟,IMG_적립혜택_봄_B_v1,43339,854,235026,88,31,1617754,804,65,26,1360043,IMG,적립혜택,봄,B,v1,False,False,5.786776782143228,3615.784615328988,0.019705115484897676,0.07611241217789683,275.206088992652,5422.967765753584
2025-03-19,google,외부,GGL_CMP_03_첫구매,첫구매,유사타겟,CRS_할인쿠폰_봄_v1,70953,1307,436845,141,67,4052365,1267,111,59,3082900,CRS,할인쿠폰,봄,N,v1,False,False,7.057194199315531,3935.540540505085,0.01842064465209338,0.08492731446053181,334.2348890586578,6156.822121686099
2025-03-19,meta,외부,META_CMP_01_신규유저,신규유저,논타겟,VID_플러스멤버십_봄_A_v1,41812,567,210234,30,6,267437,511,26,5,205521,VID,플러스멤버십,봄,A,v1,False,False,0.9775821227774719,8085.92307661208,0.013560700277431992,0.04585537918863165,370.78306878241483,5028.078063713647
2025-03-19,meta,외부,META_CMP_01_신규유저,신규유저,논타겟,IMG_적립혜택_봄_B_v1,32923,625,157904,36,8,325809,592,26,5,289996,IMG,적립혜택,봄,B,v1,False,False,1.8365335900293733,6073.230768997183,0.01898368921422656,0.04159999999993344,252.64639999959576,4796.160738693169
2025-03-19,meta,외부,META_CMP_01_신규유저,신규유저,논타겟,CRS_플러스멤버십_봄_v1,47480,918,218029,72,11,537519,850,52,7,492623,CRS,플러스멤버십,봄,N,v1,False,False,2.259437964674414,4192.865384534753,0.01933445661331046,0.056644880174230236,237.50435729821623,4592.017691659549
2025-03-19,meta,외부,META_CMP_02_룩얼라이크,룩얼라이크,유사타겟,VID_플러스멤버십_봄_A_v1,30257,624,102230,39,8,453439,585,32,6,403672,VID,플러스멤버십,봄,A,v1,False,False,3.9486647755061726,3194.6874999001666,0.020623326833459344,0.0512820512819691,163.83012820486567,3378.722279141905
2025-03-19,meta,외부,META_CMP_02_룩얼라이크,룩얼라이크,유사타겟,IMG_할인쿠폰_봄_B_v1,34705,542,139850,48,8,376329,495,39,7,292245,IMG,할인쿠폰,봄,B,v1,False,False,2.089703253485863,3585.89743580549,0.015617346203716595,0.07195571955706281,258.0258302578265,4029.6787206453246
2025-03-19,meta,외부,META_CMP_02_룩얼라이크,룩얼라이크,유사타겟,CRS_특가_봄_v1,34921,478,148062,41,11,621123,448,29,9,521735,CRS,특가,봄,N,v1,False,False,3.5237603166240934,5105.586206720497,0.013688038715958488,0.060669456066818686,309.7531380746658,4239.91294636453
2025-03-19,meta,외부,META_CMP_03_재구매,재구매,VIP,IMG_배송혜택_봄_A_v1,11735,194,58696,11,4,328493,173,8,3,246454,IMG,배송혜택,봄,A,v1,False,False,4.198821044023371,7336.999999082875,0.016531742650190324,0.041237113401849296,302.5567010293683,5001.789518533872
2025-03-19,meta,외부,META_CMP_03_재구매,재구매,VIP,VID_적립혜택_봄_B_v1,11599,298,49483,13,6,354280,264,10,5,301896,VID,적립혜택,봄,B,v1,False,False,6.101004385344339,4948.29999950517,0.02569186998878992,0.03355704697975317,166.0503355699126,4266.143633071448
2025-03-19,meta,외부,META_CMP_03_재구매,재구매,VIP,CRS_신상품_봄_v1,12224,311,61420,18,9,593508,272,15,6,550970,CRS,신상품,봄,N,v1,False,False,8.970530771735445,4094.666666393689,0.02544175392669949,0.04823151125386421,197.49196141415598,5024.541884816343
2025-03-19,meta,외부,META_CMP_03_재구매,재구매,윈백,IMG_배송혜택_봄_A_v1,17388,480,59534,28,14,1038261,465,23,11,795012,IMG,배송혜택,봄,A,v1,False,False,13.353915409681639,2588.434782496155,0.027605244996547755,0.04791666666656684,124.02916666640827,3423.855532550988
2025-03-19,meta,외부,META_CMP_03_재구매,재구매,윈백,VID_적립혜택_봄_B_v1,17361,453,59000,20,10,663307,419,16,8,588719,VID,적립혜택,봄,B,v1,False,False,9.978288135593052,3687.4999997695313,0.026092966994987265,0.035320088300142785,130.2428256067765,3398.4217498990038
2025-03-19,meta,외부,META_CMP_03_재구매,재구매,윈백,CRS_신상품_봄_v1,24520,636,112355,27,9,615659,613,23,7,525747,CRS,신상품,봄,N,v1,False,False,4.679337813181392,4884.999999787608,0.025938009787927162,0.03616352201252176,176.65880503116878,4582.177814029177
2025-03-19,naver,자체,NVR_CMP_01_브랜드KW,브랜드KW,논타겟,TXT_플러스멤버십_봄_A_v1,10444,1328,82140,412,215,15183765,1279,363,173,12628297,TXT,플러스멤버십,봄,A,v1,False,False,153.7411370830271,226.28099173491384,0.1271543469934769,0.2733433734937701,61.852409638507645,7864.802757563398
2025-03-19,naver,자체,NVR_CMP_02_일반KW,일반KW,논타겟,TXT_할인쿠폰_봄_A_v1,10684,896,80630,149,70,3474104,823,110,49,2844032,TXT,할인쿠폰,봄,A,v1,False,False,35.27262805407373,732.9999999933364,0.0838637214526316,0.12276785714272012,89.98883928561385,7546.798951702775
2025-03-19,naver,자체,NVR_CMP_02_일반KW,일반KW,논타겟,TXT_플러스멤버십_봄_B_v1,10096,623,76002,112,36,2541137,553,92,32,1951209,TXT,플러스멤버십,봄,B,v1,False,False,25.67312702297274,826.1086956431944,0.061707606973052526,0.14767255216669717,121.9935794540578,7527.931854198937
2025-03-19,naver,자체,NVR_CMP_03_재구매,재구매,VIP,IMG_배송혜택_봄_A_v1,5736,358,53541,30,17,1595774,319,25,13,1294892,IMG,배송혜택,봄,A,v1,False,False,24.185054444257222,2141.6399999143346,0.06241283124127224,0.06983240223444181,149.55586592136996,9334.205020918875
2025-03-19,naver,자체,NVR_CMP_03_재구매,재구매,VIP,VID_적립혜택_봄_B_v1,5926,319,39339,22,15,1061983,277,19,10,797293,VID,적립혜택,봄,B,v1,False,False,20.267241160171327,2070.473684101554,0.05383057711777694,0.059561128526459055,123.31974921591436,6638.373270333
2025-03-19,naver,자체,NVR_CMP_03_재구매,재구매,VIP,CRS_신상품_봄_v1,6393,366,45089,38,22,2237005,319,32,18,1827304,CRS,신상품,봄,N,v1,False,False,40.52660294084942,1409.031249955968,0.05725011731580521,0.08743169398883216,123.19398907070166,7052.8703269189655
2025-03-19,naver,자체,NVR_CMP_03_재구매,재구매,윈백,IMG_배송혜택_봄_A_v1,10187,712,70739,77,46,4202406,629,57,41,3401754,IMG,배송혜택,봄,A,v1,False,False,48.08880532662254,1241.0350876975258,0.06989300088347208,0.08005617977516846,99.3525280897481,6944.046333561701
2025-03-19,naver,자체,NVR_CMP_03_재구매,재구매,윈백,VID_적립혜택_봄_B_v1,8413,579,69465,40,19,1771830,524,34,15,1553958,VID,적립혜택,봄,B,v1,False,False,22.370373569423126,2043.088235234027,0.0688220610959148,0.05872193436950134,119.9740932640415,8256.864376559104
2025-03-19,naver,자체,NVR_CMP_03_재구매,재구매,윈백,CRS_신상품_봄_v1,7422,527,51164,44,38,3376364,500,39,31,2571160,CRS,신상품,봄,N,v1,False,False,50.25330310374384,1311.8974358637977,0.07100511991376031,0.07400379506627323,97.08538899412318,6893.559687414861
2025-03-20,google,외부,GGL_CMP_01_플러스가입,플러스가입,논타겟,VID_플러스멤버십_봄_A_v1,53977,1357,280613,200,40,2850891,1293,174,32,2066536,VID,플러스멤버십,봄,A,v1,False,False,7.364363019532212,1612.7183907953292,0.02514033755117874,0.12822402358133514,206.78924097258158,5198.751320006574
2025-03-20,google,외부,GGL_CMP_01_플러스가입,플러스가입,논타겟,IMG_플러스멤버십_봄_B_v1,45028,938,239217,137,43,2668822,841,124,30,2081597,IMG,플러스멤버십,봄,B,v1,False,False,8.701710162739234,1929.1693548231517,0.020831482633027875,0.13219616204676737,255.02878464791576,5312.627698320927
2025-03-20,google,외부,GGL_CMP_01_플러스가입,플러스가입,논타겟,CRS_플러스멤버십_봄_v1,63290,2069,378139,230,79,5290888,1827,185,57,4876528,CRS,플러스멤버십,봄,N,v1,False,False,12.896125498824473,2043.9945945835461,0.0326907884341913,0.08941517641368323,182.76413726429058,5974.70374466731
2025-03-20,google,외부,GGL_CMP_01_플러스가입,플러스가입,논타겟,IMG_적립혜택_봄_v2,46215,1225,259175,105,32,2192837,1154,76,28,1592654,IMG,적립혜택,봄,N,v2,False,False,6.14509115462523,3410.1973683761817,0.026506545493886695,0.06204081632647997,211.57142857125586,5608.027696635171
2025-03-20,google,외부,GGL_CMP_01_플러스가입,플러스가입,유사타겟,VID_플러스멤버십_봄_A_v1,49447,1308,317472,115,25,1472845,1263,99,19,1243990,VID,플러스멤버십,봄,A,v1,False,False,3.9184243019856746,3206.787878755487,0.02645256537302513,0.07568807339443755,242.71559633008968,6420.450178979384
2025-03-20,google,외부,GGL_CMP_01_플러스가입,플러스가입,유사타겟,IMG_플러스멤버십_봄_B_v1,68937,1940,339174,219,50,2563031,1659,192,39,2178534,IMG,플러스멤버십,봄,B,v1,False,False,6.423057191883793,1766.5312499907993,0.02814163656671993,0.09896907216489743,174.8319587627965,4920.05744375292
2025-03-20,google,외부,GGL_CMP_01_플러스가입,플러스가입,유사타겟,CRS_플러스멤버십_봄_v1,55111,1420,333046,122,27,1567791,1312,101,22,1221133,CRS,플러스멤버십,봄,N,v1,False,False,3.6665595743530814,3297.485148482203,0.025766180980203123,0.0711267605633302,234.53943661955313,6043.185570938542
2025-03-20,google,외부,GGL_CMP_01_플러스가입,플러스가입,유사타겟,IMG_적립혜택_봄_v2,64973,2271,309524,334,79,5376645,2036,272,64,4070813,IMG,적립혜택,봄,N,v2,False,False,13.151849291169626,1137.9558823487575,0.03495298046880958,0.11977102597969187,136.2941435490373,4763.886537484728
2025-03-20,google,외부,GGL_CMP_02_리타겟팅,리타겟팅,리마케팅,VID_할인쿠폰_봄_A_v1,25319,1056,149617,106,56,3240782,906,86,38,2558029,VID,할인쿠폰,봄,A,v1,False,False,17.097181470020004,1739.7325581193054,0.04170780836525764,0.08143939393931682,141.68276515138098,5909.277617599198
2025-03-20,google,외부,GGL_CMP_02_리타겟팅,리타겟팅,리마케팅,IMG_할인쿠폰_봄_B_v1,29244,1098,153235,83,32,2114095,963,65,24,1726172,IMG,할인쿠폰,봄,B,v1,False,False,11.264867686886083,2357.4615384252697,0.03754616331555062,0.059198542805046266,139.55828779586562,5239.878265626958
2025-03-20,google,외부,GGL_CMP_02_리타겟팅,리타겟팅,리마케팅,CRS_특가_봄_v1,37646,1383,220062,183,78,3831533,1196,141,69,2949994,CRS,특가,봄,N,v1,False,False,13.40528578309743,1560.7234042442503,0.036736970727300734,0.1019522776571931,159.11930585671792,5845.5612814108845
2025-03-20,google,외부,GGL_CMP_03_첫구매,첫구매,논타겟,VID_적립혜택_봄_A_v1,57460,1592,341155,184,73,4435878,1457,166,50,3718313,VID,적립혜택,봄,A,v1,False,False,10.899189517961013,2055.1506023972584,0.02770623042116207,0.1042713567838541,214.29334170840812,5937.260703097704
2025-03-20,google,외부,GGL_CMP_03_첫구매,첫구매,논타겟,IMG_적립혜택_봄_B_v1,59581,1080,370761,75,29,1598008,948,54,23,1390388,IMG,적립혜택,봄,B,v1,False,False,3.7500923775693678,6865.944444317298,0.018126583978113526,0.049999999999953706,343.29722222190435,6222.805928064211
2025-03-20,google,외부,GGL_CMP_03_첫구매,첫구매,논타겟,CRS_할인쿠폰_봄_v1,60329,1056,373607,95,32,1549113,1016,69,24,1393369,CRS,할인쿠폰,봄,N,v1,False,False,3.7295045328379723,5414.594202820078,0.017504019625718684,0.06534090909084722,353.79450757542253,6192.8260040775385
2025-03-20,google,외부,GGL_CMP_03_첫구매,첫구매,유사타겟,VID_적립혜택_봄_A_v1,44869,1134,207880,125,35,1889190,1007,97,27,1742310,VID,적립혜택,봄,A,v1,False,False,8.381325764864306,2143.092783483061,0.025273574182619957,0.08553791887117677,183.31569664886834,4633.042858097916
2025-03-20,google,외부,GGL_CMP_03_첫구매,첫구매,유사타겟,IMG_적립혜택_봄_B_v1,41557,960,187861,99,42,2147928,852,81,33,1632071,IMG,적립혜택,봄,B,v1,False,False,8.687652040604444,2319.2716049096384,0.023100801309044853,0.0843749999999121,195.68854166646284,4520.562119498412
2025-03-20,google,외부,GGL_CMP_03_첫구매,첫구매,유사타겟,CRS_할인쿠폰_봄_v1,51738,1514,270180,167,58,3817067,1419,144,47,3416259,CRS,할인쿠폰,봄,N,v1,False,False,12.644381523428779,1876.2499999869706,0.029262824229772524,0.0951122853367932,178.4544253631582,5222.080482430608
2025-03-20,meta,외부,META_CMP_01_신규유저,신규유저,논타겟,VID_플러스멤버십_봄_A_v1,43924,725,153598,48,11,420542,616,33,8,386504,VID,플러스멤버십,봄,A,v1,False,False,2.5163348481099854,4654.484848343804,0.0165057827155993,0.045517241379247564,211.85931034453537,3496.903742828443
2025-03-20,meta,외부,META_CMP_01_신규유저,신규유저,논타겟,IMG_적립혜택_봄_B_v1,44455,592,161538,49,14,688993,558,42,12,548978,IMG,적립혜택,봄,B,v1,False,False,3.3984449479379255,3846.1428570512826,0.013316837251152553,0.07094594594582611,272.86824324278234,3633.7419862781776
2025-03-20,meta,외부,META_CMP_01_신규유저,신규유저,논타겟,CRS_플러스멤버십_봄_v1,41757,843,147418,56,9,449591,739,40,7,350089,CRS,플러스멤버십,봄,N,v1,False,False,2.3748049763258057,3685.449999907864,0.020188231913211674,0.04744958481607657,174.8730723604094,3530.378140191979
2025-03-20,meta,외부,META_CMP_02_룩얼라이크,룩얼라이크,유사타겟,VID_플러스멤버십_봄_A_v1,38295,880,131379,82,24,1387220,752,58,21,1060906,VID,플러스멤버십,봄,A,v1,False,False,8.075156607981429,2265.155172374739,0.022979501240370206,0.06590909090901602,149.29431818164852,3430.708969839315
2025-03-20,meta,외부,META_CMP_02_룩얼라이크,룩얼라이크,유사타겟,IMG_할인쿠폰_봄_B_v1,51394,688,252888,52,13,608012,598,41,10,487393,IMG,할인쿠폰,봄,B,v1,False,False,1.927307740976235,6167.999999849561,0.01338677666653669,0.05959302325572734,367.56976744132623,4920.574386115015
2025-03-20,meta,외부,META_CMP_02_룩얼라이크,룩얼라이크,유사타겟,CRS_특가_봄_v1,32076,643,156075,63,19,1089380,608,54,15,994101,CRS,특가,봄,N,v1,False,False,6.369380105718364,2890.2777777242545,0.02004614041651016,0.08398133748042927,242.7293934677407,4865.787504676242
2025-03-20,meta,외부,META_CMP_03_재구매,재구매,VIP,IMG_배송혜택_봄_A_v1,16339,403,77687,28,13,913080,347,20,10,666634,IMG,배송혜택,봄,A,v1,False,False,8.58102385212444,3884.3499998057823,0.02466491217332611,0.04962779156315229,192.7717121583306,4754.697349898724
2025-03-20,meta,외부,META_CMP_03_재구매,재구매,VIP,VID_적립혜택_봄_B_v1,13682,328,66641,20,7,533474,306,15,5,478626,VID,적립혜택,봄,B,v1,False,False,7.182155129724836,4442.733333037151,0.02397310334746207,0.045731707316933747,203.17378048718544,4870.706037128719
2025-03-20,meta,외부,META_CMP_03_재구매,재구매,VIP,CRS_신상품_봄_v1,15821,302,57999,15,9,637449,276,12,6,516416,CRS,신상품,봄,N,v1,False,False,8.90387765306283,4833.249999597229,0.01908855318879849,0.03973509933761677,192.04966887353626,3665.9503191957733
2025-03-20,meta,외부,META_CMP_03_재구매,재구매,윈백,IMG_배송혜택_봄_A_v1,16598,298,63702,18,9,651663,279,15,8,580792,IMG,배송혜택,봄,A,v1,False,False,9.117327556434507,4246.79999971688,0.01795397035787336,0.05033557046962975,213.7651006704236,3837.932280997479
2025-03-20,meta,외부,META_CMP_03_재구매,재구매,윈백,VID_적립혜택_봄_B_v1,25357,729,115185,44,22,1481771,671,40,16,1173849,VID,적립혜택,봄,B,v1,False,False,10.190988409949123,2879.6249999280094,0.028749457743422774,0.05486968449923886,158.00411522612072,4542.532633986491
2025-03-20,meta,외부,META_CMP_03_재구매,재구매,윈백,CRS_신상품_봄_v1,15822,290,54463,13,6,427163,261,9,4,369366,CRS,신상품,봄,N,v1,False,False,6.781962065989631,6051.444443772061,0.01832890911389089,0.031034482758513674,187.80344827521446,3442.2323347235847
2025-03-20,naver,자체,NVR_CMP_01_브랜드KW,브랜드KW,논타겟,TXT_플러스멤버십_봄_A_v1,9306,889,67155,251,124,6945151,818,179,100,6323405,TXT,플러스멤버십,봄,A,v1,False,False,94.16134316134175,375.1675977632672,0.09552976574252144,0.20134983127086462,75.53993250835147,7216.312056736813
2025-03-20,naver,자체,NVR_CMP_02_일반KW,일반KW,논타겟,TXT_할인쿠폰_봄_A_v1,10760,1030,87864,135,49,2925112,913,120,33,2354210,TXT,할인쿠폰,봄,A,v1,False,False,26.79379495584054,732.1999999938984,0.09572490706318812,0.11650485436881892,85.30485436884922,8165.799256504817
2025-03-20,naver,자체,NVR_CMP_02_일반KW,일반KW,논타겟,TXT_플러스멤버십_봄_B_v1,13285,1277,116491,238,114,5777141,1222,202,88,4572612,TXT,플러스멤버십,봄,B,v1,False,False,39.25292082650128,576.6881188090264,0.09612344749717003,0.15818324197325123,91.22239624111886,8768.611215656096
2025-03-20,naver,자체,NVR_CMP_03_재구매,재구매,VIP,IMG_배송혜택_봄_A_v1,5180,313,44494,32,27,2283120,292,25,19,2115055,IMG,배송혜택,봄,A,v1,False,False,47.53573515530077,1779.7599999288095,0.060424710424698755,0.07987220447258828,142.1533546321337,8589.575289573631
2025-03-20,naver,자체,NVR_CMP_03_재구매,재구매,VIP,VID_적립혜택_봄_B_v1,4033,185,33795,12,9,802409,177,10,7,607920,VID,적립혜택,봄,B,v1,False,False,17.988459831335465,3379.49999966205,0.045871559633016146,0.054054054053761874,182.67567567468825,8379.618150258275
2025-03-20,naver,자체,NVR_CMP_03_재구매,재구매,VIP,CRS_신상품_봄_v1,6527,421,54871,35,23,1986951,362,29,17,1449338,CRS,신상품,봄,N,v1,False,False,26.41355178509547,1892.1034482106172,0.0645013022828153,0.0688836104511428,130.3349168642985,8406.771870689687
2025-03-20,naver,자체,NVR_CMP_03_재구매,재구매,윈백,IMG_배송혜택_봄_A_v1,8410,597,61513,44,39,3386645,543,33,32,3071445,IMG,배송혜택,봄,A,v1,False,False,49.9316404662421,1864.0303029738175,0.07098692033292854,0.05527638190945515,103.03685092110044,7314.268727704243
2025-03-20,naver,자체,NVR_CMP_03_재구매,재구매,윈백,VID_적립혜택_봄_B_v1,8028,584,54841,65,50,3752965,557,59,34,3299969,VID,적립혜택,봄,B,v1,False,False,60.17339217009063,929.5084745605169,0.07274539113103229,0.10102739726010099,93.90582191764743,6831.215744892024
2025-03-20,naver,자체,NVR_CMP_03_재구매,재구매,윈백,CRS_신상품_봄_v1,8389,569,68190,52,42,3478707,522,39,37,3144706,CRS,신상품,봄,N,v1,False,False,46.1168206481882,1748.4615384167062,0.06782691619977735,0.06854130052712032,119.84182776780344,8128.50160924924
2025-03-21,google,외부,GGL_CMP_01_플러스가입,플러스가입,논타겟,VID_플러스멤버십_봄_A_v1,58118,1724,356230,191,56,2656401,1548,140,44,2186550,VID,플러스멤버십,봄,A,v1,False,False,6.138028801616916,2544.499999981825,0.02966378746687722,0.08120649651967447,206.6299303943117,6129.4263395160515
2025-03-21,google,외부,GGL_CMP_01_플러스가입,플러스가입,논타겟,IMG_플러스멤버십_봄_B_v1,61065,1220,277137,131,44,3087733,1069,112,31,2319107,IMG,플러스멤버십,봄,B,v1,False,False,8.368088707029345,2474.4374999779066,0.019978711209366742,0.09180327868844934,227.16147540964988,4538.39351510678
2025-03-21,google,외부,GGL_CMP_01_플러스가입,플러스가입,논타겟,CRS_플러스멤버십_봄_v1,44417,1003,210226,140,35,1572577,920,120,27,1336774,CRS,플러스멤버십,봄,N,v1,False,False,6.358747252956312,1751.8833333187342,0.02258144404169524,0.11964107676957164,209.5972083746664,4733.007632212785
2025-03-21,google,외부,GGL_CMP_01_플러스가입,플러스가입,논타겟,IMG_적립혜택_봄_v2,58306,1967,314605,176,60,2733332,1869,123,45,2388253,IMG,적립혜택,봄,N,v2,False,False,7.591274773128185,2557.7642276214815,0.033735807635577236,0.06253177427551473,159.9415353329131,5395.756868932779
2025-03-21,google,외부,GGL_CMP_01_플러스가입,플러스가입,유사타겟,VID_플러스멤버십_봄_A_v1,46012,1036,211326,137,37,2005967,936,105,32,1707021,VID,플러스멤버십,봄,A,v1,False,False,8.077666732914984,2012.6285714094035,0.022515865426410014,0.10135135135125352,203.9826254824286,4592.84534469259
2025-03-21,google,외부,GGL_CMP_01_플러스가입,플러스가입,유사타겟,IMG_플러스멤버십_봄_B_v1,48009,1042,227022,138,41,1811473,897,101,35,1407301,IMG,플러스멤버십,봄,B,v1,False,False,6.198963096087577,2247.7425742351707,0.021704263783873405,0.0969289827254348,217.8714011514224,4728.73836155711
2025-03-21,google,외부,GGL_CMP_01_플러스가입,플러스가입,유사타겟,CRS_플러스멤버십_봄_v1,47018,1482,281929,203,47,2970616,1413,154,32,2702377,CRS,플러스멤버십,봄,N,v1,False,False,9.585310485973386,1830.7077921959046,0.03151984346420453,0.10391363022934959,190.23549257746947,5996.192947381726
2025-03-21,google,외부,GGL_CMP_01_플러스가입,플러스가입,유사타겟,IMG_적립혜택_봄_v2,69065,1882,337685,245,78,3854209,1805,196,67,3253976,IMG,적립혜택,봄,N,v2,False,False,9.636128344463007,1722.8826530524343,0.02724969231882969,0.1041445270987757,179.42879914974526,4889.379569970247
2025-03-21,google,외부,GGL_CMP_02_리타겟팅,리타겟팅,리마케팅,VID_할인쿠폰_봄_A_v1,33871,1320,171666,164,55,2593570,1281,120,38,2135385,VID,할인쿠폰,봄,A,v1,False,False,12.439184229841597,1430.5499999880788,0.03897139145581652,0.09090909090902204,130.04999999990147,5068.229458828938
2025-03-21,google,외부,GGL_CMP_02_리타겟팅,리타겟팅,리마케팅,IMG_할인쿠폰_봄_B_v1,41718,1780,266271,194,87,5390646,1735,170,70,4051754,IMG,할인쿠폰,봄,B,v1,False,False,15.216655212171002,1566.2999999907865,0.0426674337216539,0.09550561797747444,149.5904494381182,6382.640586796913
2025-03-21,google,외부,GGL_CMP_02_리타겟팅,리타겟팅,리마케팅,CRS_특가_봄_v1,29252,1314,150834,138,72,4662544,1191,103,54,3850451,CRS,특가,봄,N,v1,False,False,25.527739103915394,1464.4077669760736,0.04492000546970994,0.0783866057838064,114.78995433781219,5156.365376726201
2025-03-21,google,외부,GGL_CMP_03_첫구매,첫구매,논타겟,VID_적립혜택_봄_A_v1,53404,1160,345906,94,28,1535786,1091,76,24,1152113,VID,적립혜택,봄,A,v1,False,False,3.3307112336877553,4551.394736782218,0.021721219384315375,0.06551724137925387,298.19482758594984,6477.155269268099
2025-03-21,google,외부,GGL_CMP_03_첫구매,첫구매,논타겟,IMG_적립혜택_봄_B_v1,63216,2047,392743,145,50,3551126,1774,111,37,2607228,IMG,적립혜택,봄,B,v1,False,False,6.638509152295505,3538.225225193349,0.03238104277398076,0.05422569614066721,191.86272594030686,6212.71513540866
2025-03-21,google,외부,GGL_CMP_03_첫구매,첫구매,논타겟,CRS_할인쿠폰_봄_v1,53876,1368,303086,99,27,1344421,1207,76,19,1175838,CRS,할인쿠폰,봄,N,v1,False,False,3.8795523382802113,3987.973684158053,0.02539164006236496,0.055555555555514946,221.5540935670895,5625.621798203177
2025-03-21,google,외부,GGL_CMP_03_첫구매,첫구매,유사타겟,VID_적립혜택_봄_A_v1,44660,1426,212110,165,62,3887564,1282,129,42,2903955,VID,적립혜택,봄,A,v1,False,False,13.690797227853409,1644.2635658787267,0.03193013882668984,0.0904628330995158,148.74474053285502,4749.440214957351
2025-03-21,google,외부,GGL_CMP_03_첫구매,첫구매,유사타겟,IMG_적립혜택_봄_B_v1,56517,1408,288581,141,55,2793486,1318,100,43,2133098,IMG,적립혜택,봄,B,v1,False,False,7.391678592838727,2885.8099999711417,0.024912858078099957,0.07102272727267683,204.95809659076352,5106.09197232682
2025-03-21,google,외부,GGL_CMP_03_첫구매,첫구매,유사타겟,CRS_할인쿠폰_봄_v1,61072,1821,365023,153,54,2923282,1635,132,38,2183583,CRS,할인쿠폰,봄,N,v1,False,False,5.982042227476061,2765.325757554808,0.029817264867696657,0.07248764415152527,200.45194947819854,5976.928870840877
2025-03-21,meta,외부,META_CMP_01_신규유저,신규유저,논타겟,VID_플러스멤버십_봄_A_v1,45948,536,219335,42,11,465716,522,31,9,347225,VID,플러스멤버십,봄,A,v1,False,False,1.583080675678749,7075.322580416925,0.011665360842691486,0.05783582089541449,409.20708955147535,4773.548359014435
2025-03-21,meta,외부,META_CMP_01_신규유저,신규유저,논타겟,IMG_적립혜택_봄_B_v1,49692,602,243934,38,9,506282,541,29,7,397682,IMG,적립혜택,봄,B,v1,False,False,1.6302852410897963,8411.517241089257,0.012114626096755773,0.048172757475003034,405.2059800657721,4908.918940674456
2025-03-21,meta,외부,META_CMP_01_신규유저,신규유저,논타겟,CRS_플러스멤버십_봄_v1,52875,709,230528,52,11,604622,665,40,8,466186,CRS,플러스멤버십,봄,N,v1,False,False,2.0222532620766156,5763.19999985592,0.013408983451536391,0.05641748942164116,325.14527503480235,4359.867612293062
2025-03-21,meta,외부,META_CMP_02_룩얼라이크,룩얼라이크,유사타겟,VID_플러스멤버십_봄_A_v1,36371,686,149759,56,16,793882,591,48,13,703604,VID,플러스멤버십,봄,A,v1,False,False,4.69824184189261,3119.979166601667,0.01886118061092577,0.06997084548094756,218.3075801746089,4117.538698413458
2025-03-21,meta,외부,META_CMP_02_룩얼라이크,룩얼라이크,유사타겟,IMG_할인쿠폰_봄_B_v1,37024,584,161706,44,12,617108,523,36,9,453236,IMG,할인쿠폰,봄,B,v1,False,False,2.8028397214698106,4491.83333320856,0.0157735522904058,0.061643835616332805,276.89383561596424,4367.599394986918
2025-03-21,meta,외부,META_CMP_02_룩얼라이크,룩얼라이크,유사타겟,CRS_특가_봄_v1,42773,772,203925,58,13,794985,756,50,9,633551,CRS,특가,봄,N,v1,False,False,3.1067843569939777,4078.49999991843,0.018048769083299793,0.06476683937815444,264.1515544038029,4767.610408435116
2025-03-21,meta,외부,META_CMP_03_재구매,재구매,VIP,IMG_배송혜택_봄_A_v1,13286,310,50336,16,10,611382,268,14,8,445977,IMG,배송혜택,봄,A,v1,False,False,8.86000079465971,3595.4285711717553,0.02333283155200788,0.04516129032243497,162.3741935478633,3788.64970645764
2025-03-21,meta,외부,META_CMP_03_재구매,재구매,VIP,VID_적립혜택_봄_B_v1,15773,305,57242,13,7,451935,281,11,5,352900,VID,적립혜택,봄,B,v1,False,False,6.165053631948462,5203.818181345107,0.01933684143789898,0.03606557377037356,187.67868852397484,3629.113041272831
2025-03-21,meta,외부,META_CMP_03_재구매,재구매,VIP,CRS_신상품_봄_v1,10382,187,40329,13,7,588735,164,10,5,480740,CRS,신상품,봄,N,v1,False,False,11.920454263680927,4032.89999959671,0.018011943748794258,0.05347593582859104,215.6631016031248,3884.511654786757
2025-03-21,meta,외부,META_CMP_03_재구매,재구매,윈백,IMG_배송혜택_봄_A_v1,23810,555,80257,22,10,675739,543,19,7,487061,IMG,배송혜택,봄,A,v1,False,False,6.0687665873381,4224.052631356629,0.023309533809322835,0.03423423423417255,144.60720720694667,3370.726585468149
2025-03-21,meta,외부,META_CMP_03_재구매,재구매,윈백,VID_적립혜택_봄_B_v1,26883,582,122711,25,16,1318463,503,22,13,1127884,VID,적립혜택,봄,B,v1,False,False,9.19138463544418,5577.772727019192,0.02164936949001147,0.03780068728515842,210.84364261132157,4564.63192352027
2025-03-21,meta,외부,META_CMP_03_재구매,재구매,윈백,CRS_신상품_봄_v1,16300,399,80178,27,13,1076804,367,21,11,947735,CRS,신상품,봄,N,v1,False,False,11.82038713861643,3817.9999998181906,0.02447852760736046,0.05263157894723652,200.947368420549,4918.89570552117
2025-03-21,naver,자체,NVR_CMP_01_브랜드KW,브랜드KW,논타겟,TXT_플러스멤버십_봄_A_v1,7021,812,62693,206,88,4834569,721,179,72,4494423,TXT,플러스멤버십,봄,A,v1,False,False,71.68939116009648,350.2402234617305,0.11565304087735141,0.2204433497534231,77.20812807872265,8929.354792763292
2025-03-21,naver,자체,NVR_CMP_02_일반KW,일반KW,논타겟,TXT_할인쿠폰_봄_A_v1,12077,782,106683,151,54,4296525,668,114,40,3302475,TXT,할인쿠폰,봄,A,v1,False,False,30.95596299316638,935.8157894654753,0.0647511799287849,0.14578005115070872,136.42327365711455,8833.567939056982
2025-03-21,naver,자체,NVR_CMP_02_일반KW,일반KW,논타겟,TXT_플러스멤버십_봄_B_v1,10193,702,95052,90,31,2317328,621,80,24,1723206,TXT,플러스멤버십,봄,B,v1,False,False,18.129087236459853,1188.149999985148,0.06887079368193183,0.11396011395995162,135.4017094015165,9325.223192386018
2025-03-21,naver,자체,NVR_CMP_03_재구매,재구매,VIP,IMG_배송혜택_봄_A_v1,5467,283,50038,26,13,1448228,247,18,9,1114206,IMG,배송혜택,봄,A,v1,False,False,22.267196930332503,2779.8888887344506,0.051765136272169054,0.06360424028246077,176.81272084743176,9152.734589352633
2025-03-21,naver,자체,NVR_CMP_03_재구매,재구매,VIP,VID_적립혜택_봄_B_v1,5585,246,49276,16,11,1110355,216,12,8,922811,VID,적립혜택,봄,B,v1,False,False,18.727392645506562,4106.333332991139,0.0440465532676734,0.04878048780467976,200.30894308861664,8822.918531779978
2025-03-21,naver,자체,NVR_CMP_03_재구매,재구매,VIP,CRS_신상품_봄_v1,4049,224,30294,19,12,1346198,206,15,9,1232754,CRS,신상품,봄,N,v1,False,False,40.69300851653659,2019.59999986536,0.05532230180290064,0.06696428571398677,135.24107142796768,7481.84736971907
2025-03-21,naver,자체,NVR_CMP_03_재구매,재구매,윈백,IMG_배송혜택_봄_A_v1,7201,452,57600,50,43,3375160,434,37,35,2668588,IMG,배송혜택,봄,A,v1,False,False,46.32965277777698,1556.7567567146823,0.06276905985278951,0.08185840707946491,127.43362831830214,7998.889043187335
2025-03-21,naver,자체,NVR_CMP_03_재구매,재구매,윈백,VID_적립혜택_봄_B_v1,8981,521,70733,50,34,2901187,457,43,26,2215955,VID,적립혜택,봄,B,v1,False,False,31.32844641115135,1644.9534883338383,0.05801135730986994,0.08253358925128113,135.76391554676437,7875.849014585472
2025-03-21,naver,자체,NVR_CMP_03_재구매,재구매,윈백,CRS_신상품_봄_v1,10488,462,75743,46,33,2606688,441,37,29,2233918,CRS,신상품,봄,N,v1,False,False,29.493392128645162,2047.108108052781,0.04405034324942372,0.08008658008640675,163.94588744553258,7221.872616322728
2025-03-22,google,외부,GGL_CMP_01_플러스가입,플러스가입,논타겟,VID_플러스멤버십_봄_A_v1,48661,1080,298320,153,33,2003583,919,134,28,1490958,VID,플러스멤버십,봄,A,v1,False,False,4.997847948511649,2226.268656699804,0.022194365097305397,0.12407407407395919,276.2222222219665,6130.576847989024
2025-03-22,google,외부,GGL_CMP_01_플러스가입,플러스가입,논타겟,IMG_플러스멤버십_봄_B_v1,50305,995,229642,97,20,1049371,970,74,14,799358,IMG,플러스멤버십,봄,B,v1,False,False,3.480887642504405,3103.270270228334,0.019779345989463876,0.07437185929640766,230.79597989926555,4564.993539409511
2025-03-22,google,외부,GGL_CMP_01_플러스가입,플러스가입,논타겟,CRS_플러스멤버십_봄_v1,52927,1454,251076,126,44,2666487,1252,112,34,2140372,CRS,플러스멤버십,봄,N,v1,False,False,8.524797272538958,2241.7499999799843,0.02747180078220894,0.07702888583213409,172.6795048141866,4743.816955429087
2025-03-22,google,외부,GGL_CMP_01_플러스가입,플러스가입,논타겟,IMG_적립혜택_봄_v2,48680,1245,301933,173,55,3484854,1061,153,49,2991125,IMG,적립혜택,봄,N,v2,False,False,9.906585235797314,1973.4183006406968,0.025575184880854036,0.12289156626496153,242.51646586325901,6202.403451109159
2025-03-22,google,외부,GGL_CMP_01_플러스가입,플러스가입,유사타겟,VID_플러스멤버십_봄_A_v1,42999,891,282019,103,28,1942045,801,85,22,1586603,VID,플러스멤버십,봄,A,v1,False,False,5.62587272488731,3317.87058819626,0.020721412125862912,0.095398428731655,316.519640852619,6558.733924044593
2025-03-22,google,외부,GGL_CMP_01_플러스가입,플러스가입,유사타겟,IMG_플러스멤버십_봄_B_v1,34596,924,226645,113,28,1266691,807,83,20,993296,IMG,플러스멤버십,봄,B,v1,False,False,4.382607160978604,2730.66265056951,0.026708289975718967,0.08982683982674261,245.28679653653109,6551.19088911994
2025-03-22,google,외부,GGL_CMP_01_플러스가입,플러스가입,유사타겟,CRS_플러스멤버십_봄_v1,45572,920,251540,100,28,1987305,889,90,22,1626577,CRS,플러스멤버십,봄,N,v1,False,False,6.466474516975406,2794.8888888578344,0.020187834635301938,0.09782608695641541,273.4130434779637,5519.617308873749
2025-03-22,google,외부,GGL_CMP_01_플러스가입,플러스가입,유사타겟,IMG_적립혜택_봄_v2,45323,1435,235719,209,54,2666271,1363,168,36,1984459,IMG,적립혜택,봄,N,v2,False,False,8.41874859472504,1403.0892857059341,0.03166162875361226,0.11707317073162574,164.26411149814336,5200.8693157998105
2025-03-22,google,외부,GGL_CMP_02_리타겟팅,리타겟팅,리마케팅,VID_할인쿠폰_봄_A_v1,22309,864,102865,119,59,2929589,825,102,51,2112135,VID,할인쿠폰,봄,A,v1,False,False,20.53307733437009,1008.4803921469756,0.0387287641758914,0.11805555555541891,119.05671296282517,4610.919359899385
2025-03-22,google,외부,GGL_CMP_02_리타겟팅,리타겟팅,리마케팅,IMG_할인쿠폰_봄_B_v1,31676,1058,163091,114,57,3867780,993,90,39,3538471,IMG,할인쿠폰,봄,B,v1,False,False,21.696298385563757,1812.1222222020874,0.03340068190427979,0.08506616257080807,154.15028355372954,5148.724586437519
2025-03-22,google,외부,GGL_CMP_02_리타겟팅,리타겟팅,리마케팅,CRS_특가_봄_v1,25102,970,136641,132,59,4196288,884,116,52,3542271,CRS,특가,봄,N,v1,False,False,25.923924737084583,1177.9396551622592,0.03864233925583465,0.1195876288658561,140.86701030913312,5443.430802326291
2025-03-22,google,외부,GGL_CMP_03_첫구매,첫구매,논타겟,VID_적립혜택_봄_A_v1,49399,1567,316883,182,67,3793147,1433,134,48,3121382,VID,적립혜택,봄,A,v1,False,False,9.85026650214745,2364.798507445039,0.0317212899046533,0.08551372048494862,202.22271857038785,6414.765481082483
2025-03-22,google,외부,GGL_CMP_03_첫구매,첫구매,논타겟,IMG_적립혜택_봄_B_v1,49656,1358,315169,141,50,3015483,1308,106,37,2452596,IMG,적립혜택,봄,B,v1,False,False,7.781844026538119,2973.2924528021385,0.027348155308522085,0.07805596465384532,232.08321060365827,6347.04768809396
2025-03-22,google,외부,GGL_CMP_03_첫구매,첫구매,논타겟,CRS_할인쿠폰_봄_v1,47225,1099,234728,103,34,2100833,945,80,27,1838308,CRS,할인쿠폰,봄,N,v1,False,False,7.831651954602742,2934.0999999633236,0.023271572260454777,0.0727934485895607,213.58325750663005,4970.418210693384
2025-03-22,google,외부,GGL_CMP_03_첫구매,첫구매,유사타겟,VID_적립혜택_봄_A_v1,35683,861,176846,69,19,1286592,760,60,13,1060129,VID,적립혜택,봄,A,v1,False,False,5.99464505841237,2947.4333332842098,0.024129137124120056,0.06968641114974485,205.39605110312962,4956.029481825941
2025-03-22,google,외부,GGL_CMP_03_첫구매,첫구매,유사타겟,IMG_적립혜택_봄_B_v1,43737,769,262201,76,34,2274158,685,56,27,1796313,IMG,적립혜택,봄,B,v1,False,False,6.8509006449250505,4682.160714202105,0.017582367332006823,0.0728218465538715,340.9635890762796,5994.947069986374
2025-03-22,google,외부,GGL_CMP_03_첫구매,첫구매,유사타겟,CRS_할인쿠폰_봄_v1,29542,712,182937,55,26,1283991,694,44,19,1067946,CRS,할인쿠폰,봄,N,v1,False,False,5.837780219419769,4157.659090814599,0.024101279534221646,0.06179775280890197,256.9339887636841,6192.437885044811
2025-03-22,meta,외부,META_CMP_01_신규유저,신규유저,논타겟,VID_플러스멤버십_봄_A_v1,25805,426,126802,31,5,251616,375,25,3,220282,VID,플러스멤버십,봄,A,v1,False,False,1.7372123468083962,5072.079999797117,0.01650842859910806,0.058685446009251914,297.65727699460643,4913.853904281926
2025-03-22,meta,외부,META_CMP_01_신규유저,신규유저,논타겟,IMG_적립혜택_봄_B_v1,22860,463,107972,23,4,164983,451,20,2,118833,IMG,적립혜택,봄,B,v1,False,False,1.1005908939354545,5398.59999973007,0.02025371828521346,0.04319654427636459,233.20086393038187,4723.184601924553
2025-03-22,meta,외부,META_CMP_01_신규유저,신규유저,논타겟,CRS_플러스멤버십_봄_v1,38680,520,182652,40,10,436443,445,34,7,347322,CRS,플러스멤버십,봄,N,v1,False,False,1.9015504894553474,5372.117646900821,0.013443640124094793,0.06538461538448964,351.2538461531707,4722.130299896466
2025-03-22,meta,외부,META_CMP_02_룩얼라이크,룩얼라이크,유사타겟,VID_플러스멤버십_봄_A_v1,26405,484,116741,35,7,317747,436,26,5,274929,VID,플러스멤버십,봄,A,v1,False,False,2.3550337927548814,4490.038461365768,0.018329861768603736,0.053719008264351824,241.20041322264214,4421.170232910266
2025-03-22,meta,외부,META_CMP_02_룩얼라이크,룩얼라이크,유사타겟,IMG_할인쿠폰_봄_B_v1,40908,936,164535,69,12,523702,899,50,9,467492,IMG,할인쿠폰,봄,B,v1,False,False,2.8412921262953,3290.699999934186,0.022880610149603433,0.05341880341874635,175.7852564100686,4022.0739219711545
2025-03-22,meta,외부,META_CMP_02_룩얼라이크,룩얼라이크,유사타겟,CRS_특가_봄_v1,32830,581,116456,47,13,720318,551,35,11,526702,CRS,특가,봄,N,v1,False,False,4.52275537542072,3327.31428561922,0.0176972281449888,0.060240963855318005,200.44061962099752,3547.2433749618176
2025-03-22,meta,외부,META_CMP_03_재구매,재구매,VIP,IMG_배송혜택_봄_A_v1,7118,134,29767,5,2,114923,129,3,1,106317,IMG,배송혜택,봄,A,v1,False,False,3.5716397352772007,9922.33333002589,0.01882551278448738,0.022388059701325465,222.14179104311836,4181.933127282357
2025-03-22,meta,외부,META_CMP_03_재구매,재구매,VIP,VID_적립혜택_봄_B_v1,8102,232,33699,14,5,301780,204,12,3,233986,VID,적립혜택,봄,B,v1,False,False,6.943410783702575,2808.2499997659793,0.028634904961734306,0.051724137930811535,145.25431034420149,4159.343372006398
2025-03-22,meta,외부,META_CMP_03_재구매,재구매,VIP,CRS_신상품_봄_v1,7833,163,37665,8,4,278619,151,7,2,247914,CRS,신상품,봄,N,v1,False,False,6.582078853046421,5380.714284945612,0.02080939614451413,0.04294478527581016,231.07361963048422,4808.502489467023
2025-03-22,meta,외부,META_CMP_03_재구매,재구매,윈백,IMG_배송혜택_봄_A_v1,14275,385,63344,17,6,475882,328,13,4,376025,IMG,배송혜택,봄,A,v1,False,False,5.936237054811728,4872.615384240568,0.026970227670751176,0.03376623376614606,164.52987012944277,4437.408056041721
2025-03-22,meta,외부,META_CMP_03_재구매,재구매,윈백,VID_적립혜택_봄_B_v1,18171,313,63655,21,11,842761,270,15,7,763069,VID,적립혜택,봄,B,v1,False,False,11.987573639148348,4243.666666383756,0.017225249023167837,0.04792332268355296,203.37060702810425,3503.1093500630946
2025-03-22,meta,외부,META_CMP_03_재구매,재구매,윈백,CRS_신상품_봄_v1,14796,262,55144,11,4,277095,235,9,3,216825,CRS,신상품,봄,N,v1,False,False,3.9319780937181936,6127.111110430321,0.017707488510407023,0.03435114503803683,210.47328244194478,3726.953230602614
2025-03-22,naver,자체,NVR_CMP_01_브랜드KW,브랜드KW,논타겟,TXT_플러스멤버십_봄_A_v1,7447,1125,70682,336,149,10218837,1029,235,131,8441322,TXT,플러스멤버십,봄,A,v1,False,False,119.4267564585026,300.7744680838265,0.15106754397742028,0.20888888888870322,62.828444444388595,9491.33879414402
2025-03-22,naver,자체,NVR_CMP_02_일반KW,일반KW,논타겟,TXT_할인쿠폰_봄_A_v1,12167,979,80444,111,50,3106916,913,80,34,2515782,TXT,할인쿠폰,봄,A,v1,False,False,31.27370593207658,1005.5499999874306,0.08046354894385793,0.08171603677213309,82.16956077621842,6611.654475219313
2025-03-22,naver,자체,NVR_CMP_02_일반KW,일반KW,논타겟,TXT_플러스멤버십_봄_B_v1,6846,400,53784,51,20,1392202,362,43,15,1059769,TXT,플러스멤버십,봄,B,v1,False,False,19.70416852595531,1250.7906976453305,0.05842827928716646,0.10749999999973125,134.45999999966386,7856.266432952401
2025-03-22,naver,자체,NVR_CMP_03_재구매,재구매,VIP,IMG_배송혜택_봄_A_v1,2860,142,26005,12,6,658732,126,9,4,594357,IMG,배송혜택,봄,A,v1,False,False,22.85548932897432,2889.444444123395,0.04965034965033229,0.0633802816896945,183.13380281561174,9092.657342654164
2025-03-22,naver,자체,NVR_CMP_03_재구매,재구매,VIP,VID_적립혜택_봄_B_v1,4967,311,39406,30,22,1708272,299,24,18,1317795,VID,적립혜택,봄,B,v1,False,False,33.441480992741376,1641.9166665982534,0.06261324743304557,0.07717041800618274,126.70739549798486,7933.5615059376005
2025-03-22,naver,자체,NVR_CMP_03_재구매,재구매,VIP,CRS_신상품_봄_v1,4446,242,42483,19,16,1408258,229,14,13,1258999,CRS,신상품,봄,N,v1,False,False,29.63536002636279,3034.49999978325,0.054430949167779026,0.05785123966918244,175.5495867761341,9555.330634275853
2025-03-22,naver,자체,NVR_CMP_03_재구매,재구매,윈백,IMG_배송혜택_봄_A_v1,8565,649,79175,64,49,5318626,635,53,33,4941684,IMG,배송혜택,봄,A,v1,False,False,62.41470161035601,1493.8679245001158,0.07577349678924976,0.08166409861312533,121.9953775036641,9244.016345591448
2025-03-22,naver,자체,NVR_CMP_03_재구매,재구매,윈백,VID_적립혜택_봄_B_v1,8660,364,72781,32,15,1505923,325,25,12,1101368,VID,적립혜택,봄,B,v1,False,False,15.132630769019178,2911.2399998835504,0.04203233256350554,0.06868131868113,199.94780219725288,8404.272517320045
2025-03-22,naver,자체,NVR_CMP_03_재구매,재구매,윈백,CRS_신상품_봄_v1,7735,359,70132,37,32,3065153,333,30,24,2347841,CRS,신상품,봄,N,v1,False,False,33.4774567957561,2337.733333255409,0.04641241111828747,0.08356545960979508,195.3537604451383,9066.839043308459
2025-03-23,google,외부,GGL_CMP_01_플러스가입,플러스가입,논타겟,VID_플러스멤버십_봄_A_v1,52620,1727,250644,171,55,3024320,1527,119,40,2457063,VID,플러스멤버십,봄,A,v1,False,False,9.802999473356595,2106.2521008226363,0.03282022044849805,0.06890561667627741,145.1325998841082,4763.2839224628515
2025-03-23,google,외부,GGL_CMP_01_플러스가입,플러스가입,논타겟,IMG_플러스멤버십_봄_B_v1,44781,948,231835,131,42,2776978,889,97,30,2067931,IMG,플러스멤버십,봄,B,v1,False,False,8.919839541052866,2390.0515463671127,0.021169692503516645,0.1023206751053773,244.5516877634551,5177.084031173819
2025-03-23,google,외부,GGL_CMP_01_플러스가입,플러스가입,논타겟,CRS_플러스멤버십_봄_v1,50317,1489,260945,131,45,2383867,1269,95,31,2190649,CRS,플러스멤버십,봄,N,v1,False,False,8.395060261740948,2746.7894736552967,0.029592384283641124,0.06380120886496722,175.2484889186197,5186.0206292107005
2025-03-23,google,외부,GGL_CMP_01_플러스가입,플러스가입,논타겟,IMG_적립혜택_봄_v2,32340,643,213210,91,30,1424210,622,69,26,1259243,IMG,적립혜택,봄,N,v2,False,False,5.906116035833189,3089.9999999552174,0.01988249845392641,0.10730948678054851,331.5863141518949,6592.76437847846
2025-03-23,google,외부,GGL_CMP_01_플러스가입,플러스가입,유사타겟,VID_플러스멤버십_봄_A_v1,29680,687,193779,100,24,1406253,647,74,19,1143463,VID,플러스멤버십,봄,A,v1,False,False,5.900861290439078,2618.635135099748,0.023146900269541,0.1077147016010077,282.06550218299554,6528.9420485173005
2025-03-23,google,외부,GGL_CMP_01_플러스가입,플러스가입,유사타겟,IMG_플러스멤버십_봄_B_v1,49282,1436,312790,176,48,3099979,1271,150,39,2445132,IMG,플러스멤버십,봄,B,v1,False,False,7.81716806803284,2085.2666666527653,0.029138427823545532,0.10445682451246208,217.82033426168675,6346.942088389142
2025-03-23,google,외부,GGL_CMP_01_플러스가입,플러스가입,유사타겟,CRS_플러스멤버십_봄_v1,41900,879,263452,105,28,1893863,768,85,19,1734167,CRS,플러스멤버십,봄,N,v1,False,False,6.58247802256196,3099.435294081183,0.020978520286395682,0.09670079635938943,299.7178612055748,6287.6372315034305
2025-03-23,google,외부,GGL_CMP_01_플러스가입,플러스가입,유사타겟,IMG_적립혜택_봄_v2,49960,1445,315236,128,31,2106376,1296,102,23,1750086,IMG,적립혜택,봄,N,v2,False,False,5.551669225596044,3090.5490195775437,0.02892313851080807,0.0705882352940688,218.15640138393206,6309.767814251275
2025-03-23,google,외부,GGL_CMP_02_리타겟팅,리타겟팅,리마케팅,VID_할인쿠폰_봄_A_v1,25135,997,129204,97,31,1409726,913,80,26,1267346,VID,할인쿠폰,봄,A,v1,False,False,9.808875886195398,1615.049999979812,0.039665804654862157,0.08024072216641902,129.59277833487502,5140.401830117162
2025-03-23,google,외부,GGL_CMP_02_리타겟팅,리타겟팅,리마케팅,IMG_할인쿠폰_봄_B_v1,26540,1121,132062,121,50,3128409,1002,106,42,2589148,IMG,할인쿠폰,봄,B,v1,False,False,19.605548908845698,1245.8679245165483,0.04223813112283187,0.09455842997315383,117.80731489730793,4975.960813865675
2025-03-23,google,외부,GGL_CMP_02_리타겟팅,리타겟팅,리마케팅,CRS_특가_봄_v1,21508,860,136501,112,57,3308084,746,84,43,2583616,CRS,특가,봄,N,v1,False,False,18.927451080944326,1625.0119047425594,0.03998512181513669,0.09767441860453759,158.72209302307127,6346.522224288342
2025-03-23,google,외부,GGL_CMP_03_첫구매,첫구매,논타겟,VID_적립혜택_봄_A_v1,34748,781,186804,85,35,2076327,743,70,29,1902274,VID,적립혜택,봄,A,v1,False,False,10.183261600393942,2668.628571390448,0.022476113733163855,0.0896286811778622,239.18565941070528,5375.964084263688
2025-03-23,google,외부,GGL_CMP_03_첫구매,첫구매,논타겟,IMG_적립혜택_봄_B_v1,37989,854,209840,93,36,2517556,799,74,30,1971259,IMG,적립혜택,봄,B,v1,False,False,9.394105032405598,2835.6756756373557,0.0224801916344199,0.08665105386406716,245.714285713998,5523.7042301717465
2025-03-23,google,외부,GGL_CMP_03_첫구매,첫구매,논타겟,CRS_할인쿠폰_봄_v1,47874,1162,262954,104,37,2768889,1043,92,26,2119676,CRS,할인쿠폰,봄,N,v1,False,False,8.061014474014437,2858.1956521428456,0.024272047457909843,0.07917383820991465,226.2943201374989,5492.626477837543
2025-03-23,google,외부,GGL_CMP_03_첫구매,첫구매,유사타겟,VID_적립혜택_봄_A_v1,39947,1209,240507,129,42,2790189,1124,90,29,2175942,VID,적립혜택,봄,A,v1,False,False,9.04731255223337,2672.2999999703075,0.03026510125916764,0.07444168734485158,198.93052109164688,6020.652364382657
2025-03-23,google,외부,GGL_CMP_03_첫구매,첫구매,유사타겟,IMG_적립혜택_봄_B_v1,37065,851,243265,78,26,1799503,769,69,22,1615134,IMG,적립혜택,봄,B,v1,False,False,6.639401475756864,3525.579710093832,0.022959665452582684,0.0810810810809858,285.8578143357393,6563.19978416278
2025-03-23,google,외부,GGL_CMP_03_첫구매,첫구매,유사타겟,CRS_할인쿠폰_봄_v1,31486,752,152218,70,32,2186703,686,51,24,1675909,CRS,할인쿠폰,봄,N,v1,False,False,11.00992655270723,2984.666666608144,0.023883630820046246,0.06781914893608003,202.41755319122018,4834.466111922606
2025-03-23,meta,외부,META_CMP_01_신규유저,신규유저,논타겟,VID_플러스멤버십_봄_A_v1,39090,796,182338,53,10,532206,678,40,8,485034,VID,플러스멤버십,봄,A,v1,False,False,2.6600818260592822,4558.449999886039,0.02036326426195906,0.05025125628134391,229.06783919569213,4664.568943463682
2025-03-23,meta,외부,META_CMP_01_신규유저,신규유저,논타겟,IMG_적립혜택_봄_B_v1,40680,655,183126,43,7,265375,580,33,4,226046,IMG,적립혜택,봄,B,v1,False,False,1.234374146762332,5549.272727104568,0.01610127826941947,0.05038167938923606,279.58167938888613,4501.622418878946
2025-03-23,meta,외부,META_CMP_01_신규유저,신규유저,논타겟,CRS_플러스멤버십_봄_v1,27272,440,134193,36,5,214652,394,29,4,170470,CRS,플러스멤버십,봄,N,v1,False,False,1.2703345181939352,4627.344827426643,0.01613376356702786,0.06590909090894112,304.9840909083978,4920.5412144322045
2025-03-23,meta,외부,META_CMP_02_룩얼라이크,룩얼라이크,유사타겟,VID_플러스멤버십_봄_A_v1,33815,548,160814,52,15,920958,496,42,13,704610,VID,플러스멤버십,봄,A,v1,False,False,4.381521509321301,3828.904761813598,0.016205825816944665,0.0766423357662835,293.45620437902653,4755.700133076896
2025-03-23,meta,외부,META_CMP_02_룩얼라이크,룩얼라이크,유사타겟,IMG_할인쿠폰_봄_B_v1,29099,671,129941,57,17,821961,614,46,14,653282,IMG,할인쿠폰,봄,B,v1,False,False,5.027527878036916,2824.8043477646784,0.023059211656757173,0.06855439642314672,193.652757078698,4465.479913398933
2025-03-23,meta,외부,META_CMP_02_룩얼라이크,룩얼라이크,유사타겟,CRS_특가_봄_v1,22197,516,102320,29,7,396334,442,21,5,316201,CRS,특가,봄,N,v1,False,False,3.0903146989835504,4872.380952148934,0.023246384646572815,0.04069767441852578,198.29457364302655,4609.631932242888
2025-03-23,meta,외부,META_CMP_03_재구매,재구매,VIP,IMG_배송혜택_봄_A_v1,8483,195,33078,8,4,292869,180,5,3,265428,IMG,배송혜택,봄,A,v1,False,False,8.02430618537977,6615.59999867688,0.02298715077212979,0.02564102564089415,169.63076922989933,3899.3280679000472
2025-03-23,meta,외부,META_CMP_03_재구매,재구매,VIP,VID_적립혜택_봄_B_v1,11028,276,54942,18,9,610918,253,16,7,566014,VID,적립혜택,봄,B,v1,False,False,10.30202759273397,3433.874999785383,0.02502720348204343,0.057971014492543584,199.06521739058311,4982.045701849385
2025-03-23,meta,외부,META_CMP_03_재구매,재구매,VIP,CRS_신상품_봄_v1,9712,247,33031,10,4,321223,227,8,2,256200,CRS,신상품,봄,N,v1,False,False,7.756350095364726,4128.874999483891,0.025432454695219785,0.03238866396748021,133.72874493872985,3401.0502471166183
2025-03-23,meta,외부,META_CMP_03_재구매,재구매,윈백,IMG_배송혜택_봄_A_v1,12958,220,52375,8,4,240557,206,6,2,202029,IMG,배송혜택,봄,A,v1,False,False,3.857355608591812,8729.166665211806,0.01697792869269818,0.027272727272603308,238.0681818170997,4041.904614909396
2025-03-23,meta,외부,META_CMP_03_재구매,재구매,윈백,VID_적립혜택_봄_B_v1,13321,328,48897,12,6,370178,302,9,4,317437,VID,적립혜택,봄,B,v1,False,False,6.491952471521638,5432.999999396333,0.024622776067860924,0.027439024390160247,149.07621951174062,3670.6703700920593
2025-03-23,meta,외부,META_CMP_03_재구매,재구매,윈백,CRS_신상품_봄_v1,20021,485,87954,27,11,938461,445,23,8,764929,CRS,신상품,봄,N,v1,False,False,8.696921117856963,3824.0869563554743,0.024224564207580828,0.047422680412273356,181.34845360787352,4393.087258378482
2025-03-23,naver,자체,NVR_CMP_01_브랜드KW,브랜드KW,논타겟,TXT_플러스멤버십_봄_A_v1,6361,986,46267,285,116,6360217,867,231,81,4971964,TXT,플러스멤버십,봄,A,v1,False,False,107.46242462229867,200.29004328917625,0.15500707435935307,0.23427991886385977,46.9239350912303,7273.541895927169
2025-03-23,naver,자체,NVR_CMP_02_일반KW,일반KW,논타겟,TXT_할인쿠폰_봄_A_v1,10827,826,79413,111,48,2995386,731,78,37,2508183,TXT,할인쿠폰,봄,A,v1,False,False,31.584035359449565,1018.1153846023318,0.07629075459498695,0.09443099273596316,96.14164648898772,7334.718758658231
2025-03-23,naver,자체,NVR_CMP_02_일반KW,일반KW,논타겟,TXT_플러스멤버십_봄_B_v1,10961,1028,96865,169,62,3535745,953,142,49,3052942,TXT,플러스멤버십,봄,B,v1,False,False,31.517493418675148,682.1478873191398,0.09378706322414981,0.13813229571971,94.2266536964064,8837.241127633533
2025-03-23,naver,자체,NVR_CMP_03_재구매,재구매,VIP,IMG_배송혜택_봄_A_v1,4170,235,38094,19,13,1078242,215,16,9,991414,IMG,배송혜택,봄,A,v1,False,False,26.025463327557464,2380.8749998511953,0.05635491606713276,0.068085106382689,162.10212765888468,9135.25179855896
2025-03-23,naver,자체,NVR_CMP_03_재구매,재구매,VIP,VID_적립혜택_봄_B_v1,3768,234,35965,23,18,1444689,223,17,13,1134514,VID,적립혜택,봄,B,v1,False,False,31.54494647573943,2115.5882351696714,0.062101910828009,0.07264957264926218,153.69658119592438,9544.85138003993
2025-03-23,naver,자체,NVR_CMP_03_재구매,재구매,VIP,CRS_신상품_봄_v1,3185,199,20488,15,9,935067,188,13,7,831361,CRS,신상품,봄,N,v1,False,False,40.577948067159284,1575.9999998787691,0.06248037676607143,0.06532663316550087,102.95477386882938,6432.65306122247
2025-03-23,naver,자체,NVR_CMP_03_재구매,재구매,윈백,IMG_배송혜택_봄_A_v1,5811,432,44417,39,35,3219308,421,28,31,2440985,IMG,배송혜택,봄,A,v1,False,False,54.95609789044612,1586.3214285147742,0.0743417656169206,0.06481481481466478,102.81712962939163,7643.606952330469
2025-03-23,naver,자체,NVR_CMP_03_재구매,재구매,윈백,VID_적립혜택_봄_B_v1,5288,361,36312,38,28,3128864,337,28,22,2343043,VID,적립혜택,봄,B,v1,False,False,64.52530843798016,1296.8571428108264,0.06826777609681008,0.07756232686959125,100.5872576174499,6866.8683812392455
2025-03-23,naver,자체,NVR_CMP_03_재구매,재구매,윈백,CRS_신상품_봄_v1,8383,409,59225,38,27,2191080,399,32,18,1814396,CRS,신상품,봄,N,v1,False,False,30.635643731531776,1850.7812499421632,0.04878921627101887,0.0782396088017647,144.80440097764108,7064.89323631074
2025-03-24,google,외부,GGL_CMP_01_플러스가입,플러스가입,논타겟,VID_플러스멤버십_봄_A_v1,54734,1325,347186,156,37,2138218,1135,118,27,1801802,VID,플러스멤버십,봄,A,v1,False,False,5.189731152753841,2942.254237263201,0.024207987722438994,0.08905660377351769,262.027169811123,6343.1505097378895
2025-03-24,google,외부,GGL_CMP_01_플러스가입,플러스가입,논타겟,IMG_플러스멤버십_봄_B_v1,61154,2098,312877,286,84,5201487,1964,249,63,4620167,IMG,플러스멤버십,봄,B,v1,False,False,14.766719829198008,1256.5341365411384,0.03430683193249772,0.11868446139174514,149.13107721632548,5116.214801975257
2025-03-24,google,외부,GGL_CMP_01_플러스가입,플러스가입,논타겟,CRS_플러스멤버십_봄_v1,55079,1570,242606,226,55,3705215,1361,177,46,3174807,CRS,플러스멤버십,봄,N,v1,False,False,13.08626744598232,1370.6553672238947,0.028504511701373872,0.11273885350311291,154.5261146495831,4404.691443199688
2025-03-24,google,외부,GGL_CMP_01_플러스가입,플러스가입,논타겟,IMG_적립혜택_봄_v2,47117,1105,269681,107,27,1354462,1006,83,18,1248877,IMG,적립혜택,봄,N,v2,False,False,4.630941742280678,3249.1686746596483,0.023452257147101398,0.07511312217187772,244.05520361968863,5723.64539338231
2025-03-24,google,외부,GGL_CMP_01_플러스가입,플러스가입,유사타겟,VID_플러스멤버십_봄_A_v1,50219,1698,309309,160,31,1492664,1659,129,24,1217628,VID,플러스멤버십,봄,A,v1,False,False,3.9366070822381376,2397.7441860279246,0.03381190386108776,0.07597173144871851,182.16077738505174,6159.202692208006
2025-03-24,google,외부,GGL_CMP_01_플러스가입,플러스가입,유사타겟,IMG_플러스멤버십_봄_B_v1,41791,1058,188543,110,32,1489565,1032,85,28,1079275,IMG,플러스멤버십,봄,B,v1,False,False,5.72429101053868,2218.1529411503748,0.025316455696201928,0.08034026465020762,178.20699432875406,4511.569476681474
2025-03-24,google,외부,GGL_CMP_01_플러스가입,플러스가입,유사타겟,CRS_플러스멤버십_봄_v1,49730,1264,229893,123,40,2362063,1082,88,29,1793709,CRS,플러스멤버십,봄,N,v1,False,False,7.802364578303786,2612.4204545157677,0.025417253167101844,0.06962025316450188,181.87737341757764,4622.823245525747
2025-03-24,google,외부,GGL_CMP_01_플러스가입,플러스가입,유사타겟,IMG_적립혜택_봄_v2,44625,995,251589,142,37,2058722,937,105,32,1772641,IMG,적립혜택,봄,N,v2,False,False,7.045781015863146,2396.0857142628943,0.022296918767506505,0.10552763819084872,252.85326633140417,5637.848739495673
2025-03-24,google,외부,GGL_CMP_02_리타겟팅,리타겟팅,리마케팅,VID_할인쿠폰_봄_A_v1,36798,938,184510,83,38,1673634,802,76,32,1421378,VID,할인쿠폰,봄,A,v1,False,False,7.7035282640506875,2427.7631578627925,0.02549051578890088,0.08102345415769614,196.70575692942782,5014.131202782624
2025-03-24,google,외부,GGL_CMP_02_리타겟팅,리타겟팅,리마케팅,IMG_할인쿠폰_봄_B_v1,24632,1029,110723,102,35,1618464,910,81,30,1429891,IMG,할인쿠폰,봄,B,v1,False,False,12.914128049276004,1366.9506172670747,0.041774926924324385,0.07871720116610426,107.60252672487114,4495.087690808521
2025-03-24,google,외부,GGL_CMP_02_리타겟팅,리타겟팅,리마케팅,CRS_특가_봄_v1,41282,1514,251266,149,71,3775651,1313,104,51,3207221,CRS,특가,봄,N,v1,False,False,12.764245858970124,2416.0192307459997,0.03667457971997392,0.06869220607657286,165.96169088496305,6086.575262826266
2025-03-24,google,외부,GGL_CMP_03_첫구매,첫구매,논타겟,VID_적립혜택_봄_A_v1,52664,1677,324616,125,60,3818397,1467,96,52,3252424,VID,적립혜택,봄,A,v1,False,False,10.019296645883106,3381.4166666314436,0.031843384475162696,0.05724508050086032,193.5694692902841,6163.907033267391
2025-03-24,google,외부,GGL_CMP_03_첫구매,첫구매,논타겟,IMG_적립혜택_봄_B_v1,54311,1681,324943,117,33,1673876,1558,85,28,1254379,IMG,적립혜택,봄,B,v1,False,False,3.8603047303680835,3822.858823484437,0.030951372650107147,0.05056513979770936,193.30339083867145,5983.005284380587
2025-03-24,google,외부,GGL_CMP_03_첫구매,첫구매,논타겟,CRS_할인쿠폰_봄_v1,51747,1361,260417,144,46,2866352,1206,114,41,2157071,CRS,할인쿠폰,봄,N,v1,False,False,8.28314203757816,2284.359649102769,0.026301041606276186,0.08376193975012214,191.34239529743473,5032.504299766073
2025-03-24,google,외부,GGL_CMP_03_첫구매,첫구매,유사타겟,VID_적립혜택_봄_A_v1,47852,896,223841,70,32,1722667,811,54,27,1303821,VID,적립혜택,봄,A,v1,False,False,5.824764006593941,4145.203703626941,0.01872440023405461,0.06026785714278988,249.82254464257832,4677.777313382833
2025-03-24,google,외부,GGL_CMP_03_첫구매,첫구매,유사타겟,IMG_적립혜택_봄_B_v1,45141,848,239717,69,27,1648626,736,55,20,1238870,IMG,적립혜택,봄,B,v1,False,False,5.168052328370516,4358.490909011664,0.018785582951196946,0.06485849056596125,282.6851415091006,5310.405174896318
2025-03-24,google,외부,GGL_CMP_03_첫구매,첫구매,유사타겟,CRS_할인쿠폰_봄_v1,53577,1049,242120,79,33,2069441,899,63,24,1493350,CRS,할인쿠폰,봄,N,v1,False,False,6.167809350735148,3843.174603113601,0.01957929708643598,0.06005719733073398,230.81029551932238,4519.103346585204
2025-03-24,meta,외부,META_CMP_01_신규유저,신규유저,논타겟,VID_플러스멤버십_봄_A_v1,51809,766,239212,64,15,696525,699,50,10,569127,VID,플러스멤버십,봄,A,v1,False,False,2.3791741216995703,4784.2399999043155,0.014785075952054378,0.06527415143594612,312.28720626591087,4617.190063502392
2025-03-24,meta,외부,META_CMP_01_신규유저,신규유저,논타겟,IMG_적립혜택_봄_B_v1,31315,376,114574,29,4,180856,362,24,3,167126,IMG,적립혜택,봄,B,v1,False,False,1.4586729973641361,4773.916666467753,0.012007025387194252,0.0638297872338728,304.7180851055726,3658.757783809559
2025-03-24,meta,외부,META_CMP_01_신규유저,신규유저,논타겟,CRS_플러스멤버십_봄_v1,38597,736,166928,43,10,417546,685,33,7,365000,CRS,플러스멤버십,봄,N,v1,False,False,2.186571455957046,5058.424242270958,0.01906883954711457,0.04483695652167821,226.8043478257788,4324.895717283615
2025-03-24,meta,외부,META_CMP_02_룩얼라이크,룩얼라이크,유사타겟,VID_플러스멤버십_봄_A_v1,47061,1085,226978,79,19,755165,984,60,13,560889,VID,플러스멤버십,봄,A,v1,False,False,2.4711161434147697,3782.9666666036173,0.02305518369775349,0.05529953917045594,209.1963133638625,4823.059433501099
2025-03-24,meta,외부,META_CMP_02_룩얼라이크,룩얼라이크,유사타겟,IMG_할인쿠폰_봄_B_v1,42705,552,162961,39,8,451176,525,32,6,394885,IMG,할인쿠폰,봄,B,v1,False,False,2.423187142936025,5092.531249840859,0.012925886898489336,0.057971014492648604,295.2192028980159,3815.970026928842
2025-03-24,meta,외부,META_CMP_02_룩얼라이크,룩얼라이크,유사타겟,CRS_특가_봄_v1,43853,620,149889,35,10,601420,553,26,7,531416,CRS,특가,봄,N,v1,False,False,3.545396927059334,5764.961538239809,0.014138143342530406,0.041935483870900105,241.7564516125133,3417.987366884742
2025-03-24,meta,외부,META_CMP_03_재구매,재구매,VIP,IMG_배송혜택_봄_A_v1,9564,238,35194,12,5,310432,232,8,3,244092,IMG,배송혜택,봄,A,v1,False,False,6.935614025117721,4399.249999450094,0.024884985361770712,0.03361344537801003,147.87394957921063,3679.8410706813384
2025-03-24,meta,외부,META_CMP_03_재구매,재구매,VIP,VID_적립혜택_봄_B_v1,14177,305,54843,16,9,484716,291,14,6,427482,VID,적립혜택,봄,B,v1,False,False,7.794650183250227,3917.3571425773316,0.02151371940466802,0.0459016393441118,179.8131147535088,3868.448896099043
2025-03-24,meta,외부,META_CMP_03_재구매,재구매,VIP,CRS_신상품_봄_v1,10812,245,44484,14,5,400896,208,12,3,293821,CRS,신상품,봄,N,v1,False,False,6.6050939663697825,3706.9999996910833,0.022660007399183994,0.04897959183653478,181.56734693803443,4114.317425082861
2025-03-24,meta,외부,META_CMP_03_재구매,재구매,윈백,IMG_배송혜택_봄_A_v1,25018,529,113485,31,15,1149100,505,27,13,978795,IMG,배송혜택,봄,A,v1,False,False,8.624884345948727,4203.148147992476,0.02114477576145091,0.0510396975424366,214.527410207534,4536.133983531676
2025-03-24,meta,외부,META_CMP_03_재구매,재구매,윈백,VID_적립혜택_봄_B_v1,21824,501,89794,33,16,1064814,432,25,12,774897,VID,적립혜택,봄,B,v1,False,False,8.629719134908695,3591.7599998563296,0.022956378299119184,0.0499001996006988,179.22954091780593,4114.461143694826
2025-03-24,meta,외부,META_CMP_03_재구매,재구매,윈백,CRS_신상품_봄_v1,22314,520,102697,37,21,1297584,493,26,14,1028859,CRS,신상품,봄,N,v1,False,False,10.018393916083138,3949.884615232697,0.02330375548982597,0.04999999999990385,197.49423076885097,4602.357264497418
2025-03-24,naver,자체,NVR_CMP_01_브랜드KW,브랜드KW,논타겟,TXT_플러스멤버십_봄_A_v1,8260,1332,55083,296,180,10982137,1256,211,145,10201915,TXT,플러스멤버십,봄,A,v1,False,False,185.20986511264482,261.0568720366775,0.16125907990312816,0.15840840840828949,41.35360360357256,6668.644067795803
2025-03-24,naver,자체,NVR_CMP_02_일반KW,일반KW,논타겟,TXT_할인쿠폰_봄_A_v1,11660,1025,75666,169,77,5544243,877,131,64,4724753,TXT,할인쿠폰,봄,A,v1,False,False,62.44221975523931,577.6030534307054,0.08790737564321716,0.1278048780486558,73.82048780480604,6489.365351628946
2025-03-24,naver,자체,NVR_CMP_02_일반KW,일반KW,논타겟,TXT_플러스멤버십_봄_B_v1,15836,1567,143311,314,108,6035211,1503,252,89,5425795,TXT,플러스멤버십,봄,B,v1,False,False,37.86028288128589,568.6944444421878,0.09895175549380532,0.16081684747915712,91.45564773446621,9049.696893154267
2025-03-24,naver,자체,NVR_CMP_03_재구매,재구매,VIP,IMG_배송혜택_봄_A_v1,6989,498,44880,40,22,1539471,458,33,17,1319382,IMG,배송혜택,봄,A,v1,False,False,29.397994652405764,1359.999999958788,0.07125482901701656,0.0662650602408308,90.12048192752988,6421.519530690167
2025-03-24,naver,자체,NVR_CMP_03_재구매,재구매,VIP,VID_적립혜택_봄_B_v1,6116,347,50513,39,25,2560694,339,34,20,2267247,VID,적립혜택,봄,B,v1,False,False,44.88442579137955,1485.6764705445391,0.056736429038578035,0.0979827089334352,145.57060518690037,8259.156311313234
2025-03-24,naver,자체,NVR_CMP_03_재구매,재구매,VIP,CRS_신상품_봄_v1,6433,278,52722,26,22,2233758,237,21,19,1711636,CRS,신상품,봄,N,v1,False,False,32.46530859982489,2510.5714284518776,0.04321467433545108,0.07553956834505202,189.6474820137063,8195.554173790115
2025-03-24,naver,자체,NVR_CMP_03_재구매,재구매,윈백,IMG_배송혜택_봄_A_v1,10827,666,71649,55,40,4191713,571,44,27,3190832,IMG,배송혜택,봄,A,v1,False,False,44.53421541124029,1628.386363599355,0.061512884455522165,0.06606606606596686,107.58108108091955,6617.622610140702
2025-03-24,naver,자체,NVR_CMP_03_재구매,재구매,윈백,VID_적립혜택_봄_B_v1,7034,458,60026,44,27,2863889,429,37,21,2557134,VID,적립혜택,봄,B,v1,False,False,42.600439809415214,1622.3243242804779,0.0651123116292202,0.08078602620069697,131.06113537089288,8533.693488767623
2025-03-24,naver,자체,NVR_CMP_03_재구매,재구매,윈백,CRS_신상품_봄_v1,10896,746,72685,78,53,5285079,683,69,37,4430298,CRS,신상품,봄,N,v1,False,False,60.95202586503321,1053.4057970861825,0.06846549192363542,0.09249329758700739,97.43297587118306,6670.79662261319
2025-03-25,google,외부,GGL_CMP_01_플러스가입,플러스가입,논타겟,VID_플러스멤버십_봄_A_v1,52584,1581,316427,230,76,3402878,1444,171,56,2874994,VID,플러스멤버십,봄,A,v1,False,False,9.085804940792002,1850.4502923868397,0.030066179826562643,0.1081593927893054,200.14358001252364,6017.55286779237
2025-03-25,google,외부,GGL_CMP_01_플러스가입,플러스가입,논타겟,IMG_플러스멤버십_봄_B_v1,51381,1665,303603,252,113,5435938,1491,221,97,5022242,IMG,플러스멤버십,봄,B,v1,False,False,16.542135617895685,1373.7692307630148,0.032404974601505765,0.132732732732653,182.34414414403463,5908.857359724297
2025-03-25,google,외부,GGL_CMP_01_플러스가입,플러스가입,논타겟,CRS_플러스멤버십_봄_v1,50657,1175,326252,165,78,4853911,1120,142,66,4116409,CRS,플러스멤버십,봄,N,v1,False,False,12.6172682466314,2297.5492957584684,0.023195214876522038,0.12085106382968439,277.66127659550835,6440.412973527717
2025-03-25,google,외부,GGL_CMP_01_플러스가입,플러스가입,논타겟,IMG_적립혜택_봄_v2,50106,1004,259811,112,48,3272650,947,88,37,2605855,IMG,적립혜택,봄,N,v2,False,False,10.029810131210727,2952.397727239177,0.02003752045663154,0.08764940239035095,258.7758964140849,5185.227318085555
2025-03-25,google,외부,GGL_CMP_01_플러스가입,플러스가입,유사타겟,VID_플러스멤버십_봄_A_v1,42481,909,197478,120,38,2141491,888,97,30,1709983,VID,플러스멤버십,봄,A,v1,False,False,8.659106330831746,2035.8556700821046,0.021397801370023745,0.10671067106698932,217.24752475223625,4648.619382782783
2025-03-25,google,외부,GGL_CMP_01_플러스가입,플러스가입,유사타겟,IMG_플러스멤버십_봄_B_v1,71001,2454,416539,363,149,7813502,2257,283,121,6594232,IMG,플러스멤버십,봄,B,v1,False,False,15.831007420673657,1471.869257945329,0.03456289348037303,0.11532192339033606,169.7387938059618,5866.66384980485
2025-03-25,google,외부,GGL_CMP_01_플러스가입,플러스가입,유사타겟,CRS_플러스멤버십_봄_v1,63306,1403,298685,118,33,1633633,1319,105,25,1374482,CRS,플러스멤버십,봄,N,v1,False,False,4.601777792657802,2844.619047591956,0.022162196316304582,0.0748396293655917,212.890235210112,4718.115186554122
2025-03-25,google,외부,GGL_CMP_01_플러스가입,플러스가입,유사타겟,IMG_적립혜택_봄_v2,43407,1415,201680,124,44,2644174,1237,96,36,2022016,IMG,적립혜택,봄,N,v2,False,False,10.025862752875794,2100.8333333114497,0.03259842882484317,0.06784452296814994,142.5300353355883,4646.255212292841
2025-03-25,google,외부,GGL_CMP_02_리타겟팅,리타겟팅,리마케팅,VID_할인쿠폰_봄_A_v1,24610,998,134185,89,50,2740807,865,77,41,2248181,VID,할인쿠폰,봄,A,v1,False,False,16.754339158624163,1742.6623376397056,0.040552620885817126,0.07715430861715716,134.45390781549654,5452.458350263899
2025-03-25,google,외부,GGL_CMP_02_리타겟팅,리타겟팅,리마케팅,IMG_할인쿠폰_봄_B_v1,27696,870,142060,89,45,2147992,815,77,40,1660939,IMG,할인쿠폰,봄,B,v1,False,False,11.691813318316123,1844.9350649111047,0.031412478336220705,0.08850574712633505,163.2873563216514,5129.26054303852
2025-03-25,google,외부,GGL_CMP_02_리타겟팅,리타겟팅,리마케팅,CRS_특가_봄_v1,33082,889,186211,90,68,4093867,789,70,53,3438123,CRS,특가,봄,N,v1,False,False,18.4635870061381,2660.1571428191405,0.02687261955141688,0.07874015748022639,209.46119235072052,5628.770932833396
2025-03-25,google,외부,GGL_CMP_03_첫구매,첫구매,논타겟,VID_적립혜택_봄_A_v1,43951,853,249370,57,33,2106989,762,51,28,1768202,VID,적립혜택,봄,A,v1,False,False,7.0906765047920475,4889.607843041381,0.01940797706536781,0.059788980070269886,292.34466588476863,5673.818570680857
2025-03-25,google,외부,GGL_CMP_03_첫구매,첫구매,논타겟,IMG_적립혜택_봄_B_v1,47637,1348,298054,112,70,4760928,1201,102,58,3922715,IMG,적립혜택,봄,B,v1,False,False,13.161088259174468,2922.098039187038,0.028297331905870894,0.07566765578629402,221.10830860517723,6256.775195751071
2025-03-25,google,외부,GGL_CMP_03_첫구매,첫구매,논타겟,CRS_할인쿠폰_봄_v1,54423,1642,248905,130,52,2714273,1460,99,39,2153628,CRS,할인쿠폰,봄,N,v1,False,False,8.65240955384581,2514.1919191665233,0.030171067379599983,0.060292326431144766,151.58647990246553,4573.525898976452
2025-03-25,google,외부,GGL_CMP_03_첫구매,첫구매,유사타겟,VID_적립혜택_봄_A_v1,55095,1539,250746,124,61,4533869,1336,113,43,3853648,VID,적립혜택,봄,A,v1,False,False,15.368731704593433,2218.9911504228407,0.027933569289408697,0.07342430149442923,162.92787524355884,4551.157092295044
2025-03-25,google,외부,GGL_CMP_03_첫구매,첫구매,유사타겟,IMG_적립혜택_봄_B_v1,55513,1581,267229,150,99,6141355,1416,118,86,4752685,IMG,적립혜택,봄,B,v1,False,False,17.785064495245585,2264.652542353689,0.028479815538702134,0.07463630613531017,169.02530044265083,4813.809377983449
2025-03-25,google,외부,GGL_CMP_03_첫구매,첫구매,유사타겟,CRS_할인쿠폰_봄_v1,45082,856,251506,95,60,4676312,817,77,45,3759495,CRS,할인쿠폰,봄,N,v1,False,False,14.94793364770616,3266.3116882692684,0.018987622554455904,0.0899532710279323,293.81542056040445,5578.8563062861995
2025-03-25,meta,외부,META_CMP_01_신규유저,신규유저,논타겟,VID_플러스멤버십_봄_A_v1,48527,657,238277,49,13,711912,563,42,8,534389,VID,플러스멤버십,봄,A,v1,False,False,2.24272170624944,5673.261904626827,0.013538854658231222,0.0639269406391721,362.6742770161908,4910.194324808768
2025-03-25,meta,외부,META_CMP_01_신규유저,신규유저,논타겟,IMG_적립혜택_봄_B_v1,41666,775,173173,58,16,890656,673,52,10,800404,IMG,적립혜택,봄,B,v1,False,False,4.621990726036943,3330.249999935957,0.018600297604761232,0.06709677419346181,223.4490322577762,4156.2184994958925
2025-03-25,meta,외부,META_CMP_01_신규유저,신규유저,논타겟,CRS_플러스멤버십_봄_v1,49552,805,239527,60,20,1157357,751,44,14,1039283,CRS,플러스멤버십,봄,N,v1,False,False,4.338897076321232,5443.795454421733,0.016245560219566996,0.0546583850930998,297.54906832261173,4833.851307717048
2025-03-25,meta,외부,META_CMP_02_룩얼라이크,룩얼라이크,유사타겟,VID_플러스멤버십_봄_A_v1,45216,689,185980,67,19,869448,630,56,13,685333,VID,플러스멤버십,봄,A,v1,False,False,3.684982256156556,3321.071428512124,0.01523796886057999,0.08127721335256709,269.9274310591148,4113.145789101112
2025-03-25,meta,외부,META_CMP_02_룩얼라이크,룩얼라이크,유사타겟,IMG_할인쿠폰_봄_B_v1,41987,916,162207,65,16,649923,895,51,13,587885,IMG,할인쿠폰,봄,B,v1,False,False,3.6242887175029215,3180.5294117023427,0.021816276466524835,0.05567685589513573,177.08187772906433,3863.2672017528316
2025-03-25,meta,외부,META_CMP_02_룩얼라이크,룩얼라이크,유사타겟,CRS_특가_봄_v1,33466,489,159233,33,10,483894,425,29,8,432800,CRS,특가,봄,N,v1,False,False,2.718029554175311,5490.793103258939,0.014611844857466845,0.05930470347636134,325.62985685004986,4758.052949261795
2025-03-25,meta,외부,META_CMP_03_재구매,재구매,VIP,IMG_배송혜택_봄_A_v1,11403,226,45774,14,7,532401,208,9,6,392648,IMG,배송혜택,봄,A,v1,False,False,8.577970026652498,5085.999999434889,0.019819345786194875,0.039823008849381315,202.53982300795337,4014.2067876870983
2025-03-25,meta,외부,META_CMP_03_재구매,재구매,VIP,VID_적립혜택_봄_B_v1,12182,313,45620,16,13,1100005,298,14,11,851876,VID,적립혜택,봄,B,v1,False,False,18.673301183690956,3258.5714283386733,0.025693646363485003,0.04472843450464943,145.7507987215791,3744.869479559699
2025-03-25,meta,외부,META_CMP_03_재구매,재구매,VIP,CRS_신상품_봄_v1,13999,370,48228,15,12,1018619,339,13,8,857064,CRS,신상품,봄,N,v1,False,False,17.77108733515763,3709.846153560781,0.026430459318520862,0.03513513513504018,130.34594594559366,3445.1032216584435
2025-03-25,meta,외부,META_CMP_03_재구매,재구매,윈백,IMG_배송혜택_봄_A_v1,24449,437,89948,19,11,873196,376,14,9,659041,IMG,배송혜택,봄,A,v1,False,False,7.326911104193452,6424.857142398225,0.017873941674505383,0.032036613272237904,205.83066361508963,3679.0052762892683
2025-03-25,meta,외부,META_CMP_03_재구매,재구매,윈백,VID_적립혜택_봄_B_v1,22677,526,91409,27,13,964180,476,22,9,842409,VID,적립혜택,봄,B,v1,False,False,9.215821199225358,4154.954545265684,0.023195308021342186,0.041825095056954704,173.7813688209624,4030.912378180357
2025-03-25,meta,외부,META_CMP_03_재구매,재구매,윈백,CRS_신상품_봄_v1,26132,527,96221,32,21,1382733,503,23,15,1268627,CRS,신상품,봄,N,v1,False,False,13.184512736304827,4183.521738948542,0.020166845247205717,0.04364326375703294,182.5825426941507,3682.113883361255
2025-03-25,naver,자체,NVR_CMP_01_브랜드KW,브랜드KW,논타겟,TXT_플러스멤버십_봄_A_v1,10620,1061,98716,284,256,18785446,962,237,211,16393602,TXT,플러스멤버십,봄,A,v1,False,False,166.06833745289347,416.5232067492974,0.09990583804142185,0.22337417530610426,93.04052780387084,9295.291902070687
2025-03-25,naver,자체,NVR_CMP_02_일반KW,일반KW,논타겟,TXT_할인쿠폰_봄_A_v1,12968,1091,112205,137,87,5913573,951,120,75,5056437,TXT,할인쿠폰,봄,A,v1,False,False,45.06427521055171,935.0416666588746,0.08413016656384298,0.10999083409705776,102.8460128321697,8652.4521900055
2025-03-25,naver,자체,NVR_CMP_02_일반KW,일반KW,논타겟,TXT_플러스멤버십_봄_B_v1,9595,676,78922,131,60,3185999,584,91,41,2839582,TXT,플러스멤버십,봄,B,v1,False,False,35.97960011150204,867.2747252651948,0.0704533611255789,0.1346153846151855,116.74852070988646,8225.325690462925
2025-03-25,naver,자체,NVR_CMP_03_재구매,재구매,VIP,IMG_배송혜택_봄_A_v1,6895,450,52882,45,35,2614194,432,35,24,2379467,IMG,배송혜택,봄,A,v1,False,False,44.99578306417978,1510.9142856711169,0.06526468455401518,0.07777777777760495,117.51555555529441,7669.61566352318
2025-03-25,naver,자체,NVR_CMP_03_재구매,재구매,VIP,VID_적립혜택_봄_B_v1,6465,450,42008,41,49,3726115,418,33,36,2923200,VID,적립혜택,봄,B,v1,False,False,69.58674538183038,1272.9696969311224,0.06960556844546487,0.07333333333317037,93.35111111090367,6497.75715390464
2025-03-25,naver,자체,NVR_CMP_03_재구매,재구매,VIP,CRS_신상품_봄_v1,5783,338,54783,30,27,2223250,290,24,21,2039374,CRS,신상품,봄,N,v1,False,False,37.22640235109364,2282.6249999048905,0.05844717274769869,0.07100591715955323,162.0798816563252,9473.110842121827
2025-03-25,naver,자체,NVR_CMP_03_재구매,재구매,윈백,IMG_배송혜택_봄_A_v1,9539,473,72820,55,48,4596936,408,43,42,3979605,IMG,배송혜택,봄,A,v1,False,False,54.64989014007065,1693.48837205364,0.04958591047279069,0.09090909090889872,153.95348837176755,7633.923891392426
2025-03-25,naver,자체,NVR_CMP_03_재구매,재구매,윈백,VID_적립혜택_봄_B_v1,9414,714,89370,55,42,3123694,667,49,29,2289491,VID,적립혜택,봄,B,v1,False,False,25.618115698780063,1823.8775509831862,0.07584448693434503,0.06862745098029605,125.16806722671545,9493.307839387136
2025-03-25,naver,자체,NVR_CMP_03_재구매,재구매,윈백,CRS_신상품_봄_v1,7999,366,53813,33,39,4007234,353,24,28,3096182,CRS,신상품,봄,N,v1,False,False,57.53594856261392,2242.208333239908,0.045755719464927395,0.06557377049162412,147.03005464440702,6727.465933240814
2025-03-26,google,외부,GGL_CMP_01_플러스가입,플러스가입,논타겟,VID_플러스멤버십_봄_A_v1,62103,1208,290384,173,57,3951880,1088,156,44,2913133,VID,플러스멤버십,봄,A,v1,False,False,10.032002451925692,1861.4358974239653,0.019451556285525348,0.12913907284757523,240.3841059600659,4675.844967231781
2025-03-26,google,외부,GGL_CMP_01_플러스가입,플러스가입,논타겟,IMG_플러스멤버십_봄_B_v1,46508,1494,205661,136,31,2075865,1417,102,22,1679419,IMG,플러스멤버십,봄,B,v1,False,False,8.165957570954104,2016.2843137057225,0.03212350563343872,0.06827309236943221,137.65796519401763,4422.056420400697
2025-03-26,google,외부,GGL_CMP_01_플러스가입,플러스가입,논타겟,CRS_플러스멤버십_봄_v1,64894,2120,353217,178,55,3356357,2003,150,45,2882553,CRS,플러스멤버십,봄,N,v1,False,False,8.160855791199156,2354.7799999843014,0.032668659660368714,0.0707547169810987,166.6117924527516,5442.983943045499
2025-03-26,google,외부,GGL_CMP_01_플러스가입,플러스가입,논타겟,IMG_적립혜택_봄_v2,57971,1627,336669,237,61,3346845,1482,168,48,3025774,IMG,적립혜택,봄,N,v2,False,False,8.987385235943883,2003.9821428452144,0.02806575701643877,0.10325752919477366,206.92624462187652,5807.541701885326
2025-03-26,google,외부,GGL_CMP_01_플러스가입,플러스가입,유사타겟,VID_플러스멤버십_봄_A_v1,67050,1829,314800,154,45,2200866,1624,131,30,1969417,VID,플러스멤버십,봄,A,v1,False,False,6.2560895806861305,2403.0534350961602,0.027278150633854924,0.0716238381628914,172.11591033342148,4695.003728560705
2025-03-26,google,외부,GGL_CMP_01_플러스가입,플러스가입,유사타겟,IMG_플러스멤버십_봄_B_v1,61565,2081,321050,181,54,3585347,1972,155,42,3272050,IMG,플러스멤버십,봄,B,v1,False,False,10.191714686185922,2071.290322567282,0.03380167302850591,0.07448342143196805,154.27679000473125,5214.8136116299
2025-03-26,google,외부,GGL_CMP_01_플러스가입,플러스가입,유사타겟,CRS_플러스멤버십_봄_v1,47860,1286,313204,136,29,1552218,1241,108,24,1439907,CRS,플러스멤버십,봄,N,v1,False,False,4.597345500057456,2900.0370370101846,0.026870037609694385,0.08398133748049458,243.54898911334095,6544.170497283609
2025-03-26,google,외부,GGL_CMP_01_플러스가입,플러스가입,유사타겟,IMG_적립혜택_봄_v2,58056,1316,278166,199,51,3259295,1247,170,41,2565075,IMG,적립혜택,봄,N,v2,False,False,9.221382196242498,1636.2705882256691,0.02266776905057147,0.12917933130689271,211.3723404253713,4791.33939644473
2025-03-26,google,외부,GGL_CMP_02_리타겟팅,리타겟팅,리마케팅,VID_할인쿠폰_봄_A_v1,26768,968,123868,107,56,3251385,846,83,40,2798888,VID,할인쿠폰,봄,A,v1,False,False,22.595730939386907,1492.3855421506942,0.036162582187685435,0.08574380165280399,127.96280991722318,4627.465630603533
2025-03-26,google,외부,GGL_CMP_02_리타겟팅,리타겟팅,리마케팅,IMG_할인쿠폰_봄_B_v1,26394,1109,148029,114,36,2459792,1048,80,25,2223762,IMG,할인쿠폰,봄,B,v1,False,False,15.02247532578066,1850.3624999768704,0.04201712510418875,0.07213706041472305,133.47971145163797,5608.433734939546
2025-03-26,google,외부,GGL_CMP_02_리타겟팅,리타겟팅,리마케팅,CRS_특가_봄_v1,30075,1314,183494,119,54,3270096,1215,85,37,2647273,CRS,특가,봄,N,v1,False,False,14.427027586733004,2158.7529411510736,0.04369077306733022,0.06468797564683053,139.6453576863473,6101.213632585001
2025-03-26,google,외부,GGL_CMP_03_첫구매,첫구매,논타겟,VID_적립혜택_봄_A_v1,57593,1169,263656,85,28,1954121,1103,65,24,1810522,VID,적립혜택,봄,A,v1,False,False,6.866985769335775,4056.24615378375,0.020297605611792748,0.0556030795551278,225.53977758748886,4577.917455246218
2025-03-26,google,외부,GGL_CMP_03_첫구매,첫구매,논타겟,IMG_적립혜택_봄_B_v1,71389,1252,389418,79,31,2362029,1211,65,25,2002949,IMG,적립혜택,봄,B,v1,False,False,5.143442265123839,5991.046153753983,0.017537715894605364,0.05191693290730678,311.0367412138091,5454.874000196032
2025-03-26,google,외부,GGL_CMP_03_첫구매,첫구매,논타겟,CRS_할인쿠폰_봄_v1,64648,1518,395705,133,52,3624741,1372,115,38,3321047,CRS,할인쿠폰,봄,N,v1,False,False,8.392734486549303,3440.91304344834,0.023481004826135018,0.07575757575752586,260.6752305663632,6120.916346986664
2025-03-26,google,외부,GGL_CMP_03_첫구매,첫구매,유사타겟,VID_적립혜택_봄_A_v1,65291,2035,338761,195,90,5860031,1925,148,64,5327044,VID,적립혜택,봄,A,v1,False,False,15.725080513990644,2288.9256756602103,0.031168154875862965,0.07272727272723699,166.46732186724006,5188.4792697308185
2025-03-26,google,외부,GGL_CMP_03_첫구매,첫구매,유사타겟,IMG_적립혜택_봄_B_v1,57729,1301,278919,141,44,2175611,1161,100,32,1832267,IMG,적립혜택,봄,B,v1,False,False,6.56917241206226,2789.189999972108,0.022536333558523056,0.0768639508070124,214.38816295141092,4831.5231512757055
2025-03-26,google,외부,GGL_CMP_03_첫구매,첫구매,유사타겟,CRS_할인쿠폰_봄_v1,45369,1262,210576,130,63,3238826,1170,105,47,2789374,CRS,할인쿠폰,봄,N,v1,False,False,13.246400349517451,2005.4857142666144,0.02781635037139836,0.08320126782877718,166.85895404107222,4641.407128215199
2025-03-26,meta,외부,META_CMP_01_신규유저,신규유저,논타겟,VID_플러스멤버십_봄_A_v1,54028,1036,220463,68,13,653682,1007,52,8,479558,VID,플러스멤버십,봄,A,v1,False,False,2.175231217936787,4239.6730768415455,0.019175242466868678,0.05019305019300174,212.80212355191816,4080.532316576515
2025-03-26,meta,외부,META_CMP_01_신규유저,신규유저,논타겟,IMG_적립혜택_봄_B_v1,35381,704,172710,38,7,322361,662,33,5,263654,IMG,적립혜택,봄,B,v1,False,False,1.5265705517920125,5233.636363477769,0.019897685198269698,0.046874999999933414,245.32670454510608,4881.433537774374
2025-03-26,meta,외부,META_CMP_01_신규유저,신규유저,논타겟,CRS_플러스멤버십_봄_v1,53605,628,243996,54,14,565778,585,44,9,416886,CRS,플러스멤버십,봄,N,v1,False,False,1.7085771897899897,5545.3636362376055,0.011715325062960327,0.07006369426740436,388.5286624197635,4551.739576531955
2025-03-26,meta,외부,META_CMP_02_룩얼라이크,룩얼라이크,유사타겟,VID_플러스멤버십_봄_A_v1,30990,655,131529,54,15,846042,586,48,12,740931,VID,플러스멤버십,봄,A,v1,False,False,5.633213968022219,2740.187499942913,0.021135850274281345,0.07328244274797972,200.8076335874797,4244.2400774442
2025-03-26,meta,외부,META_CMP_02_룩얼라이크,룩얼라이크,유사타겟,IMG_할인쿠폰_봄_B_v1,50860,816,182769,74,13,549504,773,67,10,483046,IMG,할인쿠폰,봄,B,v1,False,False,2.642931788213523,2727.8955223473445,0.01604404246952387,0.08210784313715427,223.98161764678434,3593.570585922069
2025-03-26,meta,외부,META_CMP_02_룩얼라이크,룩얼라이크,유사타겟,CRS_특가_봄_v1,41950,898,145909,61,18,780124,878,44,12,649342,CRS,특가,봄,N,v1,False,False,4.450321775901388,3316.1136362882703,0.021406436233610934,0.04899777282845323,162.48218262788143,3478.164481525543
2025-03-26,meta,외부,META_CMP_03_재구매,재구매,VIP,IMG_배송혜택_봄_A_v1,11864,356,40936,19,11,880191,329,14,9,638682,IMG,배송혜택,봄,A,v1,False,False,15.601964041430145,2923.9999997911427,0.030006743088331927,0.03932584269651875,114.98876404462082,3450.4383007414485
2025-03-26,meta,외부,META_CMP_03_재구매,재구매,VIP,VID_적립혜택_봄_B_v1,14974,357,63128,14,7,446372,347,12,5,407410,VID,적립혜택,봄,B,v1,False,False,6.453713090862907,5260.666666228278,0.023841324963268073,0.033613445378057105,176.82913165216576,4215.840790703604
2025-03-26,meta,외부,META_CMP_03_재구매,재구매,VIP,CRS_신상품_봄_v1,9795,229,37923,14,4,226765,196,11,3,166255,CRS,신상품,봄,N,v1,False,False,4.384014977717892,3447.5454542320413,0.023379275140375355,0.04803493449760684,165.6026200866131,3871.6692189888845
2025-03-26,meta,외부,META_CMP_03_재구매,재구매,윈백,IMG_배송혜택_봄_A_v1,22693,521,93237,34,13,1030624,461,28,10,940031,IMG,배송혜택,봄,A,v1,False,False,10.082166950888487,3329.8928570239323,0.022958621601373862,0.0537428023031598,178.95777351213252,4108.623804697302
2025-03-26,meta,외부,META_CMP_03_재구매,재구매,윈백,VID_적립혜택_봄_B_v1,14835,381,73837,18,9,684721,336,15,6,511650,VID,적립혜택,봄,B,v1,False,False,6.929452713409172,4922.466666338502,0.02568250758341586,0.039370078740054146,193.79790026195855,4977.216043140884
2025-03-26,meta,외부,META_CMP_03_재구매,재구매,윈백,CRS_신상품_봄_v1,15246,327,73530,21,9,603317,280,17,6,449839,CRS,신상품,봄,N,v1,False,False,6.117761457908253,4325.29411739263,0.021448248720974585,0.051987767583938874,224.86238532041327,4822.904368358597
2025-03-26,naver,자체,NVR_CMP_01_브랜드KW,브랜드KW,논타겟,TXT_플러스멤버십_봄_A_v1,8115,986,71287,246,100,7913763,935,226,83,5910470,TXT,플러스멤버십,봄,A,v1,False,False,82.91090942247418,315.4292035384273,0.12150338878618341,0.2292089249490576,72.29918864090031,8784.596426369833
2025-03-26,naver,자체,NVR_CMP_02_일반KW,일반KW,논타겟,TXT_할인쿠폰_봄_A_v1,10574,1092,81995,207,88,4720740,940,162,74,4103561,TXT,할인쿠폰,봄,A,v1,False,False,50.04647844380693,506.1419753055177,0.103272177038008,0.1483516483515125,75.08699633692758,7754.397578966545
2025-03-26,naver,자체,NVR_CMP_02_일반KW,일반KW,논타겟,TXT_플러스멤버십_봄_B_v1,14873,1276,131287,251,99,7105699,1234,221,78,5826569,TXT,플러스멤버십,봄,B,v1,False,False,44.38039562180533,594.0588235267237,0.08579304780474109,0.17319749216287367,102.88949843252125,8827.203657634045
2025-03-26,naver,자체,NVR_CMP_03_재구매,재구매,VIP,IMG_배송혜택_봄_A_v1,5198,280,34325,26,17,1236889,266,21,11,1142764,IMG,배송혜택,봄,A,v1,False,False,33.292469045883955,1634.523809445975,0.05386687187378725,0.07499999999973214,122.5892857138479,6603.501346670526
2025-03-26,naver,자체,NVR_CMP_03_재구매,재구매,VIP,VID_적립혜택_봄_B_v1,4503,256,37982,19,11,991345,218,14,8,780196,VID,적립혜택,봄,B,v1,False,False,20.541203728081182,2712.9999998062144,0.056850988230056215,0.05468749999978638,148.36718749942045,8434.821230289042
2025-03-26,naver,자체,NVR_CMP_03_재구매,재구매,VIP,CRS_신상품_봄_v1,6175,341,49594,39,29,3008514,326,29,20,2517101,CRS,신상품,봄,N,v1,False,False,50.75414364640782,1710.1379309755125,0.05522267206476838,0.08504398826954533,145.43695014620107,8031.417004047281
2025-03-26,naver,자체,NVR_CMP_03_재구매,재구매,윈백,IMG_배송혜택_봄_A_v1,10002,584,95202,61,49,4950542,499,51,41,3926005,IMG,배송혜택,봄,A,v1,False,False,41.23868196046258,1866.7058823163393,0.05838832233552705,0.08732876712313814,163.0171232873921,9518.2963407309
2025-03-26,naver,자체,NVR_CMP_03_재구매,재구매,윈백,VID_적립혜택_봄_B_v1,8916,464,66519,36,26,2671183,426,27,21,2327298,VID,적립혜택,봄,B,v1,False,False,34.986966129977375,2463.6666665754196,0.05204127411394661,0.058189655172288385,143.3599137927945,7460.632570658651
2025-03-26,naver,자체,NVR_CMP_03_재구매,재구매,윈백,CRS_신상품_봄_v1,6478,470,58608,47,38,3601076,426,39,28,2616290,CRS,신상품,봄,N,v1,False,False,44.640492765492006,1502.7692307306984,0.0725532571781302,0.08297872340407877,124.69787234016022,9047.236801480542
2025-03-27,google,외부,GGL_CMP_01_플러스가입,플러스가입,논타겟,VID_플러스멤버십_봄_A_v1,52049,1445,326054,209,39,2763962,1367,190,27,2196173,VID,플러스멤버십,봄,A,v1,False,False,6.735611279113256,1716.0736842014944,0.027762300908758523,0.1314878892732654,225.6429065742383,6264.366270245226
2025-03-27,google,외부,GGL_CMP_01_플러스가입,플러스가입,논타겟,IMG_플러스멤버십_봄_B_v1,53635,1613,257931,209,51,3201124,1444,161,37,2519662,IMG,플러스멤버십,봄,B,v1,False,False,9.76874435411017,1602.0559006111675,0.03007364594015046,0.09981401115926856,159.90762554236832,4809.005313694326
2025-03-27,google,외부,GGL_CMP_01_플러스가입,플러스가입,논타겟,CRS_플러스멤버십_봄_v1,47819,1519,214192,205,69,4379821,1424,164,57,3616420,CRS,플러스멤버십,봄,N,v1,False,False,16.884010607305516,1306.0487804798413,0.0317656161776693,0.10796576695187099,141.00855826192165,4479.223739517672
2025-03-27,google,외부,GGL_CMP_01_플러스가입,플러스가입,논타겟,IMG_적립혜택_봄_v2,55845,1970,317937,282,82,5631835,1709,257,57,5148892,IMG,적립혜택,봄,N,v2,False,False,16.19469265923747,1237.1089494115288,0.035276210940996776,0.13045685279181196,161.38934010144092,5693.204405049589
2025-03-27,google,외부,GGL_CMP_01_플러스가입,플러스가입,유사타겟,VID_플러스멤버십_봄_A_v1,62928,1684,296243,216,73,3255490,1596,165,61,2390476,VID,플러스멤버십,봄,A,v1,False,False,8.069307966770497,1795.41212120124,0.02676074243579922,0.0979809976246449,175.91627078374353,4707.6500127128675
2025-03-27,google,외부,GGL_CMP_01_플러스가입,플러스가입,유사타겟,IMG_플러스멤버십_봄_B_v1,42618,942,225260,122,30,1725719,885,109,22,1584120,IMG,플러스멤버십,봄,B,v1,False,False,7.0324069963597315,2066.605504568196,0.022103336618329767,0.11571125265380498,239.12951167702852,5285.560091979791
2025-03-27,google,외부,GGL_CMP_01_플러스가입,플러스가입,유사타겟,CRS_플러스멤버십_봄_v1,39258,1205,199563,134,35,2042248,1064,101,31,1524492,CRS,플러스멤버십,봄,N,v1,False,False,7.639151546128253,1975.8712871091498,0.030694380763155775,0.08381742738582255,165.61244813264264,5083.371542105939
2025-03-27,google,외부,GGL_CMP_01_플러스가입,플러스가입,유사타겟,IMG_적립혜택_봄_v2,48147,1581,313659,136,31,1831693,1440,98,21,1364004,IMG,적립혜택,봄,N,v2,False,False,4.348684399299863,3200.6020407836672,0.03283693688080186,0.06198608475644403,198.39278937368854,6514.61150227415
2025-03-27,google,외부,GGL_CMP_02_리타겟팅,리타겟팅,리마케팅,VID_할인쿠폰_봄_A_v1,32271,1318,158388,113,49,2219340,1169,86,41,1611509,VID,할인쿠폰,봄,A,v1,False,False,10.174438720104995,1841.7209302111428,0.040841622509372476,0.06525037936262121,120.17298937775405,4908.0598679927825
2025-03-27,google,외부,GGL_CMP_02_리타겟팅,리타겟팅,리마케팅,IMG_할인쿠폰_봄_B_v1,27936,865,146040,89,40,2851065,833,75,29,2538502,IMG,할인쿠폰,봄,B,v1,False,False,17.38223774308397,1947.1999999740372,0.030963631156929017,0.08670520231203849,168.83236994200135,5227.663230240362
2025-03-27,google,외부,GGL_CMP_02_리타겟팅,리타겟팅,리마케팅,CRS_특가_봄_v1,36550,1474,212209,116,61,3065764,1441,101,47,2590289,CRS,특가,봄,N,v1,False,False,12.206310759675546,2101.0792078999893,0.04032831737345991,0.06852103120755189,143.96811397547899,5805.991792065505
2025-03-27,google,외부,GGL_CMP_03_첫구매,첫구매,논타겟,VID_적립혜택_봄_A_v1,62942,1982,356347,152,71,3781852,1805,115,56,2806547,VID,적립혜택,봄,A,v1,False,False,7.875882215929956,3098.669565190446,0.03148930761653536,0.05802219979815438,179.79162462150364,5661.5137745860375
2025-03-27,google,외부,GGL_CMP_03_첫구매,첫구매,논타겟,IMG_적립혜택_봄_B_v1,69351,1413,319371,121,60,3348785,1246,106,52,2895899,IMG,적립혜택,봄,B,v1,False,False,9.067507694812589,3012.933962235727,0.02037461608340153,0.07501769285203466,226.02335456459588,4605.139075139441
2025-03-27,google,외부,GGL_CMP_03_첫구매,첫구매,논타겟,CRS_할인쿠폰_봄_v1,65414,1239,401100,89,31,1576051,1184,63,22,1214862,CRS,할인쿠폰,봄,N,v1,False,False,3.02882572924457,6366.6666665656085,0.018940899501635446,0.050847457627077604,323.72881355906077,6131.714923410797
2025-03-27,google,외부,GGL_CMP_03_첫구매,첫구매,유사타겟,VID_적립혜택_봄_A_v1,63544,1370,381483,97,46,3348039,1248,68,39,3090827,VID,적립혜택,봄,A,v1,False,False,8.10213561285822,5610.044117564558,0.02155986403122212,0.049635036496314136,278.4547445253442,6003.446430819495
2025-03-27,google,외부,GGL_CMP_03_첫구매,첫구매,유사타겟,IMG_적립혜택_봄_B_v1,61231,1264,288016,85,36,1911016,1094,74,26,1631563,IMG,적립혜택,봄,B,v1,False,False,5.6648345925226185,3892.108108055512,0.020643138279629263,0.05854430379742204,227.8607594934906,4703.761166729195
2025-03-27,google,외부,GGL_CMP_03_첫구매,첫구매,유사타겟,CRS_할인쿠폰_봄_v1,42246,1269,269621,123,34,1657510,1095,106,27,1264381,CRS,할인쿠폰,봄,N,v1,False,False,4.68947522633621,2543.594339598645,0.030038346825734273,0.08353033884942196,212.46729708415094,6382.166358945075
2025-03-27,meta,외부,META_CMP_01_신규유저,신규유저,논타겟,VID_플러스멤버십_봄_A_v1,49158,729,175791,38,9,382652,680,30,7,328061,VID,플러스멤버십,봄,A,v1,False,False,1.8661990659362433,5859.699999804677,0.014829732698644885,0.04115226337442915,241.1399176951425,3576.0405223970956
2025-03-27,meta,외부,META_CMP_01_신규유저,신규유저,논타겟,IMG_적립혜택_봄_B_v1,53245,991,211601,56,10,395828,942,40,8,294029,IMG,적립혜택,봄,B,v1,False,False,1.3895444728522013,5290.02499986775,0.01861207625129085,0.04036326942478268,213.522704338836,3974.1008545402583
2025-03-27,meta,외부,META_CMP_01_신규유저,신규유저,논타겟,CRS_플러스멤버십_봄_v1,46672,832,205524,65,12,638735,751,55,9,574040,CRS,플러스멤버십,봄,N,v1,False,False,2.793055798836132,3736.799999932058,0.017826534110387003,0.06610576923068978,247.02403846124156,4403.582447720167
2025-03-27,meta,외부,META_CMP_02_룩얼라이크,룩얼라이크,유사타겟,VID_플러스멤버십_봄_A_v1,37702,560,175019,55,12,740513,505,40,9,590511,VID,플러스멤버십,봄,A,v1,False,False,3.3739822533553308,4375.474999890614,0.01485332343111732,0.07142857142844387,312.5339285708705,4642.167524269147
2025-03-27,meta,외부,META_CMP_02_룩얼라이크,룩얼라이크,유사타겟,IMG_할인쿠폰_봄_B_v1,42853,664,188049,60,16,985915,580,44,11,824800,IMG,할인쿠폰,봄,B,v1,False,False,4.386090859297288,4273.840908993777,0.015494831167012451,0.06626506024086407,283.2063253007783,4388.234195972175
2025-03-27,meta,외부,META_CMP_02_룩얼라이크,룩얼라이크,유사타겟,CRS_특가_봄_v1,44347,954,187090,81,25,1402085,888,72,17,1161982,CRS,특가,봄,N,v1,False,False,6.210818322732342,2598.472222186132,0.021512165422688762,0.07547169811312844,196.11111111090554,4218.774663449518
2025-03-27,meta,외부,META_CMP_03_재구매,재구매,VIP,IMG_배송혜택_봄_A_v1,11360,333,47633,13,6,456755,286,11,5,407639,IMG,배송혜택,봄,A,v1,False,False,8.557911531920968,4330.272726879066,0.02931338028168756,0.03303303303293383,143.0420420416125,4193.045774647519
2025-03-27,meta,외부,META_CMP_03_재구매,재구매,VIP,VID_적립혜택_봄_B_v1,14930,320,69939,21,13,855310,283,17,10,702473,VID,적립혜택,봄,B,v1,False,False,10.044081270821572,4114.058823287408,0.021433355659744042,0.053124999999833986,218.55937499931701,4684.460817146371
2025-03-27,meta,외부,META_CMP_03_재구매,재구매,VIP,CRS_신상품_봄_v1,10976,319,47307,15,7,384298,288,13,4,277397,CRS,신상품,봄,N,v1,False,False,5.863762233918747,3638.999999720077,0.029063411078714553,0.040752351097050936,148.29780564216836,4310.040087463164
2025-03-27,meta,외부,META_CMP_03_재구매,재구매,윈백,IMG_배송혜택_봄_A_v1,21860,626,107381,32,16,927847,592,25,13,824381,IMG,배송혜택,봄,A,v1,False,False,7.677158901481568,4295.239999828191,0.028636779505945623,0.03993610223635793,171.53514376969403,4912.214089661257
2025-03-27,meta,외부,META_CMP_03_재구매,재구매,윈백,VID_적립혜택_봄_B_v1,20960,518,98073,34,17,1429834,498,28,12,1204477,VID,적립혜택,봄,B,v1,False,False,12.281433218112912,3502.60714273205,0.024713740458014086,0.0540540540539497,189.33011582975033,4679.055343511228
2025-03-27,meta,외부,META_CMP_03_재구매,재구매,윈백,CRS_신상품_봄_v1,16460,274,78712,10,3,197614,261,7,2,160336,CRS,신상품,봄,N,v1,False,False,2.0369956296371323,11244.571426965062,0.016646415552854395,0.025547445255381215,287.2700729916523,4782.017010935311
2025-03-27,naver,자체,NVR_CMP_01_브랜드KW,브랜드KW,논타겟,TXT_플러스멤버십_봄_A_v1,6799,881,55991,273,173,14242440,765,229,127,10347520,TXT,플러스멤버십,봄,A,v1,False,False,184.80684395706123,244.50218340504586,0.12957787909984855,0.25993189557291724,63.55391600446816,8235.181644358252
2025-03-27,naver,자체,NVR_CMP_02_일반KW,일반KW,논타겟,TXT_할인쿠폰_봄_A_v1,13081,994,89414,170,80,4226299,906,126,66,3729746,TXT,할인쿠폰,봄,A,v1,False,False,41.71322164314267,709.6349206292886,0.07598807430623988,0.12676056338015418,89.95372233391353,6835.4101368391675
2025-03-27,naver,자체,NVR_CMP_02_일반KW,일반KW,논타겟,TXT_플러스멤버십_봄_B_v1,10465,782,88713,102,43,3055961,724,76,35,2526632,TXT,플러스멤버십,봄,B,v1,False,False,28.480966712882797,1167.2763157741147,0.07472527472526758,0.09718670076713914,113.4437340152002,8477.114190156857
2025-03-27,naver,자체,NVR_CMP_03_재구매,재구매,VIP,IMG_배송혜택_봄_A_v1,5500,408,51706,38,27,2056853,395,30,23,1696633,IMG,배송혜택,봄,A,v1,False,False,32.81307778594297,1723.5333332758821,0.07418181818180469,0.07352941176452567,126.73039215655213,9401.090909089198
2025-03-27,naver,자체,NVR_CMP_03_재구매,재구매,VIP,VID_적립혜택_봄_B_v1,6729,410,58696,35,28,2678904,388,27,22,2402901,VID,적립혜택,봄,B,v1,False,False,40.9380707373579,2173.9259258454103,0.0609303016792895,0.06585365853642475,143.16097560940693,8722.841432603846
2025-03-27,naver,자체,NVR_CMP_03_재구매,재구매,VIP,CRS_신상품_봄_v1,6155,441,42805,48,38,3451794,424,40,33,3065932,CRS,신상품,봄,N,v1,False,False,71.62555776194203,1070.124999973247,0.07164906580015082,0.09070294784559932,97.06349206327197,6954.50852964956
2025-03-27,naver,자체,NVR_CMP_03_재구매,재구매,윈백,IMG_배송혜택_봄_A_v1,8673,387,61851,44,38,3100264,330,32,33,2488795,IMG,배송혜택,봄,A,v1,False,False,40.238557177732936,1932.8437499395989,0.044621238325833666,0.08268733850107833,159.8217054259436,7131.44240747064
2025-03-27,naver,자체,NVR_CMP_03_재구매,재구매,윈백,VID_적립혜택_봄_B_v1,9894,450,75589,42,36,2922662,384,35,32,2275042,VID,적립혜택,봄,B,v1,False,False,30.097527418010156,2159.685714224009,0.04548211036991657,0.07777777777760495,167.97555555518227,7639.88275722583
2025-03-27,naver,자체,NVR_CMP_03_재구매,재구매,윈백,CRS_신상품_봄_v1,11284,595,85454,42,30,2384490,511,30,20,1720112,CRS,신상품,봄,N,v1,False,False,20.12909869637442,2848.4666665717177,0.05272952853597548,0.050420168067142154,143.6201680669855,7573.023750442434
2025-03-28,google,외부,GGL_CMP_01_플러스가입,플러스가입,논타겟,VID_플러스멤버십_봄_A_v1,42983,1444,201537,191,41,2341623,1349,162,30,1861277,VID,플러스멤버십,봄,A,v1,False,False,9.235410867483345,1244.0555555478763,0.033594676965311085,0.11218836565089184,139.56855955669005,4688.760672824032
2025-03-28,google,외부,GGL_CMP_01_플러스가입,플러스가입,논타겟,IMG_플러스멤버십_봄_B_v1,64673,2239,423612,332,86,5986412,2025,267,63,4569538,IMG,플러스멤버십,봄,B,v1,False,False,10.7870834631691,1586.561797746867,0.034620320690241145,0.11924966502897756,189.19696292979492,6550.0595302520915
2025-03-28,google,외부,GGL_CMP_01_플러스가입,플러스가입,논타겟,CRS_플러스멤버십_봄_v1,45436,1398,221612,188,60,4281386,1271,161,42,3478616,CRS,플러스멤버십,봄,N,v1,False,False,15.696875620453696,1376.4720496808916,0.030768553569855826,0.11516452074383751,158.52074391977217,4877.454001232396
2025-03-28,google,외부,GGL_CMP_01_플러스가입,플러스가입,논타겟,IMG_적립혜택_봄_v2,70291,2058,428313,252,50,3517960,1781,177,38,2894720,IMG,적립혜택,봄,N,v2,False,False,6.758421995129714,2419.847457613447,0.029278285982557804,0.0860058309037483,208.1209912535432,6093.42590089761
2025-03-28,google,외부,GGL_CMP_01_플러스가입,플러스가입,유사타겟,VID_플러스멤버십_봄_A_v1,63467,1292,306302,162,37,2642113,1185,147,29,2339148,VID,플러스멤버십,봄,A,v1,False,False,7.636737598840336,2083.6870748157576,0.02035703593993697,0.11377708978319367,237.07585139300537,4826.161627302302
2025-03-28,google,외부,GGL_CMP_01_플러스가입,플러스가입,유사타겟,IMG_플러스멤버십_봄_B_v1,70551,2436,363704,349,69,4748690,2221,252,47,3600068,IMG,플러스멤버십,봄,B,v1,False,False,9.898345907661149,1443.2698412641141,0.034528213632690756,0.1034482758620265,149.30377668302575,5155.192697481181
2025-03-28,google,외부,GGL_CMP_01_플러스가입,플러스가입,유사타겟,CRS_플러스멤버십_봄_v1,56990,1623,258967,184,35,2319528,1588,130,28,2079856,CRS,플러스멤버십,봄,N,v1,False,False,8.03135534643407,1992.0538461385229,0.028478680470257443,0.08009858287117677,159.56069008000028,4544.077908404904
2025-03-28,google,외부,GGL_CMP_01_플러스가입,플러스가입,유사타겟,IMG_적립혜택_봄_v2,53913,1793,344506,160,33,1884273,1568,145,29,1650314,IMG,적립혜택,봄,N,v2,False,False,4.790378106622222,2375.9034482594766,0.03325728488490655,0.08087005019515847,192.13943112091906,6390.035798415848
2025-03-28,google,외부,GGL_CMP_02_리타겟팅,리타겟팅,리마케팅,VID_할인쿠폰_봄_A_v1,33340,853,218482,73,36,2247143,835,60,31,1946726,VID,할인쿠폰,봄,A,v1,False,False,8.910235168114495,3641.3666666059776,0.025584883023394556,0.07033997655325869,256.13364595515105,6553.14937012578
2025-03-28,google,외부,GGL_CMP_02_리타겟팅,리타겟팅,리마케팅,IMG_할인쿠폰_봄_B_v1,33504,1110,200207,83,27,1299926,947,70,21,1173828,IMG,할인쿠폰,봄,B,v1,False,False,5.863071720768975,2860.0999999591413,0.03313037249283569,0.06306306306300626,180.3666666665042,5975.614851957797
2025-03-28,google,외부,GGL_CMP_02_리타겟팅,리타겟팅,리마케팅,CRS_특가_봄_v1,41786,1130,237577,140,54,2643281,1048,117,40,2132706,CRS,특가,봄,N,v1,False,False,8.976904329964563,2030.5726495552942,0.027042550136408678,0.10353982300875793,210.24513274317678,5685.564543148287
2025-03-28,google,외부,GGL_CMP_03_첫구매,첫구매,논타겟,VID_적립혜택_봄_A_v1,39747,835,181479,67,28,2015661,777,57,24,1499948,VID,적립혜택,봄,A,v1,False,False,8.265132604874347,3183.8421052073013,0.021007874808161096,0.06826347305381046,217.34011976021876,4565.854026718883
2025-03-28,google,외부,GGL_CMP_03_첫구매,첫구매,논타겟,IMG_적립혜택_봄_B_v1,50405,1479,225060,106,29,2224659,1358,75,22,1603167,IMG,적립혜택,봄,B,v1,False,False,7.12328712343372,3000.7999999599892,0.02934232715008374,0.05070993914803874,152.17038539543464,4465.033230830186
2025-03-28,google,외부,GGL_CMP_03_첫구매,첫구매,논타겟,CRS_할인쿠폰_봄_v1,58465,1846,317037,117,58,4095433,1598,87,39,3330313,CRS,할인쿠폰,봄,N,v1,False,False,10.50449316641272,3644.1034482339755,0.03157444624989256,0.04712892741059202,171.74268689048117,5422.680236038564
2025-03-28,google,외부,GGL_CMP_03_첫구매,첫구매,유사타겟,VID_적립혜택_봄_A_v1,59134,1410,344703,128,58,3376608,1323,99,52,2847889,VID,적립혜택,봄,A,v1,False,False,8.261863111142032,3481.8484848133144,0.023844150573273857,0.07021276595739702,244.47021276578405,5829.184563871786
2025-03-28,google,외부,GGL_CMP_03_첫구매,첫구매,유사타겟,IMG_적립혜택_봄_B_v1,57476,1089,295287,86,40,2465663,1053,67,32,2125900,IMG,적립혜택,봄,B,v1,False,False,7.1994364804410385,4407.268656650637,0.018947038764005518,0.06152433425155048,271.1542699722028,5137.570464193662
2025-03-28,google,외부,GGL_CMP_03_첫구매,첫구매,유사타겟,CRS_할인쿠폰_봄_v1,42721,861,228316,70,27,1408763,817,51,20,1300578,CRS,할인쿠폰,봄,N,v1,False,False,5.696394470821118,4476.7843136377105,0.02015402261182978,0.05923344947728312,265.1753774677524,5344.350553591786
2025-03-28,meta,외부,META_CMP_01_신규유저,신규유저,논타겟,VID_플러스멤버십_봄_A_v1,35094,586,163044,36,5,291205,517,28,3,263283,VID,플러스멤버십,봄,A,v1,False,False,1.6147972326488458,5822.999999792036,0.0166980110560205,0.04778156996578877,278.232081910788,4645.922379893867
2025-03-28,meta,외부,META_CMP_01_신규유저,신규유저,논타겟,IMG_적립혜택_봄_B_v1,35971,475,138744,40,10,570969,410,34,8,496812,IMG,적립혜택,봄,B,v1,False,False,3.5807818716484783,4080.705882232921,0.013205081871507237,0.07157894736827036,292.09263157833243,3857.1071140640006
2025-03-28,meta,외부,META_CMP_01_신규유저,신규유저,논타겟,CRS_플러스멤버십_봄_v1,51743,812,258060,54,15,738632,782,42,11,661171,CRS,플러스멤버십,봄,N,v1,False,False,2.5620824614430653,6144.285714139422,0.01569294397309751,0.05172413793097078,317.80788177300764,4987.341282878748
2025-03-28,meta,외부,META_CMP_02_룩얼라이크,룩얼라이크,유사타겟,VID_플러스멤버십_봄_A_v1,52987,1181,262329,92,22,1172473,1150,66,16,1043875,VID,플러스멤버십,봄,A,v1,False,False,3.9792588695874116,3974.6818181215954,0.022288485855020624,0.05588484335304328,222.12447078728016,4950.818125200428
2025-03-28,meta,외부,META_CMP_02_룩얼라이크,룩얼라이크,유사타겟,IMG_할인쿠폰_봄_B_v1,40406,788,202176,53,10,491423,693,43,7,445957,IMG,할인쿠폰,봄,B,v1,False,False,2.205786047799926,4701.767441751122,0.019502054150373226,0.05456852791871248,256.56852791845614,5003.613324753626
2025-03-28,meta,외부,META_CMP_02_룩얼라이크,룩얼라이크,유사타겟,CRS_특가_봄_v1,34858,617,121367,37,9,535423,533,31,6,460837,CRS,특가,봄,N,v1,False,False,3.797053564807536,3915.0645160027398,0.01770038441677613,0.050243111831361036,196.70502431086433,3481.7545470192363
2025-03-28,meta,외부,META_CMP_03_재구매,재구매,VIP,IMG_배송혜택_봄_A_v1,12762,235,62045,16,10,684949,200,12,7,562561,IMG,배송혜택,봄,A,v1,False,False,9.066983640905649,5170.416666235798,0.01841404168625463,0.051063829787016755,264.0212765946212,4861.698793292207
2025-03-28,meta,외부,META_CMP_03_재구매,재구매,VIP,VID_적립혜택_봄_B_v1,13274,289,46123,16,7,468968,267,14,6,426564,VID,적립혜택,봄,B,v1,False,False,9.248401014677944,3294.4999997646787,0.02177188488774885,0.04844290657422684,159.59515570879034,3474.6873587461596
2025-03-28,meta,외부,META_CMP_03_재구매,재구매,VIP,CRS_신상품_봄_v1,9875,168,49285,10,6,457275,163,7,5,421799,CRS,신상품,봄,N,v1,False,False,8.55836461397974,7040.71428470847,0.017012658227846377,0.041666666666418654,293.36309523634907,4990.886075948861
2025-03-28,meta,외부,META_CMP_03_재구매,재구매,윈백,IMG_배송혜택_봄_A_v1,24481,441,97235,30,19,1652822,383,22,13,1460912,IMG,배송혜택,봄,A,v1,False,False,15.024548773589602,4419.772727071829,0.018013970017563906,0.04988662131507962,220.48752834417124,3971.855724847679
2025-03-28,meta,외부,META_CMP_03_재구매,재구매,윈백,VID_적립혜택_봄_B_v1,20468,480,88583,31,11,677893,452,22,9,542272,VID,적립혜택,봄,B,v1,False,False,6.121626045629453,4026.4999998169774,0.023451240961499732,0.04583333333323785,184.5479166662822,4327.877662692773
2025-03-28,meta,외부,META_CMP_03_재구매,재구매,윈백,CRS_신상품_봄_v1,14787,354,67669,13,7,591968,338,9,5,431957,CRS,신상품,봄,N,v1,False,False,6.383380868639903,7518.777776942358,0.023939947250962063,0.025423728813487503,191.15536723109844,4576.249408263706
2025-03-28,naver,자체,NVR_CMP_01_브랜드KW,브랜드KW,논타겟,TXT_플러스멤버십_봄_A_v1,11450,1110,106325,229,143,12559092,1062,180,117,9372248,TXT,플러스멤버십,봄,A,v1,False,False,88.14717140841675,590.6944444411629,0.09694323144103957,0.16216216216201607,95.788288288202,9286.02620087255
2025-03-28,naver,자체,NVR_CMP_02_일반KW,일반KW,논타겟,TXT_할인쿠폰_봄_A_v1,12717,989,119487,132,62,4232366,951,117,53,3772888,TXT,할인쿠폰,봄,A,v1,False,False,31.575719534342383,1021.2564102476815,0.07776991428795488,0.11830131445892993,120.81597573294154,9395.848077376
2025-03-28,naver,자체,NVR_CMP_02_일반KW,일반KW,논타겟,TXT_플러스멤버십_봄_B_v1,9028,730,59036,82,31,2439634,629,62,22,2203220,TXT,플러스멤버십,봄,B,v1,False,False,37.31994037536356,952.1935483717389,0.08085954807265387,0.08493150684919873,80.87123287660155,6539.211342489306
2025-03-28,naver,자체,NVR_CMP_03_재구매,재구매,VIP,IMG_배송혜택_봄_A_v1,3881,165,28288,16,12,1177256,161,14,8,943428,IMG,배송혜택,봄,A,v1,False,False,33.35082013574543,2020.571428427102,0.042514815769120716,0.08484848484797063,171.4424242413852,7288.843081678102
2025-03-28,naver,자체,NVR_CMP_03_재구매,재구매,VIP,VID_적립혜택_봄_B_v1,5198,333,43862,38,24,2191249,313,30,20,1994857,VID,적립혜택,봄,B,v1,False,False,45.4803018558195,1462.066666617931,0.06406310119275412,0.09009009008981955,131.71771771732216,8438.245479028772
2025-03-28,naver,자체,NVR_CMP_03_재구매,재구매,VIP,CRS_신상품_봄_v1,6670,438,59763,50,40,3220222,393,40,30,2672590,CRS,신상품,봄,N,v1,False,False,44.719809915833466,1494.0749999626482,0.06566716641678176,0.0913242009130335,136.44520547914053,8959.97001499116
2025-03-28,naver,자체,NVR_CMP_03_재구매,재구매,윈백,IMG_배송혜택_봄_A_v1,7868,471,62931,33,18,1645132,454,27,13,1435240,IMG,배송혜택,봄,A,v1,False,False,22.806565921405625,2330.7777776914527,0.05986273512963143,0.0573248407642095,133.61146496786918,7998.347737670564
2025-03-28,naver,자체,NVR_CMP_03_재구매,재구매,윈백,VID_적립혜택_봄_B_v1,9563,559,66501,44,26,2450832,481,32,18,1877211,VID,적립혜택,봄,B,v1,False,False,28.228312356204743,2078.156249935058,0.05845445989751558,0.05724508050079205,118.96422182447412,6953.989333890311
2025-03-28,naver,자체,NVR_CMP_03_재구매,재구매,윈백,CRS_신상품_봄_v1,10995,772,88810,89,77,5756828,712,62,60,5138902,CRS,신상품,봄,N,v1,False,False,57.86400180159826,1432.4193548156063,0.0702137335152278,0.08031088082891151,115.03886010347793,8077.307867211635
2025-03-29,google,외부,GGL_CMP_01_플러스가입,플러스가입,논타겟,VID_플러스멤버십_봄_A_v1,34112,1202,199760,99,30,2102162,1062,86,23,1921310,VID,플러스멤버십,봄,A,v1,False,False,9.618091710052015,2322.790697647409,0.03523686679174381,0.0715474209649987,166.18968386009468,5856.003752345045
2025-03-29,google,외부,GGL_CMP_01_플러스가입,플러스가입,논타겟,IMG_플러스멤버십_봄_B_v1,40828,1030,253982,103,31,1760122,968,80,23,1421676,IMG,플러스멤버십,봄,B,v1,False,False,5.597546282807421,3174.774999960315,0.025227784853531273,0.07766990291254595,246.58446601917808,6220.779856960757
2025-03-29,google,외부,GGL_CMP_01_플러스가입,플러스가입,논타겟,CRS_플러스멤버십_봄_v1,43455,1001,199282,88,26,1672090,899,74,20,1480219,CRS,플러스멤버십,봄,N,v1,False,False,7.427760660772135,2692.999999963608,0.023035323898285054,0.07392607392600008,199.0829170827182,4585.939477620422
2025-03-29,google,외부,GGL_CMP_01_플러스가입,플러스가입,논타겟,IMG_적립혜택_봄_v2,45392,1210,281072,178,57,3635936,1089,158,44,2918748,IMG,적립혜택,봄,N,v2,False,False,10.384342801844332,1778.9367088495005,0.026656679591116793,0.1305785123965863,232.29090909071712,6192.104335565602
2025-03-29,google,외부,GGL_CMP_01_플러스가입,플러스가입,유사타겟,VID_플러스멤버십_봄_A_v1,42787,912,235341,121,29,1787006,844,92,25,1634360,VID,플러스멤버십,봄,A,v1,False,False,6.944646279228834,2558.054347798282,0.021314885362375927,0.10087719298234553,258.0493421049802,5500.2921448102115
2025-03-29,google,외부,GGL_CMP_01_플러스가입,플러스가입,유사타겟,IMG_플러스멤버십_봄_B_v1,30622,773,154106,97,26,1522392,716,78,23,1245749,IMG,플러스멤버십,봄,B,v1,False,False,8.083715105187286,1975.7179486926188,0.025243289138527032,0.10090556274243091,199.36093143570588,5032.525635164097
2025-03-29,google,외부,GGL_CMP_01_플러스가입,플러스가입,유사타겟,CRS_플러스멤버십_봄_v1,36277,863,172916,96,28,1658588,811,75,22,1401393,CRS,플러스멤버십,봄,N,v1,False,False,8.104472691942862,2305.546666635926,0.023789177715907498,0.08690614136722259,200.36616454206214,4766.5462965514025
2025-03-29,google,외부,GGL_CMP_01_플러스가입,플러스가입,유사타겟,IMG_적립혜택_봄_v2,42146,1356,206969,161,50,2578990,1163,141,35,2081569,IMG,적립혜택,봄,N,v2,False,False,10.057395068826684,1467.86524821654,0.032173871779053,0.10398230088487907,152.63200589959246,4910.762587196771
2025-03-29,google,외부,GGL_CMP_02_리타겟팅,리타겟팅,리마케팅,VID_할인쿠폰_봄_A_v1,31582,907,141561,78,42,2144769,777,56,34,1994556,VID,할인쿠폰,봄,A,v1,False,False,14.089728103079139,2527.8749999548595,0.028718890507250055,0.06174200661514692,156.07607497226454,4482.331707934757
2025-03-29,google,외부,GGL_CMP_02_리타겟팅,리타겟팅,리마케팅,IMG_할인쿠폰_봄_B_v1,29513,871,183150,116,39,1836161,838,87,26,1458397,IMG,할인쿠폰,봄,B,v1,False,False,7.96285558285554,2105.172413768906,0.0295124182563606,0.09988518943731356,210.2755453499308,6205.739843458605
2025-03-29,google,외부,GGL_CMP_02_리타겟팅,리타겟팅,리마케팅,CRS_특가_봄_v1,24776,775,137525,74,25,1299065,674,58,18,1010751,CRS,특가,봄,N,v1,False,False,7.349580076349702,2371.120689614291,0.031280271230221535,0.07483870967732278,177.45161290299683,5550.734581853183
2025-03-29,google,외부,GGL_CMP_03_첫구매,첫구매,논타겟,VID_적립혜택_봄_A_v1,39073,951,193665,83,41,2246242,817,66,33,1874946,VID,적립혜택,봄,A,v1,False,False,9.68138796375179,2934.3181817737222,0.024339057661300022,0.06940063091475353,203.64353312281426,4956.4916950322495
2025-03-29,google,외부,GGL_CMP_03_첫구매,첫구매,논타겟,IMG_적립혜택_봄_B_v1,44966,1094,289399,107,37,2875218,1065,96,28,2599545,IMG,적립혜택,봄,B,v1,False,False,8.982563865113532,3014.572916635265,0.024329493395009023,0.08775137111509346,264.5329067639264,6435.951607881368
2025-03-29,google,외부,GGL_CMP_03_첫구매,첫구매,논타겟,CRS_할인쿠폰_봄_v1,45136,927,282106,94,38,2656024,877,74,27,2171126,CRS,할인쿠폰,봄,N,v1,False,False,7.6961354951684555,3812.2432431917264,0.020537929812122907,0.07982740021566362,304.32146709783785,6250.132931584407
2025-03-29,google,외부,GGL_CMP_03_첫구매,첫구매,유사타겟,VID_적립혜택_봄_A_v1,42088,825,272647,69,19,990102,767,57,13,883832,VID,적립혜택,봄,A,v1,False,False,3.241671465301275,4783.280701670469,0.019601786732559884,0.06909090909082534,330.48121212081156,6478.022239117885
2025-03-29,google,외부,GGL_CMP_03_첫구매,첫구매,유사타겟,IMG_적립혜택_봄_B_v1,47065,914,296207,103,35,2192170,860,75,25,1947433,IMG,적립혜택,봄,B,v1,False,False,6.574567785366293,3949.4266666140074,0.01941995113141359,0.08205689277890366,324.0776805248095,6293.572718580553
2025-03-29,google,외부,GGL_CMP_03_첫구매,첫구매,유사타겟,CRS_할인쿠폰_봄_v1,45804,1170,215382,106,37,1921665,1141,84,28,1611438,CRS,할인쿠폰,봄,N,v1,False,False,7.481767278602635,2564.071428540904,0.025543620644484642,0.07179487179481044,184.08717948702215,4702.253078333667
2025-03-29,meta,외부,META_CMP_01_신규유저,신규유저,논타겟,VID_플러스멤버십_봄_A_v1,37896,756,130425,62,9,462721,734,54,7,392114,VID,플러스멤버십,봄,A,v1,False,False,3.006432815794495,2415.2777777330507,0.019949335022165404,0.07142857142847694,172.51984126961307,3441.6561114628607
2025-03-29,meta,외부,META_CMP_01_신규유저,신규유저,논타겟,IMG_적립혜택_봄_B_v1,23148,439,101894,37,9,505587,420,27,8,412246,IMG,적립혜택,봄,B,v1,False,False,4.0458319429995475,3773.8518517120797,0.018964921375495984,0.06150341685635193,232.10478359856012,4401.848971833229
2025-03-29,meta,외부,META_CMP_01_신규유저,신규유저,논타겟,CRS_플러스멤버십_봄_v1,23956,301,111717,24,5,247622,280,21,4,198187,CRS,플러스멤버십,봄,N,v1,False,False,1.7740093271390944,5319.857142603816,0.012564701953581042,0.06976744186023333,371.15282391903276,4663.424611788083
2025-03-29,meta,외부,META_CMP_02_룩얼라이크,룩얼라이크,유사타겟,VID_플러스멤버십_봄_A_v1,37666,806,172316,58,11,431811,726,46,8,382721,VID,플러스멤버십,봄,A,v1,False,False,2.221041574781203,3745.9999999185657,0.021398608824934388,0.05707196029769594,213.79156327516898,4574.842032602226
2025-03-29,meta,외부,META_CMP_02_룩얼라이크,룩얼라이크,유사타겟,IMG_할인쿠폰_봄_B_v1,33420,776,132100,60,13,727519,698,46,10,537769,IMG,할인쿠폰,봄,B,v1,False,False,4.070923542770598,2871.739130372354,0.023219628964691107,0.05927835051538753,170.23195876266723,3952.722920406824
2025-03-29,meta,외부,META_CMP_02_룩얼라이크,룩얼라이크,유사타겟,CRS_특가_봄_v1,27276,412,121121,28,8,421497,378,21,6,382606,CRS,특가,봄,N,v1,False,False,3.158874183667546,5767.666666392016,0.01510485408417601,0.05097087378628405,293.9830097080243,4440.570464877384
2025-03-29,meta,외부,META_CMP_03_재구매,재구매,VIP,IMG_배송혜택_봄_A_v1,6962,200,29582,9,5,277077,177,6,4,234421,IMG,배송혜택,봄,A,v1,False,False,7.924447299032928,4930.333332511611,0.028727377190458384,0.02999999999985,147.90999999926046,4249.066360240699
2025-03-29,meta,외부,META_CMP_03_재구매,재구매,VIP,VID_적립혜택_봄_B_v1,10796,214,39614,8,4,341410,197,6,2,264814,VID,적립혜택,봄,B,v1,False,False,6.684858888271655,6602.3333322329445,0.019822156354203424,0.02803738317743908,185.1121495318453,3669.3219711000675
2025-03-29,meta,외부,META_CMP_03_재구매,재구매,VIP,CRS_신상품_봄_v1,6637,195,24555,7,3,208460,168,5,2,164473,CRS,신상품,봄,N,v1,False,False,6.698147016900562,4910.9999990178,0.029380744312184813,0.02564102564089415,125.92307692243116,3699.713726080503
2025-03-29,meta,외부,META_CMP_03_재구매,재구매,윈백,IMG_배송혜택_봄_A_v1,17540,518,62742,35,17,1281241,473,27,12,1029535,IMG,배송혜택,봄,A,v1,False,False,16.40902425807248,2323.777777691712,0.029532497149371176,0.0521235521234515,121.12355212331829,3577.0809578105145
2025-03-29,meta,외부,META_CMP_03_재구매,재구매,윈백,VID_적립혜택_봄_B_v1,15160,342,63056,15,6,434935,295,12,4,396190,VID,적립혜택,봄,B,v1,False,False,6.283145140827102,5254.666666228778,0.022559366754615926,0.03508771929814302,184.37426900530886,4159.36675461714
2025-03-29,meta,외부,META_CMP_03_재구매,재구매,윈백,CRS_신상품_봄_v1,14864,265,72201,12,4,318783,250,8,2,260497,CRS,신상품,봄,N,v1,False,False,3.6079417182587,9025.12499887186,0.017828310010763064,0.0301886792451691,272.4566037725568,4857.440796555109
2025-03-29,naver,자체,NVR_CMP_01_브랜드KW,브랜드KW,논타겟,TXT_플러스멤버십_봄_A_v1,4931,521,32647,91,51,3143760,460,80,41,2639415,TXT,플러스멤버십,봄,A,v1,False,False,80.84709161637882,408.0874999948989,0.10565808152502419,0.15355086372331372,62.66218809968779,6620.766578785921
2025-03-29,naver,자체,NVR_CMP_02_일반KW,일반KW,논타겟,TXT_할인쿠폰_봄_A_v1,9090,724,83037,115,47,3621104,662,103,40,2966996,TXT,할인쿠폰,봄,A,v1,False,False,35.73101147681111,806.1844660115904,0.07964796479647088,0.14226519336996926,114.69198895011783,9134.983498348829
2025-03-29,naver,자체,NVR_CMP_02_일반KW,일반KW,논타겟,TXT_플러스멤버십_봄_B_v1,7835,781,64309,146,59,4030517,668,116,41,3410252,TXT,플러스멤버십,봄,B,v1,False,False,53.029156105676456,554.3879310297035,0.09968091895340143,0.14852752880902878,82.34186939810199,8207.91320995428
2025-03-29,naver,자체,NVR_CMP_03_재구매,재구매,VIP,IMG_배송혜택_봄_A_v1,3194,180,26569,17,13,1080475,168,12,9,818956,IMG,배송혜택,봄,A,v1,False,False,30.823741954908698,2214.0833331488266,0.05635566687537372,0.0666666666662963,147.60555555473553,8318.409517843356
2025-03-29,naver,자체,NVR_CMP_03_재구매,재구매,VIP,VID_적립혜택_봄_B_v1,4754,209,44732,16,9,950420,196,14,7,749208,VID,적립혜택,봄,B,v1,False,False,16.748815165876405,3195.142856914633,0.04396297854437443,0.06698564593269385,214.02870813294723,9409.339503573956
2025-03-29,naver,자체,NVR_CMP_03_재구매,재구매,VIP,CRS_신상품_봄_v1,3050,125,22215,10,6,644894,112,7,4,486041,CRS,신상품,봄,N,v1,False,False,21.878955660588705,3173.5714281180612,0.04098360655736361,0.055999999999552,177.71999999857823,7283.606557374661
2025-03-29,naver,자체,NVR_CMP_03_재구매,재구매,윈백,IMG_배송혜택_봄_A_v1,7876,545,60951,39,21,2087122,532,33,17,1705829,IMG,배송혜택,봄,A,v1,False,False,27.986891109251236,1846.9999999440306,0.0691975622143132,0.06055045871548523,111.83669724750122,7738.826815641475
2025-03-29,naver,자체,NVR_CMP_03_재구매,재구매,윈백,VID_적립혜택_봄_B_v1,5333,390,50474,35,24,1998976,354,24,19,1818101,VID,적립혜택,봄,B,v1,False,False,36.020545231207436,2103.083333245705,0.07312957059814866,0.06153846153830375,129.420512820181,9464.466529156298
2025-03-29,naver,자체,NVR_CMP_03_재구매,재구매,윈백,CRS_신상품_봄_v1,8451,619,62730,58,29,3166639,541,50,21,2289466,CRS,신상품,봄,N,v1,False,False,36.49714650087619,1254.599999974908,0.07324576973138407,0.08077544426481297,101.34087237463434,7422.790202342039
2025-03-30,google,외부,GGL_CMP_01_플러스가입,플러스가입,논타겟,VID_플러스멤버십_봄_A_v1,43428,1480,254676,143,49,2616988,1398,113,43,2396333,VID,플러스멤버십,봄,A,v1,False,False,9.409339710062945,2253.76991148448,0.03407939578152266,0.07635135135129976,172.0783783782621,5864.327162199368
2025-03-30,google,외부,GGL_CMP_01_플러스가입,플러스가입,논타겟,IMG_플러스멤버십_봄_B_v1,50771,1214,264684,134,35,2072012,1080,107,24,1617727,IMG,플러스멤버십,봄,B,v1,False,False,6.1119183630290985,2473.682242967536,0.023911287939965258,0.08813838550239857,218.02635914314826,5213.291051978389
2025-03-30,google,외부,GGL_CMP_01_플러스가입,플러스가입,논타겟,CRS_플러스멤버십_봄_v1,48759,1451,238162,191,61,3277343,1382,165,47,2954233,CRS,플러스멤버십,봄,N,v1,False,False,12.40430043415821,1443.4060605973127,0.029758608667117256,0.11371467953127931,164.1364576153245,4884.472610184686
2025-03-30,google,외부,GGL_CMP_01_플러스가입,플러스가입,논타겟,IMG_적립혜택_봄_v2,35929,1179,163230,121,30,1485574,1020,93,21,1373119,IMG,적립혜택,봄,N,v2,False,False,8.412173007412802,1755.1612903037078,0.03281471791588876,0.07888040712461503,138.4478371500098,4543.1267221463295
2025-03-30,google,외부,GGL_CMP_01_플러스가입,플러스가입,유사타겟,VID_플러스멤버십_봄_A_v1,47593,1558,263298,139,42,2994215,1404,117,31,2669560,VID,플러스멤버십,봄,A,v1,False,False,10.138930033650047,2250.410256391022,0.03273590654087717,0.07509627727851406,168.99743260579655,5532.284159435095
2025-03-30,google,외부,GGL_CMP_01_플러스가입,플러스가입,유사타겟,IMG_플러스멤버십_봄_B_v1,37808,1089,193572,120,23,1599345,1056,108,16,1225058,IMG,플러스멤버십,봄,B,v1,False,False,6.328694232636919,1792.3333333167375,0.02880342784595777,0.0991735537189172,177.75206611553926,5119.868810833551
2025-03-30,google,외부,GGL_CMP_01_플러스가입,플러스가입,유사타겟,CRS_플러스멤버십_봄_v1,47287,1029,267295,112,26,1327245,893,78,18,1226188,CRS,플러스멤버십,봄,N,v1,False,False,4.587395948296809,3426.85897431504,0.021760737623447848,0.07580174927106337,259.7619047616523,5652.610654090857
2025-03-30,google,외부,GGL_CMP_01_플러스가입,플러스가입,유사타겟,IMG_적립혜택_봄_v2,32040,665,159695,70,23,1412940,637,52,18,1085517,IMG,적립혜택,봄,N,v2,False,False,6.797438867841781,3071.057692248634,0.02075530586766477,0.07819548872168693,240.14285714249604,4984.238451934925
2025-03-30,google,외부,GGL_CMP_02_리타겟팅,리타겟팅,리마케팅,VID_할인쿠폰_봄_A_v1,23213,590,105716,50,21,1047587,515,44,14,771307,VID,할인쿠폰,봄,A,v1,False,False,7.296028983313715,2402.6363635817584,0.025416792314650178,0.07457627118631428,179.17966101664547,4554.1722310772175
2025-03-30,google,외부,GGL_CMP_02_리타겟팅,리타겟팅,리마케팅,IMG_할인쿠폰_봄_B_v1,29057,806,165588,68,21,1373966,722,58,15,1271711,IMG,할인쿠폰,봄,B,v1,False,False,7.679970770828758,2854.965517192156,0.027738582785558463,0.0719602977666601,205.44416873423643,5698.730082251929
2025-03-30,google,외부,GGL_CMP_02_리타겟팅,리타겟팅,리마케팅,CRS_특가_봄_v1,20149,558,115578,55,18,1281677,522,49,14,1164444,CRS,특가,봄,N,v1,False,False,10.074962363079392,2358.7346938294136,0.027693682068587636,0.08781362007152722,207.12903225769332,5736.165566529072
2025-03-30,google,외부,GGL_CMP_03_첫구매,첫구매,논타겟,VID_적립혜택_봄_A_v1,42660,762,263279,75,32,2332869,667,53,25,1943476,VID,적립혜택,봄,A,v1,False,False,7.381811690260115,4967.528301793066,0.01786216596343137,0.06955380577418693,345.5104986872106,6171.565869666991
2025-03-30,google,외부,GGL_CMP_03_첫구매,첫구매,논타겟,IMG_적립혜택_봄_B_v1,34132,1108,172262,99,37,2488878,949,90,29,1954386,IMG,적립혜택,봄,B,v1,False,False,11.345427314207363,1914.0222222009552,0.03246220555490354,0.08122743682303138,155.4711191334337,5046.935427164976
2025-03-30,google,외부,GGL_CMP_03_첫구매,첫구매,논타겟,CRS_할인쿠폰_봄_v1,38756,1248,202695,99,40,2458029,1171,69,35,2096930,CRS,할인쿠폰,봄,N,v1,False,False,10.345247786082487,2937.6086956095996,0.032201465579522345,0.05528846153841724,162.41586538448524,5230.028898751027
2025-03-30,google,외부,GGL_CMP_03_첫구매,첫구매,유사타겟,VID_적립혜택_봄_A_v1,34081,805,161861,80,28,1972473,739,61,20,1746224,VID,적립혜택,봄,A,v1,False,False,10.788417222184401,2653.4590163499433,0.023620198937823904,0.07577639751543382,201.06956521714153,4749.3031307765405
2025-03-30,google,외부,GGL_CMP_03_첫구매,첫구매,유사타겟,IMG_적립혜택_봄_B_v1,39447,1028,242365,85,34,2520109,901,76,24,2051531,IMG,적립혜택,봄,B,v1,False,False,8.464633919914144,3189.013157852776,0.02606028341825675,0.07392996108942225,235.76361867681345,6144.066722437546
2025-03-30,google,외부,GGL_CMP_03_첫구매,첫구매,유사타겟,CRS_할인쿠폰_봄_v1,49036,1216,283939,96,44,2679129,1119,82,36,2195415,CRS,할인쿠폰,봄,N,v1,False,False,7.731995252501391,3462.670731665089,0.0247981075128472,0.06743421052626034,233.50246710507113,5790.419283791382
2025-03-30,meta,외부,META_CMP_01_신규유저,신규유저,논타겟,VID_플러스멤버십_봄_A_v1,23086,414,95702,23,5,209869,386,20,4,169448,VID,플러스멤버십,봄,A,v1,False,False,1.7705795072203112,4785.099999760745,0.01793294637442528,0.04830917874384467,231.1642512071711,4145.456120592387
2025-03-30,meta,외부,META_CMP_01_신규유저,신규유저,논타겟,IMG_적립혜택_봄_B_v1,24041,355,118636,21,5,226442,326,19,4,181862,IMG,적립혜택,봄,B,v1,False,False,1.5329410971374495,6243.999999671369,0.014766440663865281,0.05352112676041262,334.18591549201636,4934.736491826258
2025-03-30,meta,외부,META_CMP_01_신규유저,신규유저,논타겟,CRS_플러스멤버십_봄_v1,31540,525,146126,42,10,582706,510,35,7,538473,CRS,플러스멤버십,봄,N,v1,False,False,3.6849910351340376,4175.028571309285,0.016645529486365992,0.06666666666653968,278.33523809470796,4633.037412808984
2025-03-30,meta,외부,META_CMP_02_룩얼라이크,룩얼라이크,유사타겟,VID_플러스멤버십_봄_A_v1,33466,777,162456,68,18,1035207,726,61,13,858424,VID,플러스멤버십,봄,A,v1,False,False,5.284039986211619,2663.213114710439,0.023217593975974924,0.07850707850697747,209.081081080812,4854.3596485984335
2025-03-30,meta,외부,META_CMP_02_룩얼라이크,룩얼라이크,유사타겟,IMG_할인쿠폰_봄_B_v1,30124,609,122325,35,9,404583,584,32,6,347015,IMG,할인쿠폰,봄,B,v1,False,False,2.836828121806639,3822.6562498805424,0.020216438719956837,0.052545155993345576,200.86206896518743,4060.715708405123
2025-03-30,meta,외부,META_CMP_02_룩얼라이크,룩얼라이크,유사타겟,CRS_특가_봄_v1,38470,710,164447,42,10,429747,646,34,8,367663,CRS,특가,봄,N,v1,False,False,2.235753768691419,4836.67647044598,0.018455939693267004,0.047887323943594524,231.61549295742026,4274.681570054478
2025-03-30,meta,외부,META_CMP_03_재구매,재구매,VIP,IMG_배송혜택_봄_A_v1,11094,213,55272,12,7,524881,197,10,4,452145,IMG,배송혜택,봄,A,v1,False,False,8.180362570559991,5527.19999944728,0.019199567333692158,0.04694835680729133,259.4929577452606,4982.152514872455
2025-03-30,meta,외부,META_CMP_03_재구매,재구매,VIP,VID_적립혜택_봄_B_v1,7509,221,25581,11,4,317772,193,7,2,267496,VID,적립혜택,봄,B,v1,False,False,10.45682342363432,3654.4285709065102,0.029431349047805373,0.03167420814465306,115.7511312211957,3406.711945664748
2025-03-30,meta,외부,META_CMP_03_재구매,재구매,VIP,CRS_신상품_봄_v1,8677,168,42685,7,4,300674,157,5,2,216792,CRS,신상품,봄,N,v1,False,False,5.0788801686774026,8536.9999982926,0.019361530482883558,0.02976190476172761,254.07738095086862,4919.326956320742
2025-03-30,meta,외부,META_CMP_03_재구매,재구매,윈백,IMG_배송혜택_봄_A_v1,16253,284,67854,12,4,294981,257,8,3,223718,IMG,배송혜택,봄,A,v1,False,False,3.2970495475579433,8481.749998939782,0.01747369716359949,0.02816901408440786,238.92253521042633,4174.860025841126
2025-03-30,meta,외부,META_CMP_03_재구매,재구매,윈백,VID_적립혜택_봄_B_v1,14310,238,68472,11,6,414590,221,8,4,358514,VID,적립혜택,봄,B,v1,False,False,5.23592125248269,8558.999998930125,0.016631726065687167,0.03361344537801003,287.6974789903878,4784.905660377024
2025-03-30,meta,외부,META_CMP_03_재구매,재구매,윈백,CRS_신상품_봄_v1,11098,182,39251,10,6,473493,177,7,4,436319,CRS,신상품,봄,N,v1,False,False,11.116124429950547,5607.285713484674,0.01639935123445518,0.03846153846132714,215.6648351636502,3536.7633807890124
2025-03-30,naver,자체,NVR_CMP_01_브랜드KW,브랜드KW,논타겟,TXT_플러스멤버십_봄_A_v1,5585,870,52526,252,134,8486192,764,224,117,6967176,TXT,플러스멤버십,봄,A,v1,False,False,132.64242470395362,234.49107142752462,0.1557743957027474,0.25747126436752016,60.37471264360877,9404.834377795987
2025-03-30,naver,자체,NVR_CMP_02_일반KW,일반KW,논타겟,TXT_할인쿠폰_봄_A_v1,8728,525,63810,81,29,1542026,477,67,25,1333682,TXT,할인쿠폰,봄,A,v1,False,False,20.90083059081616,952.3880596872777,0.0601512373968767,0.12761904761880455,121.54285714262564,7310.953253894671
2025-03-30,naver,자체,NVR_CMP_02_일반KW,일반KW,논타겟,TXT_플러스멤버십_봄_B_v1,9178,579,62869,115,55,4166621,496,96,45,3641139,TXT,플러스멤버십,봄,B,v1,False,False,57.91628624600268,654.885416659845,0.06308563957288482,0.1658031088080038,108.58203799635824,6849.967313139371
2025-03-30,naver,자체,NVR_CMP_03_재구매,재구매,VIP,IMG_배송혜택_봄_A_v1,4097,291,33370,31,18,1807225,271,22,13,1344184,IMG,배송혜택,봄,A,v1,False,False,40.281210668263704,1516.8181817492355,0.07102758115692676,0.07560137457018694,114.67353951850627,8144.984134730743
2025-03-30,naver,자체,NVR_CMP_03_재구매,재구매,VIP,VID_적립혜택_봄_B_v1,4453,184,33838,18,14,1080281,173,14,9,944776,VID,적립혜택,봄,B,v1,False,False,27.920562681008693,2416.999999827357,0.04132045811811333,0.07608695652132562,183.90217391204402,7598.922075003907
2025-03-30,naver,자체,NVR_CMP_03_재구매,재구매,VIP,CRS_신상품_봄_v1,3686,242,28124,21,16,1140851,210,15,11,933373,CRS,신상품,봄,N,v1,False,False,33.187775565352254,1874.9333332083377,0.06565382528484383,0.06198347107412404,116.21487603257764,7629.951166574165
2025-03-30,naver,자체,NVR_CMP_03_재구매,재구매,윈백,IMG_배송혜택_봄_A_v1,6127,313,49587,37,21,2269875,286,26,17,1674084,IMG,배송혜택,봄,A,v1,False,False,33.760542077559975,1907.1923076189541,0.05108535988247901,0.0830670926514918,158.42492012728937,8093.1940590814265
2025-03-30,naver,자체,NVR_CMP_03_재구매,재구매,윈백,VID_적립혜택_봄_B_v1,6531,292,58585,36,24,2530396,268,31,21,1825636,VID,적립혜택,봄,B,v1,False,False,31.16217461807577,1889.8387096164568,0.04470984535292532,0.10616438356128026,200.6335616431485,8970.2955137025
2025-03-30,naver,자체,NVR_CMP_03_재구매,재구매,윈백,CRS_신상품_봄_v1,6020,316,48299,37,29,2557865,278,26,20,2171899,CRS,신상품,봄,N,v1,False,False,44.96778401209042,1857.6538460823979,0.052491694352150745,0.08227848101239786,152.84493670837708,8023.089700995344
2025-03-31,google,외부,GGL_CMP_01_플러스가입,플러스가입,논타겟,VID_플러스멤버십_봄_A_v1,48362,1316,298646,194,43,2905556,1167,164,32,2212438,VID,플러스멤버십,봄,A,v1,False,False,7.408229140855704,1821.0121951108476,0.027211447003845434,0.12462006079017886,226.93465045575462,6175.220214217647
2025-03-31,google,외부,GGL_CMP_01_플러스가입,플러스가입,논타겟,IMG_플러스멤버십_봄_B_v1,58575,1399,267300,179,34,1797399,1247,146,26,1355960,IMG,플러스멤버십,봄,B,v1,False,False,5.072802095024299,1830.8219177956794,0.023883909517711927,0.10436025732658731,191.06504646162182,4563.3802816900625
2025-03-31,google,외부,GGL_CMP_01_플러스가입,플러스가입,논타겟,CRS_플러스멤버십_봄_v1,48110,1663,258951,163,43,2188220,1511,131,36,1832454,CRS,플러스멤버십,봄,N,v1,False,False,7.0764507570930135,1976.7251908246053,0.03456661816670059,0.07877330126273074,155.7131689716442,5382.477655372992
2025-03-31,google,외부,GGL_CMP_01_플러스가입,플러스가입,논타겟,IMG_적립혜택_봄_v2,62460,2229,364198,244,72,4812940,1993,198,54,4190896,IMG,적립혜택,봄,N,v2,False,False,11.507191143279174,1839.3838383745488,0.03568683957732892,0.08882907133239622,163.39075818745474,5830.899775856456
2025-03-31,google,외부,GGL_CMP_01_플러스가입,플러스가입,유사타겟,VID_플러스멤버십_봄_A_v1,38756,1064,184460,99,28,1988063,937,85,22,1667167,VID,플러스멤버십,봄,A,v1,False,False,9.038094979941402,2170.1176470332925,0.027453813603054305,0.0798872180450377,173.3646616539724,4759.521106409208
2025-03-31,google,외부,GGL_CMP_01_플러스가입,플러스가입,유사타겟,IMG_플러스멤버십_봄_B_v1,42387,1298,271154,118,29,1347767,1129,104,21,1091296,IMG,플러스멤버십,봄,B,v1,False,False,4.024635447015335,2607.2499999749302,0.030622596550828544,0.0801232665638828,208.90138674868345,6397.102885318462
2025-03-31,google,외부,GGL_CMP_01_플러스가입,플러스가입,유사타겟,CRS_플러스멤버십_봄_v1,44949,1149,200844,165,47,2538310,1003,117,35,1862840,CRS,플러스멤버십,봄,N,v1,False,False,9.275059249965102,1716.6153846007126,0.025562303944469834,0.10182767624012025,174.79895561342488,4468.264032570147
2025-03-31,google,외부,GGL_CMP_01_플러스가입,플러스가입,유사타겟,IMG_적립혜택_봄_v2,53979,1674,269947,248,79,5038060,1523,210,58,3999439,IMG,적립혜택,봄,N,v2,False,False,14.815645293335304,1285.4619047557835,0.031012060245650515,0.12544802867376018,161.2586618875978,5000.963337594158
2025-03-31,google,외부,GGL_CMP_02_리타겟팅,리타겟팅,리마케팅,VID_할인쿠폰_봄_A_v1,39177,1321,209926,143,60,2962150,1235,105,53,2626138,VID,할인쿠폰,봄,A,v1,False,False,12.509827272467382,1999.2952380761972,0.03371876356025133,0.0794852384556552,158.91445874325592,5358.399060673218
2025-03-31,google,외부,GGL_CMP_02_리타겟팅,리타겟팅,리마케팅,IMG_할인쿠폰_봄_B_v1,39523,1340,231310,103,50,2946659,1152,77,44,2444121,IMG,할인쿠폰,봄,B,v1,False,False,10.566430331589597,3004.0259739869607,0.033904308883434105,0.0574626865671213,172.61940298494582,5852.541558079958
2025-03-31,google,외부,GGL_CMP_02_리타겟팅,리타겟팅,리마케팅,CRS_특가_봄_v1,34535,1508,159536,187,101,6724177,1347,147,86,5409227,CRS,특가,봄,N,v1,False,False,33.905996138802315,1085.2789115572432,0.04366584624294068,0.09748010610073111,105.79310344820571,4619.545388735932
2025-03-31,google,외부,GGL_CMP_03_첫구매,첫구매,논타겟,VID_적립혜택_봄_A_v1,52986,1644,301270,133,44,2660809,1403,107,35,2357293,VID,적립혜택,봄,A,v1,False,False,7.824519533972823,2815.6074766091997,0.031027063752688808,0.06508515815081199,183.2542579074311,5685.841543049
2025-03-31,google,외부,GGL_CMP_03_첫구매,첫구매,논타겟,IMG_적립혜택_봄_B_v1,53345,1178,243532,131,62,3876098,1123,95,44,2958174,IMG,적립혜택,봄,B,v1,False,False,12.146962206198726,2563.494736815121,0.022082669416064824,0.08064516129025412,206.73344651934912,4565.226356734379
2025-03-31,google,외부,GGL_CMP_03_첫구매,첫구매,논타겟,CRS_할인쿠폰_봄_v1,38638,1084,199759,81,30,2245132,983,68,22,1705885,CRS,할인쿠폰,봄,N,v1,False,False,8.539715357005148,2937.632352897976,0.028055282364510898,0.06273062730621519,184.27952029503297,5170.013975878535
2025-03-31,google,외부,GGL_CMP_03_첫구매,첫구매,유사타겟,VID_적립혜택_봄_A_v1,43409,1161,224741,110,47,3031334,1065,90,40,2412213,VID,적립혜택,봄,A,v1,False,False,10.733301889730798,2497.1222221944763,0.026745605749959073,0.07751937984489447,193.57536606357144,5177.290423644747
2025-03-31,google,외부,GGL_CMP_03_첫구매,첫구매,유사타겟,IMG_적립혜택_봄_B_v1,55067,1107,297851,79,32,2468022,971,67,26,2239155,IMG,적립혜택,봄,B,v1,False,False,7.51770180392207,4445.537313366484,0.02010278388145314,0.06052393857266439,269.0614272806964,5408.883723464045
2025-03-31,google,외부,GGL_CMP_03_첫구매,첫구매,유사타겟,CRS_할인쿠폰_봄_v1,59191,1180,377787,76,35,1950935,1080,64,25,1653124,CRS,할인쿠폰,봄,N,v1,False,False,4.375809649352666,5902.921874907766,0.019935463161628968,0.054237288135547256,320.1584745759999,6382.507475798578
2025-03-31,meta,외부,META_CMP_01_신규유저,신규유저,논타겟,VID_플러스멤버십_봄_A_v1,42718,802,164071,48,8,374816,742,36,6,300793,VID,플러스멤버십,봄,A,v1,False,False,1.8333099694644281,4557.52777765118,0.01877428718572923,0.04488778054857246,204.577306732912,3840.7931082914974
2025-03-31,meta,외부,META_CMP_01_신규유저,신규유저,논타겟,IMG_적립혜택_봄_B_v1,46461,585,174822,30,7,321802,531,22,6,263683,IMG,적립혜택,봄,B,v1,False,False,1.5082941506217669,7946.454545093343,0.012591205527216105,0.03760683760677332,298.84102564051483,3762.7687738102118
2025-03-31,meta,외부,META_CMP_01_신규유저,신규유저,논타겟,CRS_플러스멤버십_봄_v1,37803,789,141355,46,9,328930,710,33,7,265220,CRS,플러스멤버십,봄,N,v1,False,False,1.8762689682006164,4283.484848355047,0.020871359415918823,0.04182509505698121,179.15716096301756,3739.253498399499
2025-03-31,meta,외부,META_CMP_02_룩얼라이크,룩얼라이크,유사타겟,VID_플러스멤버십_봄_A_v1,34299,532,118650,35,10,406047,479,26,8,376340,VID,플러스멤버십,봄,A,v1,False,False,3.171849978929598,4563.461538286021,0.015510656287354865,0.04887218045103595,223.02631578905448,3459.284527245592
2025-03-31,meta,외부,META_CMP_02_룩얼라이크,룩얼라이크,유사타겟,IMG_할인쿠폰_봄_B_v1,33861,746,125820,46,14,724619,651,34,10,526618,IMG,할인쿠폰,봄,B,v1,False,False,4.185487203942106,3700.588235185277,0.022031245385546145,0.04557640750664132,168.6595174260474,3715.7792150260266
2025-03-31,meta,외부,META_CMP_02_룩얼라이크,룩얼라이크,유사타겟,CRS_특가_봄_v1,36353,600,170956,35,10,540577,533,26,7,405936,CRS,특가,봄,N,v1,False,False,2.374505720770243,6575.230768977875,0.01650482766209071,0.043333333333261115,284.9266666661918,4702.665529667299
2025-03-31,meta,외부,META_CMP_03_재구매,재구매,VIP,IMG_배송혜택_봄_A_v1,9405,215,35790,12,5,364161,196,9,4,268394,IMG,배송혜택,봄,A,v1,False,False,7.499133836266905,3976.666666224815,0.022860180754915166,0.04186046511608437,166.4651162782955,3805.422647527506
2025-03-31,meta,외부,META_CMP_03_재구매,재구매,VIP,VID_적립혜택_봄_B_v1,13009,344,47636,20,8,493956,297,15,5,367187,VID,적립혜택,봄,B,v1,False,False,7.708182886892105,3175.7333331216178,0.02644323160888412,0.04360465116266394,138.47674418564398,3661.7726189558257
2025-03-31,meta,외부,META_CMP_03_재구매,재구매,VIP,CRS_신상품_봄_v1,16218,358,74993,21,8,497730,322,15,6,410743,CRS,신상품,봄,N,v1,False,False,5.477084527889196,4999.533333000031,0.022074238500430256,0.04189944134066509,209.4776536306998,4624.059686767503
2025-03-31,meta,외부,META_CMP_03_재구매,재구매,윈백,IMG_배송혜택_봄_A_v1,20271,404,92918,20,10,746515,371,16,8,626836,IMG,배송혜택,봄,A,v1,False,False,6.746120235045882,5807.374999637039,0.019929949188494896,0.03960396039594158,229.9950495043812,4583.789650239032
2025-03-31,meta,외부,META_CMP_03_재구매,재구매,윈백,VID_적립혜택_봄_B_v1,16190,319,54456,17,10,625326,311,14,8,479156,VID,적립혜택,봄,B,v1,False,False,8.798956956074468,3889.714285436449,0.019703520691783834,0.04388714733528562,170.70846394930814,3363.5577516983717
2025-03-31,meta,외부,META_CMP_03_재구매,재구매,윈백,CRS_신상품_봄_v1,18202,523,66584,32,13,847219,476,28,9,667692,CRS,신상품,봄,N,v1,False,False,10.027814489967408,2377.9999999150714,0.028733106252058632,0.05353728489473511,127.31166347968009,3658.0595538949756
2025-03-31,naver,자체,NVR_CMP_01_브랜드KW,브랜드KW,논타겟,TXT_플러스멤버십_봄_A_v1,7361,741,64170,134,59,5190082,716,100,46,4434354,TXT,플러스멤버십,봄,A,v1,False,False,69.10322580645054,641.699999993583,0.10066567042520029,0.1349527665315318,86.59919028328395,8717.565548158032
2025-03-31,naver,자체,NVR_CMP_02_일반KW,일반KW,논타겟,TXT_할인쿠폰_봄_A_v1,15063,1135,104501,145,40,2998282,975,110,30,2426846,TXT,할인쿠폰,봄,A,v1,False,False,23.22318446713406,950.0090909004545,0.07535019584411635,0.09691629955938598,92.0713656386854,6937.595432516302
2025-03-31,naver,자체,NVR_CMP_02_일반KW,일반KW,논타겟,TXT_플러스멤버십_봄_B_v1,14387,1228,97336,137,62,4218661,1109,118,54,3575309,TXT,플러스멤버십,봄,B,v1,False,False,36.73162036656492,824.8813559252128,0.08535483422533639,0.09609120521164813,79.26384364814392,6765.552234655816
2025-03-31,naver,자체,NVR_CMP_03_재구매,재구매,VIP,IMG_배송혜택_봄_A_v1,6634,305,60678,21,18,1716859,287,14,13,1389274,IMG,배송혜택,봄,A,v1,False,False,22.895843633606532,4334.142856833276,0.04597527886643865,0.0459016393441118,198.9442622944297,9146.517937894308
2025-03-31,naver,자체,NVR_CMP_03_재구매,재구매,VIP,VID_적립혜택_봄_B_v1,6532,328,43551,33,17,1844789,292,24,15,1359781,VID,적립혜택,봄,B,v1,False,False,31.2227273770974,1814.6249999243905,0.05021432945498312,0.073170731707094,132.77743902398544,6667.330067359664
2025-03-31,naver,자체,NVR_CMP_03_재구매,재구매,VIP,CRS_신상품_봄_v1,3922,285,34658,22,19,1455466,276,18,14,1352064,CRS,신상품,봄,N,v1,False,False,39.011599053608435,1925.4444443374753,0.07266700662925225,0.0631578947366205,121.60701754343296,8836.817950023244
2025-03-31,naver,자체,NVR_CMP_03_재구매,재구매,윈백,IMG_배송혜택_봄_A_v1,10944,817,92415,60,33,3085222,788,45,27,2576404,IMG,배송혜택,봄,A,v1,False,False,27.878634420818827,2053.66666662103,0.07465277777777095,0.055079559363457674,113.11505507942091,8444.353070174668
2025-03-31,naver,자체,NVR_CMP_03_재구매,재구매,윈백,VID_적립혜택_봄_B_v1,7061,298,55631,26,16,1530812,277,23,12,1186174,VID,적립혜택,봄,B,v1,False,False,21.32217648433389,2418.73913032962,0.04220365387338306,0.07718120805343227,186.68120805306484,7878.629089362997
2025-03-31,naver,자체,NVR_CMP_03_재구매,재구매,윈백,CRS_신상품_봄_v1,6475,279,42838,20,16,1205766,251,16,11,991803,CRS,신상품,봄,N,v1,False,False,23.152411410429455,2677.374999832664,0.04308880308879643,0.05734767025069051,153.5412186374425,6615.907335906313
